create table route
(
    id            varchar(36)  not null
        primary key,
    end_station   varchar(255) null,
    start_station varchar(255) null
)
        engine = InnoDB;
INSERT INTO route (id, end_station, start_station) VALUES
                                                       ('dea94bc0-0509-4ab1-8f3e-8e6186bc48cc', 'felixshire', 'ernestcester'),
                                                       ('a10a47f5-ee28-4a74-8a72-408ee84fd7ad', 'southkasey', 'portgiovanna'),
                                                       ('067c193b-b944-4589-9ab2-2ac5bd2da586', 'waelchiville', 'elpaso'),
                                                       ('836903e3-3097-46f1-9630-3be81f6ca6c8', 'sincerefort', 'sanjacinto'),
                                                       ('2b079ca4-8abf-4824-a887-19c8c49090eb', 'gutmannton', 'rhiannonfurt'),
                                                       ('4bbf0905-9728-429b-bf6f-5763e8ec3be3', 'newrochelle', 'jakeville'),
                                                       ('85dbe566-8a48-47df-8bf3-1bd285c78ed0', 'cary', 'lednerboro'),
                                                       ('4bcaa940-f27a-417d-a8fb-8a9e0f10b10c', 'o''keefefield', 'southpattiemouth'),
                                                       ('e2457abb-e4db-4a47-9e61-38814403fd91', 'southemely', 'andresberg'),
                                                       ('98aa483c-1fe5-4af2-989a-8b2824a0461e', 'newraleighberg', 'ashburn'),
                                                       ('f94f36ff-d80f-4041-9ca7-4962b4b3cfcc', 'lakealexie', 'hughstad'),
                                                       ('b86eb425-6d02-49ee-9698-eeb90a77f8f3', 'fortanjali', 'northgrady'),
                                                       ('2cea34b8-7b38-4e7f-bd8a-da32a9730543', 'newbillieview', 'westrichard'),
                                                       ('085e0999-70da-4c19-9aaf-b58907170be3', 'kraigport', 'newshayna'),
                                                       ('abab8358-b919-434e-808d-e3e6dd2f20a0', 'northkeelyside', 'deckowstead'),
                                                       ('dadb81c0-5231-4dbd-9bc1-ee1a4c8be11a', 'dorianstead', 'southkyler'),
                                                       ('bc77d228-8c28-4e24-bb3e-dfebb3f91535', 'westludieview', 'northconradfurt'),
                                                       ('7161bf8d-8352-4276-95e3-731efdc041b0', 'newjulie', 'westhaven'),
                                                       ('d7ad09da-67dd-40e3-b589-5d6158ddc68b', 'schenectady', 'southgate'),
                                                       ('23b7c90f-1df7-448e-a3ed-4229fcf3d1e4', 'westberneicestad', 'lakeerneststead'),
                                                       ('57a7d7fe-2494-4424-9454-c7333f9620f2', 'portkarleyborough', 'northsydni'),
                                                       ('c7a0c223-a039-4603-bbf8-69f6f168cbf0', 'larkinhaven', 'feestport'),
                                                       ('e40eb76e-7008-4825-8514-d5d98dcf5843', 'decatur', 'lakecamron'),
                                                       ('9778af50-001c-43f5-9d0a-999a5411fc16', 'rodriguezstad', 'portjanet'),
                                                       ('3e9e877d-8dcf-49af-86f2-c1b03ce3e520', 'barnstabletown', 'bertfield'),
                                                       ('884e494b-bb94-4374-872b-604380380856', 'melbourne', 'carterburgh'),
                                                       ('913ec856-de47-448f-9720-ac7563a5786e', 'utica', 'keeblertown'),
                                                       ('7f1d8244-37a3-43ff-bfaf-878f5508835b', 'fortjaylenstad', 'lemkeborough'),
                                                       ('bfab7d5c-6bdc-4fa0-96d7-11311add80a9', 'portnatalie', 'vilmaview'),
                                                       ('b84fd601-2fb0-489e-bc6a-1d1c24ae0891', 'bozeman', 'newmeaghanport'),
                                                       ('f04405b4-d5cf-4ae7-bf37-a7b75a4c867b', 'heavenport', 'cierrafort'),
                                                       ('1592eef1-708f-4967-b5b0-241b5fb81232', 'eastbertfort', 'doral'),
                                                       ('89c7d000-9af8-4b38-839c-d10c4cc5da17', 'northwarren', 'paulafield'),
                                                       ('2c1d5e02-f95c-4544-b0d9-2177588b0cdd', 'jaydonfurt', 'fortkristy'),
                                                       ('5d49d6d2-4f93-4ac2-ad2d-4d79853df875', 'langoshshire', 'lakealyce'),
                                                       ('4c229a11-7808-48be-b3ec-8cbfa5acf333', 'newark', 'newmalvinaboro'),
                                                       ('0c7059ba-ac3a-43f7-8c41-271374818831', 'naperville', 'handworth'),
                                                       ('33a1b5ce-d422-4a45-bc61-26acc91f6294', 'rogahnborough', 'ardellaton'),
                                                       ('3c13cb74-3582-4a5d-8c69-f28c15af4fda', 'eastedythe', 'denesikberg'),
                                                       ('e30aef70-aa7a-4334-b82f-4fa0675a74da', 'hackettside', 'dedrickboro'),
                                                       ('c703675e-4cf9-44ed-91ab-2b4263dfc18e', 'eastvidal', 'stiedemannside'),
                                                       ('d480cde5-6ea8-45cb-94a3-f9b8417c2c25', 'portfeliciaworth', 'eastmaiyaburgh'),
                                                       ('85e9ed1a-ca55-4c6d-8b3b-a910bb6e6ddb', 'northtomfurt', 'arielleville'),
                                                       ('3a8dbe55-d67f-405a-9332-f14c11e9dda0', 'portgennaroport', 'fortcatharine'),
                                                       ('b925dfdd-dfe1-4239-8121-97f4491f33d3', 'schillerberg', 'grandprairie'),
                                                       ('bff5560f-8c75-4e72-a804-f836e29443c3', 'fortraheem', 'northleila'),
                                                       ('3ef48169-6d9d-400c-9f95-e55026aeb6bc', 'robbiefort', 'flint'),
                                                       ('2a74576d-cc97-42f9-9d03-8f8b31a0606f', 'harveyfort', 'lindgrenton'),
                                                       ('9565a313-7795-4e48-a9bd-5d7aef69eb52', 'northgodfrey', 'lakenicolasburgh'),
                                                       ('893d9839-85e1-4496-a8ad-fd96dc9e958a', 'newmurray', 'huntington'),
                                                       ('2a27c071-2c7f-4c6d-a469-f4292f430e3f', 'morganhill', 'kayliborough'),
                                                       ('f4757272-d2b5-4cbc-95bb-403dd8cd2511', 'fortcortezfurt', 'treverland'),
                                                       ('19af9470-e49a-4c55-90c8-a3a92a66ce83', 'kadenfield', 'swaniawskifurt'),
                                                       ('de4f4cab-648b-4e52-bd64-ee4a813ee206', 'harrisbury', 'brantfort'),
                                                       ('c174179c-0cd4-42e5-8d1a-36be36b47f47', 'hallieburgh', 'jaredside'),
                                                       ('bf92cfb8-fc30-443d-96be-15234ab34ae3', 'lowell', 'rochester'),
                                                       ('c0cabd85-88b1-4f0b-850b-c9327a55c437', 'chrisfield', 'rickeyland'),
                                                       ('c8e2d152-2dc3-4452-9021-d6a33fbab031', 'roeltown', 'volkmanworth'),
                                                       ('a416c504-951c-43a7-accb-e99622ab8e5b', 'hamillport', 'gulgowskihaven'),
                                                       ('2981e348-525a-4e8b-aecc-54bebabe0e4b', 'bertport', 'beahanstad'),
                                                       ('64c43c55-7e4e-4bc4-a4d8-61c2c7a2f18d', 'caylaside', 'nashport'),
                                                       ('4899ccc1-233d-420f-959d-f855d1f7d6aa', 'westlola', 'westnakiachester'),
                                                       ('28a6f419-522d-41d7-9b85-42fa0ab80c84', 'kansascity', 'fortcharlie'),
                                                       ('70874e02-3cc0-44a0-8bb6-f2771efb2c3f', 'spokanevalley', 'franzton'),
                                                       ('0c70bff3-aab5-4a44-8b43-de24e3d78ecf', 'portelijah', 'thewoodlands'),
                                                       ('a9e7df45-c319-40c9-a121-983669cb43c7', 'southalenehaven', 'wardview'),
                                                       ('e8b1f0b5-1a86-4ef4-a8bd-b83a9d2707cc', 'kamilleboro', 'ullrichworth'),
                                                       ('b8daeb47-9e14-4d48-98bf-9a8600e4b445', 'dianachester', 'lakinberg'),
                                                       ('945a7370-7504-488d-984e-15879817f573', 'michaelchester', 'eastdaltonview'),
                                                       ('d2b0f97f-29a8-42cb-bffd-1ea4b230f36d', 'ranchopalosverdes', 'hettingerhaven'),
                                                       ('a7edb210-239f-43fe-a606-2a50acd34116', 'thornton', 'greenfeldershire'),
                                                       ('b3b2a8c8-cee3-46dd-aedc-694d4d9c2590', 'fortdamon', 'newbritain'),
                                                       ('15764ead-30a6-430e-9317-d19d5f7bf503', 'southdoyle', 'lakefelicityberg'),
                                                       ('c909f9d0-19e2-4fe3-bee6-ec77f89dcd23', 'lakerosalind', 'laredo'),
                                                       ('2a8059b5-297f-478d-9d6d-b28478e214d2', 'westkittyport', 'harrisonbury'),
                                                       ('e6a43b53-0d28-4239-9ed5-2d4f4c88d14d', 'hammeshaven', 'reichertview'),
                                                       ('90da9e1a-a443-4b8d-b578-a659d4ee9079', 'northvincenzafield', 'fortjess'),
                                                       ('ff20b46b-e16a-4ed2-bd69-6a6588c43e2f', 'fortjohnnyton', 'lakedeborahtown'),
                                                       ('24790974-7813-4b99-a6db-7b44a7715802', 'northmarge', 'hegmannstead'),
                                                       ('c94c9864-4d70-4ce0-8e08-f3dffa1f84bf', 'easthadleyview', 'spencerborough'),
                                                       ('ddba1e0f-9373-4766-9d54-8d17468a72ea', 'turnerville', 'annandale'),
                                                       ('f9f08bd0-fc3d-414c-a3c5-c82fb65f01d2', 'eleanorafield', 'northcade'),
                                                       ('a2e69953-9379-4f13-8af6-a361b26ab787', 'frankton', 'westbruce'),
                                                       ('9fd9dab0-baeb-4375-b2be-1f353a51b9ee', 'bentonville', 'denesiktown'),
                                                       ('613081b4-ff1e-498b-a88c-7143b3f6279c', 'labadiecester', 'moisesburgh'),
                                                       ('a2a02200-6687-4cb9-8a54-2f5e26625acc', 'sheldonside', 'reading'),
                                                       ('f0fd769f-f0a2-4947-92cc-5b58a3fbe1f8', 'portsmouth', 'minaside'),
                                                       ('5441cd1b-d1d1-448b-9945-d850eb8d95de', 'portisaacshire', 'westbrody'),
                                                       ('ce8979ab-3bec-4bca-95e1-6cd6893b0df3', 'parisianworth', 'fortharvey'),
                                                       ('cafedc0f-12ea-4d9b-8eef-6f4219a30abe', 'daphneeport', 'gloverchester'),
                                                       ('ecd92e02-a51a-4360-ac45-7ca18da5522f', 'danbury', 'southamyfield'),
                                                       ('498a25bb-2364-4991-baad-041b5041a51d', 'bergstromberg', 'arnulfoview'),
                                                       ('2127d9cc-3e3f-4b65-88ee-54bde15c9721', 'schaefertown', 'kennithfield'),
                                                       ('38429e32-e780-4dc1-8600-96619ab827d3', 'rennertown', 'easttellyton'),
                                                       ('4f0c5927-1359-455f-ae3b-c5079abeb4c2', 'st.cloud', 'abbigailstead'),
                                                       ('eeb161fd-0a8c-4199-94ff-ec990f74ac89', 'castlerock', 'sydneyfield'),
                                                       ('034aec84-41f7-4ba4-a633-c05cba2b13a4', 'willland', 'andreaneworth'),
                                                       ('faf38147-de45-485b-b68c-d12936bb53b8', 'dietrichton', 'westmonte'),
                                                       ('9834b470-b2fb-4d56-827a-d3e2590acc19', 'kingsport', 'northlittlerock'),
                                                       ('79e0cb11-0acd-45c4-b9dc-a01dc65770e9', 'lakevirginiafort', 'stokesboro');




create table route_distances
(
    route_id        varchar(36) not null,
    distances       int         null,
    distances_order int         not null,
    primary key (route_id, distances_order)
)
        engine = InnoDB;
INSERT INTO route_distances (route_id, distances, distances_order) VALUES
                                                                       ('dea94bc0-0509-4ab1-8f3e-8e6186bc48cc', 49.058817396871746, 0),
                                                                       ('dea94bc0-0509-4ab1-8f3e-8e6186bc48cc', 64.01200171094388, 1),
                                                                       ('dea94bc0-0509-4ab1-8f3e-8e6186bc48cc', 87.85284340847284, 2),
                                                                       ('dea94bc0-0509-4ab1-8f3e-8e6186bc48cc', 3.7079202011227608, 3),
                                                                       ('a10a47f5-ee28-4a74-8a72-408ee84fd7ad', 48.60797182191163, 0),
                                                                       ('a10a47f5-ee28-4a74-8a72-408ee84fd7ad', 42.51015887130052, 1),
                                                                       ('a10a47f5-ee28-4a74-8a72-408ee84fd7ad', 99.97771189082414, 2),
                                                                       ('a10a47f5-ee28-4a74-8a72-408ee84fd7ad', 75.4834103398025, 3),
                                                                       ('067c193b-b944-4589-9ab2-2ac5bd2da586', 33.82598552852869, 0),
                                                                       ('067c193b-b944-4589-9ab2-2ac5bd2da586', 75.59673695359379, 1),
                                                                       ('067c193b-b944-4589-9ab2-2ac5bd2da586', 36.52677210047841, 2),
                                                                       ('067c193b-b944-4589-9ab2-2ac5bd2da586', 68.16132313106209, 3),
                                                                       ('836903e3-3097-46f1-9630-3be81f6ca6c8', 79.88308703061193, 0),
                                                                       ('836903e3-3097-46f1-9630-3be81f6ca6c8', 71.44473034422845, 1),
                                                                       ('836903e3-3097-46f1-9630-3be81f6ca6c8', 22.491483436897397, 2),
                                                                       ('836903e3-3097-46f1-9630-3be81f6ca6c8', 15.635431976988912, 3),
                                                                       ('2b079ca4-8abf-4824-a887-19c8c49090eb', 60.17522618640214, 0),
                                                                       ('2b079ca4-8abf-4824-a887-19c8c49090eb', 23.218456329777837, 1),
                                                                       ('2b079ca4-8abf-4824-a887-19c8c49090eb', 92.064279736951, 2),
                                                                       ('2b079ca4-8abf-4824-a887-19c8c49090eb', 62.07797219976783, 3),
                                                                       ('4bbf0905-9728-429b-bf6f-5763e8ec3be3', 66.46578547079116, 0),
                                                                       ('4bbf0905-9728-429b-bf6f-5763e8ec3be3', 59.44879241287708, 1),
                                                                       ('4bbf0905-9728-429b-bf6f-5763e8ec3be3', 28.506941441446543, 2),
                                                                       ('4bbf0905-9728-429b-bf6f-5763e8ec3be3', 78.79652767442167, 3),
                                                                       ('85dbe566-8a48-47df-8bf3-1bd285c78ed0', 97.75625660549849, 0),
                                                                       ('85dbe566-8a48-47df-8bf3-1bd285c78ed0', 89.25235997885466, 1),
                                                                       ('85dbe566-8a48-47df-8bf3-1bd285c78ed0', 38.192564877681434, 2),
                                                                       ('85dbe566-8a48-47df-8bf3-1bd285c78ed0', 76.39020401984453, 3),
                                                                       ('4bcaa940-f27a-417d-a8fb-8a9e0f10b10c', 44.939127983525395, 0),
                                                                       ('4bcaa940-f27a-417d-a8fb-8a9e0f10b10c', 3.4413148649036884, 1),
                                                                       ('4bcaa940-f27a-417d-a8fb-8a9e0f10b10c', 17.56936968304217, 2),
                                                                       ('4bcaa940-f27a-417d-a8fb-8a9e0f10b10c', 40.173477260395885, 3),
                                                                       ('e2457abb-e4db-4a47-9e61-38814403fd91', 89.86869254149497, 0),
                                                                       ('e2457abb-e4db-4a47-9e61-38814403fd91', 22.99254541285336, 1),
                                                                       ('e2457abb-e4db-4a47-9e61-38814403fd91', 68.30037806648761, 2),
                                                                       ('e2457abb-e4db-4a47-9e61-38814403fd91', 63.42057811561972, 3),
                                                                       ('98aa483c-1fe5-4af2-989a-8b2824a0461e', 86.77435340359807, 0),
                                                                       ('98aa483c-1fe5-4af2-989a-8b2824a0461e', 28.83485141210258, 1),
                                                                       ('98aa483c-1fe5-4af2-989a-8b2824a0461e', 9.37289735302329, 2),
                                                                       ('98aa483c-1fe5-4af2-989a-8b2824a0461e', 97.53981668036431, 3),
                                                                       ('f94f36ff-d80f-4041-9ca7-4962b4b3cfcc', 57.16459408868104, 0),
                                                                       ('f94f36ff-d80f-4041-9ca7-4962b4b3cfcc', 91.09823352191597, 1),
                                                                       ('f94f36ff-d80f-4041-9ca7-4962b4b3cfcc', 22.35336450394243, 2),
                                                                       ('f94f36ff-d80f-4041-9ca7-4962b4b3cfcc', 88.23352821636945, 3),
                                                                       ('b86eb425-6d02-49ee-9698-eeb90a77f8f3', 68.20166076067835, 0),
                                                                       ('b86eb425-6d02-49ee-9698-eeb90a77f8f3', 4.979129135608673, 1),
                                                                       ('b86eb425-6d02-49ee-9698-eeb90a77f8f3', 54.85182560514659, 2),
                                                                       ('b86eb425-6d02-49ee-9698-eeb90a77f8f3', 42.28693910408765, 3),
                                                                       ('2cea34b8-7b38-4e7f-bd8a-da32a9730543', 29.48757039848715, 0),
                                                                       ('2cea34b8-7b38-4e7f-bd8a-da32a9730543', 81.7192911868915, 1),
                                                                       ('2cea34b8-7b38-4e7f-bd8a-da32a9730543', 5.477578216232359, 2),
                                                                       ('2cea34b8-7b38-4e7f-bd8a-da32a9730543', 13.836957118473947, 3),
                                                                       ('085e0999-70da-4c19-9aaf-b58907170be3', 92.82434724736959, 0),
                                                                       ('085e0999-70da-4c19-9aaf-b58907170be3', 47.29129520710558, 1),
                                                                       ('085e0999-70da-4c19-9aaf-b58907170be3', 0.41173507925122976, 2),
                                                                       ('085e0999-70da-4c19-9aaf-b58907170be3', 86.24043241143227, 3),
                                                                       ('abab8358-b919-434e-808d-e3e6dd2f20a0', 69.82361604459584, 0),
                                                                       ('abab8358-b919-434e-808d-e3e6dd2f20a0', 17.18303505331278, 1),
                                                                       ('abab8358-b919-434e-808d-e3e6dd2f20a0', 24.110232992097735, 2),
                                                                       ('abab8358-b919-434e-808d-e3e6dd2f20a0', 29.20234373304993, 3),
                                                                       ('dadb81c0-5231-4dbd-9bc1-ee1a4c8be11a', 6.2828500755131245, 0),
                                                                       ('dadb81c0-5231-4dbd-9bc1-ee1a4c8be11a', 34.10667150747031, 1),
                                                                       ('dadb81c0-5231-4dbd-9bc1-ee1a4c8be11a', 91.92911100108176, 2),
                                                                       ('dadb81c0-5231-4dbd-9bc1-ee1a4c8be11a', 43.173909140750766, 3),
                                                                       ('bc77d228-8c28-4e24-bb3e-dfebb3f91535', 61.127596674486995, 0),
                                                                       ('bc77d228-8c28-4e24-bb3e-dfebb3f91535', 90.04712903406471, 1),
                                                                       ('bc77d228-8c28-4e24-bb3e-dfebb3f91535', 81.49293093010783, 2),
                                                                       ('bc77d228-8c28-4e24-bb3e-dfebb3f91535', 31.128617376089096, 3),
                                                                       ('7161bf8d-8352-4276-95e3-731efdc041b0', 45.93595957849175, 0),
                                                                       ('7161bf8d-8352-4276-95e3-731efdc041b0', 1.8475677818059921, 1),
                                                                       ('7161bf8d-8352-4276-95e3-731efdc041b0', 80.63516207039356, 2),
                                                                       ('7161bf8d-8352-4276-95e3-731efdc041b0', 40.748221101239324, 3),
                                                                       ('d7ad09da-67dd-40e3-b589-5d6158ddc68b', 9.972234116867185, 0),
                                                                       ('d7ad09da-67dd-40e3-b589-5d6158ddc68b', 33.60085585154593, 1),
                                                                       ('d7ad09da-67dd-40e3-b589-5d6158ddc68b', 60.51133822184056, 2),
                                                                       ('d7ad09da-67dd-40e3-b589-5d6158ddc68b', 61.17951120249927, 3),
                                                                       ('23b7c90f-1df7-448e-a3ed-4229fcf3d1e4', 19.85369708854705, 0),
                                                                       ('23b7c90f-1df7-448e-a3ed-4229fcf3d1e4', 13.040244160220027, 1),
                                                                       ('23b7c90f-1df7-448e-a3ed-4229fcf3d1e4', 17.2788938973099, 2),
                                                                       ('23b7c90f-1df7-448e-a3ed-4229fcf3d1e4', 71.7008411185816, 3),
                                                                       ('57a7d7fe-2494-4424-9454-c7333f9620f2', 70.91592254582793, 0),
                                                                       ('57a7d7fe-2494-4424-9454-c7333f9620f2', 13.412397424690425, 1),
                                                                       ('57a7d7fe-2494-4424-9454-c7333f9620f2', 88.98896621540189, 2),
                                                                       ('57a7d7fe-2494-4424-9454-c7333f9620f2', 87.86069599445909, 3),
                                                                       ('c7a0c223-a039-4603-bbf8-69f6f168cbf0', 10.995706310495734, 0),
                                                                       ('c7a0c223-a039-4603-bbf8-69f6f168cbf0', 31.99123244266957, 1),
                                                                       ('c7a0c223-a039-4603-bbf8-69f6f168cbf0', 1.5725709730759263, 2),
                                                                       ('c7a0c223-a039-4603-bbf8-69f6f168cbf0', 16.296742437407374, 3),
                                                                       ('e40eb76e-7008-4825-8514-d5d98dcf5843', 73.75819985754788, 0),
                                                                       ('e40eb76e-7008-4825-8514-d5d98dcf5843', 98.52596702985466, 1),
                                                                       ('e40eb76e-7008-4825-8514-d5d98dcf5843', 30.42650984134525, 2),
                                                                       ('e40eb76e-7008-4825-8514-d5d98dcf5843', 36.60183046013117, 3),
                                                                       ('9778af50-001c-43f5-9d0a-999a5411fc16', 60.7731994939968, 0),
                                                                       ('9778af50-001c-43f5-9d0a-999a5411fc16', 93.28327707480639, 1),
                                                                       ('9778af50-001c-43f5-9d0a-999a5411fc16', 39.9412346072495, 2),
                                                                       ('9778af50-001c-43f5-9d0a-999a5411fc16', 32.564232614822686, 3),
                                                                       ('3e9e877d-8dcf-49af-86f2-c1b03ce3e520', 97.86004999186844, 0),
                                                                       ('3e9e877d-8dcf-49af-86f2-c1b03ce3e520', 56.547723268158734, 1),
                                                                       ('3e9e877d-8dcf-49af-86f2-c1b03ce3e520', 96.53033073991537, 2),
                                                                       ('3e9e877d-8dcf-49af-86f2-c1b03ce3e520', 9.325517131946981, 3),
                                                                       ('884e494b-bb94-4374-872b-604380380856', 88.23040348943323, 0),
                                                                       ('884e494b-bb94-4374-872b-604380380856', 36.037771753035486, 1),
                                                                       ('884e494b-bb94-4374-872b-604380380856', 20.36610273644328, 2),
                                                                       ('884e494b-bb94-4374-872b-604380380856', 75.15342913102359, 3),
                                                                       ('913ec856-de47-448f-9720-ac7563a5786e', 30.675527174025774, 0),
                                                                       ('913ec856-de47-448f-9720-ac7563a5786e', 65.28735472820699, 1),
                                                                       ('913ec856-de47-448f-9720-ac7563a5786e', 7.766267121769488, 2),
                                                                       ('913ec856-de47-448f-9720-ac7563a5786e', 63.78140456508845, 3),
                                                                       ('7f1d8244-37a3-43ff-bfaf-878f5508835b', 99.01201575994492, 0),
                                                                       ('7f1d8244-37a3-43ff-bfaf-878f5508835b', 63.35725439712405, 1),
                                                                       ('7f1d8244-37a3-43ff-bfaf-878f5508835b', 58.982016891241074, 2),
                                                                       ('7f1d8244-37a3-43ff-bfaf-878f5508835b', 65.4366145376116, 3),
                                                                       ('bfab7d5c-6bdc-4fa0-96d7-11311add80a9', 18.756013456732035, 0),
                                                                       ('bfab7d5c-6bdc-4fa0-96d7-11311add80a9', 12.694130861200392, 1),
                                                                       ('bfab7d5c-6bdc-4fa0-96d7-11311add80a9', 13.392669963650405, 2),
                                                                       ('bfab7d5c-6bdc-4fa0-96d7-11311add80a9', 43.039541761390865, 3),
                                                                       ('b84fd601-2fb0-489e-bc6a-1d1c24ae0891', 19.876448810100555, 0),
                                                                       ('b84fd601-2fb0-489e-bc6a-1d1c24ae0891', 30.821993830613792, 1),
                                                                       ('b84fd601-2fb0-489e-bc6a-1d1c24ae0891', 46.23073609545827, 2),
                                                                       ('b84fd601-2fb0-489e-bc6a-1d1c24ae0891', 91.16098652593791, 3),
                                                                       ('f04405b4-d5cf-4ae7-bf37-a7b75a4c867b', 38.81150383967906, 0),
                                                                       ('f04405b4-d5cf-4ae7-bf37-a7b75a4c867b', 92.36673153936863, 1),
                                                                       ('f04405b4-d5cf-4ae7-bf37-a7b75a4c867b', 83.79136675503105, 2),
                                                                       ('f04405b4-d5cf-4ae7-bf37-a7b75a4c867b', 88.60091513488442, 3),
                                                                       ('1592eef1-708f-4967-b5b0-241b5fb81232', 98.34588759113103, 0),
                                                                       ('1592eef1-708f-4967-b5b0-241b5fb81232', 29.79895018506795, 1),
                                                                       ('1592eef1-708f-4967-b5b0-241b5fb81232', 25.42774823959917, 2),
                                                                       ('1592eef1-708f-4967-b5b0-241b5fb81232', 12.046652846038342, 3),
                                                                       ('89c7d000-9af8-4b38-839c-d10c4cc5da17', 58.59381523914635, 0),
                                                                       ('89c7d000-9af8-4b38-839c-d10c4cc5da17', 16.24666207935661, 1),
                                                                       ('89c7d000-9af8-4b38-839c-d10c4cc5da17', 54.02475749142468, 2),
                                                                       ('89c7d000-9af8-4b38-839c-d10c4cc5da17', 36.336641665548086, 3),
                                                                       ('2c1d5e02-f95c-4544-b0d9-2177588b0cdd', 32.7980772824958, 0),
                                                                       ('2c1d5e02-f95c-4544-b0d9-2177588b0cdd', 69.58510575350374, 1),
                                                                       ('2c1d5e02-f95c-4544-b0d9-2177588b0cdd', 74.65905528515577, 2),
                                                                       ('2c1d5e02-f95c-4544-b0d9-2177588b0cdd', 38.45710679888725, 3),
                                                                       ('5d49d6d2-4f93-4ac2-ad2d-4d79853df875', 59.91177884861827, 0),
                                                                       ('5d49d6d2-4f93-4ac2-ad2d-4d79853df875', 32.339150505140424, 1),
                                                                       ('5d49d6d2-4f93-4ac2-ad2d-4d79853df875', 30.82024317700416, 2),
                                                                       ('5d49d6d2-4f93-4ac2-ad2d-4d79853df875', 90.1527188718319, 3),
                                                                       ('4c229a11-7808-48be-b3ec-8cbfa5acf333', 58.33020641002804, 0),
                                                                       ('4c229a11-7808-48be-b3ec-8cbfa5acf333', 38.49585764110088, 1),
                                                                       ('4c229a11-7808-48be-b3ec-8cbfa5acf333', 15.168791636824608, 2),
                                                                       ('4c229a11-7808-48be-b3ec-8cbfa5acf333', 48.136832332238555, 3),
                                                                       ('0c7059ba-ac3a-43f7-8c41-271374818831', 21.448629559017718, 0),
                                                                       ('0c7059ba-ac3a-43f7-8c41-271374818831', 28.915013861842453, 1),
                                                                       ('0c7059ba-ac3a-43f7-8c41-271374818831', 23.451864114031196, 2),
                                                                       ('0c7059ba-ac3a-43f7-8c41-271374818831', 26.38138986658305, 3),
                                                                       ('33a1b5ce-d422-4a45-bc61-26acc91f6294', 28.679485921747983, 0),
                                                                       ('33a1b5ce-d422-4a45-bc61-26acc91f6294', 43.27105151023716, 1),
                                                                       ('33a1b5ce-d422-4a45-bc61-26acc91f6294', 5.44657080899924, 2),
                                                                       ('33a1b5ce-d422-4a45-bc61-26acc91f6294', 57.66739717219025, 3),
                                                                       ('3c13cb74-3582-4a5d-8c69-f28c15af4fda', 82.37793049775064, 0),
                                                                       ('3c13cb74-3582-4a5d-8c69-f28c15af4fda', 9.463254129514098, 1),
                                                                       ('3c13cb74-3582-4a5d-8c69-f28c15af4fda', 20.862691453658044, 2),
                                                                       ('3c13cb74-3582-4a5d-8c69-f28c15af4fda', 39.58779671229422, 3),
                                                                       ('e30aef70-aa7a-4334-b82f-4fa0675a74da', 53.442945098504424, 0),
                                                                       ('e30aef70-aa7a-4334-b82f-4fa0675a74da', 39.211390214040875, 1),
                                                                       ('e30aef70-aa7a-4334-b82f-4fa0675a74da', 81.57900283113122, 2),
                                                                       ('e30aef70-aa7a-4334-b82f-4fa0675a74da', 8.940841630101204, 3),
                                                                       ('c703675e-4cf9-44ed-91ab-2b4263dfc18e', 60.196039685979486, 0),
                                                                       ('c703675e-4cf9-44ed-91ab-2b4263dfc18e', 34.80781989637762, 1),
                                                                       ('c703675e-4cf9-44ed-91ab-2b4263dfc18e', 6.805357150733471, 2),
                                                                       ('c703675e-4cf9-44ed-91ab-2b4263dfc18e', 89.37239728402346, 3),
                                                                       ('d480cde5-6ea8-45cb-94a3-f9b8417c2c25', 20.702977501787245, 0),
                                                                       ('d480cde5-6ea8-45cb-94a3-f9b8417c2c25', 32.650749548338354, 1),
                                                                       ('d480cde5-6ea8-45cb-94a3-f9b8417c2c25', 23.36939692031592, 2),
                                                                       ('d480cde5-6ea8-45cb-94a3-f9b8417c2c25', 26.45682510919869, 3),
                                                                       ('85e9ed1a-ca55-4c6d-8b3b-a910bb6e6ddb', 75.20214351825416, 0),
                                                                       ('85e9ed1a-ca55-4c6d-8b3b-a910bb6e6ddb', 30.78380818478763, 1),
                                                                       ('85e9ed1a-ca55-4c6d-8b3b-a910bb6e6ddb', 11.741437995806336, 2),
                                                                       ('85e9ed1a-ca55-4c6d-8b3b-a910bb6e6ddb', 67.16927974484861, 3),
                                                                       ('3a8dbe55-d67f-405a-9332-f14c11e9dda0', 69.0206311410293, 0),
                                                                       ('3a8dbe55-d67f-405a-9332-f14c11e9dda0', 55.391498166136444, 1),
                                                                       ('3a8dbe55-d67f-405a-9332-f14c11e9dda0', 90.13736145570874, 2),
                                                                       ('3a8dbe55-d67f-405a-9332-f14c11e9dda0', 18.112826510332525, 3),
                                                                       ('b925dfdd-dfe1-4239-8121-97f4491f33d3', 78.32561605609953, 0),
                                                                       ('b925dfdd-dfe1-4239-8121-97f4491f33d3', 24.125782609917223, 1),
                                                                       ('b925dfdd-dfe1-4239-8121-97f4491f33d3', 98.64138520788401, 2),
                                                                       ('b925dfdd-dfe1-4239-8121-97f4491f33d3', 20.916465180926025, 3),
                                                                       ('bff5560f-8c75-4e72-a804-f836e29443c3', 17.302921344526112, 0),
                                                                       ('bff5560f-8c75-4e72-a804-f836e29443c3', 66.69844412244856, 1),
                                                                       ('bff5560f-8c75-4e72-a804-f836e29443c3', 4.119418445043266, 2),
                                                                       ('bff5560f-8c75-4e72-a804-f836e29443c3', 78.12029584310949, 3),
                                                                       ('3ef48169-6d9d-400c-9f95-e55026aeb6bc', 71.41277010086924, 0),
                                                                       ('3ef48169-6d9d-400c-9f95-e55026aeb6bc', 62.33783082570881, 1),
                                                                       ('3ef48169-6d9d-400c-9f95-e55026aeb6bc', 17.609962867572904, 2),
                                                                       ('3ef48169-6d9d-400c-9f95-e55026aeb6bc', 96.09982979018241, 3),
                                                                       ('2a74576d-cc97-42f9-9d03-8f8b31a0606f', 2.973950537852943, 0),
                                                                       ('2a74576d-cc97-42f9-9d03-8f8b31a0606f', 6.55599283054471, 1),
                                                                       ('2a74576d-cc97-42f9-9d03-8f8b31a0606f', 95.6686470657587, 2),
                                                                       ('2a74576d-cc97-42f9-9d03-8f8b31a0606f', 99.88705324940383, 3),
                                                                       ('9565a313-7795-4e48-a9bd-5d7aef69eb52', 74.059390835464, 0),
                                                                       ('9565a313-7795-4e48-a9bd-5d7aef69eb52', 98.52756515610963, 1),
                                                                       ('9565a313-7795-4e48-a9bd-5d7aef69eb52', 23.211751272901893, 2),
                                                                       ('9565a313-7795-4e48-a9bd-5d7aef69eb52', 13.682552939280868, 3),
                                                                       ('893d9839-85e1-4496-a8ad-fd96dc9e958a', 87.11117019411176, 0),
                                                                       ('893d9839-85e1-4496-a8ad-fd96dc9e958a', 15.585862449370325, 1),
                                                                       ('893d9839-85e1-4496-a8ad-fd96dc9e958a', 54.823081847280264, 2),
                                                                       ('893d9839-85e1-4496-a8ad-fd96dc9e958a', 48.74582372140139, 3),
                                                                       ('2a27c071-2c7f-4c6d-a469-f4292f430e3f', 81.89534060657024, 0),
                                                                       ('2a27c071-2c7f-4c6d-a469-f4292f430e3f', 48.52076710667461, 1),
                                                                       ('2a27c071-2c7f-4c6d-a469-f4292f430e3f', 97.83615132328123, 2),
                                                                       ('2a27c071-2c7f-4c6d-a469-f4292f430e3f', 30.04149477928877, 3),
                                                                       ('f4757272-d2b5-4cbc-95bb-403dd8cd2511', 97.73492647800595, 0),
                                                                       ('f4757272-d2b5-4cbc-95bb-403dd8cd2511', 83.41392823494971, 1),
                                                                       ('f4757272-d2b5-4cbc-95bb-403dd8cd2511', 28.41235026717186, 2),
                                                                       ('f4757272-d2b5-4cbc-95bb-403dd8cd2511', 65.1885034982115, 3),
                                                                       ('19af9470-e49a-4c55-90c8-a3a92a66ce83', 15.126601723022759, 0),
                                                                       ('19af9470-e49a-4c55-90c8-a3a92a66ce83', 60.11362816207111, 1),
                                                                       ('19af9470-e49a-4c55-90c8-a3a92a66ce83', 51.09667810611427, 2),
                                                                       ('19af9470-e49a-4c55-90c8-a3a92a66ce83', 38.77040673978627, 3),
                                                                       ('de4f4cab-648b-4e52-bd64-ee4a813ee206', 73.19372191559523, 0),
                                                                       ('de4f4cab-648b-4e52-bd64-ee4a813ee206', 30.82436160184443, 1),
                                                                       ('de4f4cab-648b-4e52-bd64-ee4a813ee206', 60.668116551823914, 2),
                                                                       ('de4f4cab-648b-4e52-bd64-ee4a813ee206', 36.89628136344254, 3),
                                                                       ('c174179c-0cd4-42e5-8d1a-36be36b47f47', 52.74114648345858, 0),
                                                                       ('c174179c-0cd4-42e5-8d1a-36be36b47f47', 52.22212113440037, 1),
                                                                       ('c174179c-0cd4-42e5-8d1a-36be36b47f47', 8.812107448466122, 2),
                                                                       ('c174179c-0cd4-42e5-8d1a-36be36b47f47', 35.42699746321887, 3),
                                                                       ('bf92cfb8-fc30-443d-96be-15234ab34ae3', 3.477509645745158, 0),
                                                                       ('bf92cfb8-fc30-443d-96be-15234ab34ae3', 91.02381190750748, 1),
                                                                       ('bf92cfb8-fc30-443d-96be-15234ab34ae3', 33.25722592417151, 2),
                                                                       ('bf92cfb8-fc30-443d-96be-15234ab34ae3', 33.448677230626345, 3),
                                                                       ('c0cabd85-88b1-4f0b-850b-c9327a55c437', 99.4594382820651, 0),
                                                                       ('c0cabd85-88b1-4f0b-850b-c9327a55c437', 78.34447312634438, 1),
                                                                       ('c0cabd85-88b1-4f0b-850b-c9327a55c437', 22.93087725993246, 2),
                                                                       ('c0cabd85-88b1-4f0b-850b-c9327a55c437', 92.23835794255137, 3),
                                                                       ('c8e2d152-2dc3-4452-9021-d6a33fbab031', 8.838089322671294, 0),
                                                                       ('c8e2d152-2dc3-4452-9021-d6a33fbab031', 22.778043849393725, 1),
                                                                       ('c8e2d152-2dc3-4452-9021-d6a33fbab031', 52.84013310447335, 2),
                                                                       ('c8e2d152-2dc3-4452-9021-d6a33fbab031', 87.59644501842558, 3),
                                                                       ('a416c504-951c-43a7-accb-e99622ab8e5b', 11.624175822362304, 0),
                                                                       ('a416c504-951c-43a7-accb-e99622ab8e5b', 76.05367775540799, 1),
                                                                       ('a416c504-951c-43a7-accb-e99622ab8e5b', 49.92558236699551, 2),
                                                                       ('a416c504-951c-43a7-accb-e99622ab8e5b', 21.60907257348299, 3),
                                                                       ('2981e348-525a-4e8b-aecc-54bebabe0e4b', 74.53475832007825, 0),
                                                                       ('2981e348-525a-4e8b-aecc-54bebabe0e4b', 77.70884826313704, 1),
                                                                       ('2981e348-525a-4e8b-aecc-54bebabe0e4b', 11.200743960216641, 2),
                                                                       ('2981e348-525a-4e8b-aecc-54bebabe0e4b', 93.97016533184797, 3),
                                                                       ('64c43c55-7e4e-4bc4-a4d8-61c2c7a2f18d', 23.049206309951842, 0),
                                                                       ('64c43c55-7e4e-4bc4-a4d8-61c2c7a2f18d', 95.62463867478073, 1),
                                                                       ('64c43c55-7e4e-4bc4-a4d8-61c2c7a2f18d', 7.517762156203389, 2),
                                                                       ('64c43c55-7e4e-4bc4-a4d8-61c2c7a2f18d', 11.82303677778691, 3),
                                                                       ('4899ccc1-233d-420f-959d-f855d1f7d6aa', 29.241746943444014, 0),
                                                                       ('4899ccc1-233d-420f-959d-f855d1f7d6aa', 8.853882155381143, 1),
                                                                       ('4899ccc1-233d-420f-959d-f855d1f7d6aa', 54.76355901919305, 2),
                                                                       ('4899ccc1-233d-420f-959d-f855d1f7d6aa', 75.77378717251122, 3),
                                                                       ('28a6f419-522d-41d7-9b85-42fa0ab80c84', 89.29938008077443, 0),
                                                                       ('28a6f419-522d-41d7-9b85-42fa0ab80c84', 88.10592624358833, 1),
                                                                       ('28a6f419-522d-41d7-9b85-42fa0ab80c84', 9.22739568632096, 2),
                                                                       ('28a6f419-522d-41d7-9b85-42fa0ab80c84', 43.32886601332575, 3),
                                                                       ('70874e02-3cc0-44a0-8bb6-f2771efb2c3f', 55.3000777028501, 0),
                                                                       ('70874e02-3cc0-44a0-8bb6-f2771efb2c3f', 87.23118067719042, 1),
                                                                       ('70874e02-3cc0-44a0-8bb6-f2771efb2c3f', 0.03945401404052973, 2),
                                                                       ('70874e02-3cc0-44a0-8bb6-f2771efb2c3f', 20.857445732690394, 3),
                                                                       ('0c70bff3-aab5-4a44-8b43-de24e3d78ecf', 88.54332964401692, 0),
                                                                       ('0c70bff3-aab5-4a44-8b43-de24e3d78ecf', 38.024604646489024, 1),
                                                                       ('0c70bff3-aab5-4a44-8b43-de24e3d78ecf', 73.65579726174474, 2),
                                                                       ('0c70bff3-aab5-4a44-8b43-de24e3d78ecf', 63.54930291417986, 3),
                                                                       ('a9e7df45-c319-40c9-a121-983669cb43c7', 9.706794284284115, 0),
                                                                       ('a9e7df45-c319-40c9-a121-983669cb43c7', 20.349478255957365, 1),
                                                                       ('a9e7df45-c319-40c9-a121-983669cb43c7', 6.656944495625794, 2),
                                                                       ('a9e7df45-c319-40c9-a121-983669cb43c7', 5.153450276702642, 3),
                                                                       ('e8b1f0b5-1a86-4ef4-a8bd-b83a9d2707cc', 74.4265427114442, 0),
                                                                       ('e8b1f0b5-1a86-4ef4-a8bd-b83a9d2707cc', 30.83838934544474, 1),
                                                                       ('e8b1f0b5-1a86-4ef4-a8bd-b83a9d2707cc', 51.55689110979438, 2),
                                                                       ('e8b1f0b5-1a86-4ef4-a8bd-b83a9d2707cc', 10.704577318392694, 3),
                                                                       ('b8daeb47-9e14-4d48-98bf-9a8600e4b445', 78.58084631152451, 0),
                                                                       ('b8daeb47-9e14-4d48-98bf-9a8600e4b445', 84.91893003229052, 1),
                                                                       ('b8daeb47-9e14-4d48-98bf-9a8600e4b445', 89.15606872178614, 2),
                                                                       ('b8daeb47-9e14-4d48-98bf-9a8600e4b445', 18.445683922618628, 3),
                                                                       ('945a7370-7504-488d-984e-15879817f573', 94.05877913814038, 0),
                                                                       ('945a7370-7504-488d-984e-15879817f573', 41.56606860924512, 1),
                                                                       ('945a7370-7504-488d-984e-15879817f573', 59.990013600327075, 2),
                                                                       ('945a7370-7504-488d-984e-15879817f573', 6.4309983514249325, 3),
                                                                       ('d2b0f97f-29a8-42cb-bffd-1ea4b230f36d', 35.883814143016934, 0),
                                                                       ('d2b0f97f-29a8-42cb-bffd-1ea4b230f36d', 75.89082545600832, 1),
                                                                       ('d2b0f97f-29a8-42cb-bffd-1ea4b230f36d', 85.64611517358571, 2),
                                                                       ('d2b0f97f-29a8-42cb-bffd-1ea4b230f36d', 41.278195567429066, 3),
                                                                       ('a7edb210-239f-43fe-a606-2a50acd34116', 27.636682707816362, 0),
                                                                       ('a7edb210-239f-43fe-a606-2a50acd34116', 77.53621202427894, 1),
                                                                       ('a7edb210-239f-43fe-a606-2a50acd34116', 95.15941443387419, 2),
                                                                       ('a7edb210-239f-43fe-a606-2a50acd34116', 47.25222166161984, 3),
                                                                       ('b3b2a8c8-cee3-46dd-aedc-694d4d9c2590', 42.78260711580515, 0),
                                                                       ('b3b2a8c8-cee3-46dd-aedc-694d4d9c2590', 56.817611679434776, 1),
                                                                       ('b3b2a8c8-cee3-46dd-aedc-694d4d9c2590', 66.93293994758278, 2),
                                                                       ('b3b2a8c8-cee3-46dd-aedc-694d4d9c2590', 89.1562553588301, 3),
                                                                       ('15764ead-30a6-430e-9317-d19d5f7bf503', 38.28296053688973, 0),
                                                                       ('15764ead-30a6-430e-9317-d19d5f7bf503', 65.80300582572818, 1),
                                                                       ('15764ead-30a6-430e-9317-d19d5f7bf503', 61.038700002245605, 2),
                                                                       ('15764ead-30a6-430e-9317-d19d5f7bf503', 73.44840618316084, 3),
                                                                       ('c909f9d0-19e2-4fe3-bee6-ec77f89dcd23', 11.75975245423615, 0),
                                                                       ('c909f9d0-19e2-4fe3-bee6-ec77f89dcd23', 82.35285864211619, 1),
                                                                       ('c909f9d0-19e2-4fe3-bee6-ec77f89dcd23', 76.41008261125535, 2),
                                                                       ('c909f9d0-19e2-4fe3-bee6-ec77f89dcd23', 0.4550869110971689, 3),
                                                                       ('2a8059b5-297f-478d-9d6d-b28478e214d2', 61.59138223156333, 0),
                                                                       ('2a8059b5-297f-478d-9d6d-b28478e214d2', 72.83550989814103, 1),
                                                                       ('2a8059b5-297f-478d-9d6d-b28478e214d2', 36.74274671357125, 2),
                                                                       ('2a8059b5-297f-478d-9d6d-b28478e214d2', 77.8213728684932, 3),
                                                                       ('e6a43b53-0d28-4239-9ed5-2d4f4c88d14d', 55.634590215049684, 0),
                                                                       ('e6a43b53-0d28-4239-9ed5-2d4f4c88d14d', 27.652431069873273, 1),
                                                                       ('e6a43b53-0d28-4239-9ed5-2d4f4c88d14d', 22.779022436589003, 2),
                                                                       ('e6a43b53-0d28-4239-9ed5-2d4f4c88d14d', 17.112001939676702, 3),
                                                                       ('90da9e1a-a443-4b8d-b578-a659d4ee9079', 21.102828672155738, 0),
                                                                       ('90da9e1a-a443-4b8d-b578-a659d4ee9079', 31.908459844999015, 1),
                                                                       ('90da9e1a-a443-4b8d-b578-a659d4ee9079', 46.69932178221643, 2),
                                                                       ('90da9e1a-a443-4b8d-b578-a659d4ee9079', 75.78242274466902, 3),
                                                                       ('ff20b46b-e16a-4ed2-bd69-6a6588c43e2f', 36.46442820318043, 0),
                                                                       ('ff20b46b-e16a-4ed2-bd69-6a6588c43e2f', 64.43289907183498, 1),
                                                                       ('ff20b46b-e16a-4ed2-bd69-6a6588c43e2f', 52.10766785312444, 2),
                                                                       ('ff20b46b-e16a-4ed2-bd69-6a6588c43e2f', 84.85512568149716, 3),
                                                                       ('24790974-7813-4b99-a6db-7b44a7715802', 40.4462720034644, 0),
                                                                       ('24790974-7813-4b99-a6db-7b44a7715802', 18.36325495969504, 1),
                                                                       ('24790974-7813-4b99-a6db-7b44a7715802', 37.25896331015974, 2),
                                                                       ('24790974-7813-4b99-a6db-7b44a7715802', 80.93130909837782, 3),
                                                                       ('c94c9864-4d70-4ce0-8e08-f3dffa1f84bf', 11.944405571557581, 0),
                                                                       ('c94c9864-4d70-4ce0-8e08-f3dffa1f84bf', 38.60034663230181, 1),
                                                                       ('c94c9864-4d70-4ce0-8e08-f3dffa1f84bf', 71.32740411907434, 2),
                                                                       ('c94c9864-4d70-4ce0-8e08-f3dffa1f84bf', 30.40028742980212, 3),
                                                                       ('ddba1e0f-9373-4766-9d54-8d17468a72ea', 97.37078691832721, 0),
                                                                       ('ddba1e0f-9373-4766-9d54-8d17468a72ea', 31.33550852071494, 1),
                                                                       ('ddba1e0f-9373-4766-9d54-8d17468a72ea', 37.2862532036379, 2),
                                                                       ('ddba1e0f-9373-4766-9d54-8d17468a72ea', 11.849949951283634, 3),
                                                                       ('f9f08bd0-fc3d-414c-a3c5-c82fb65f01d2', 96.28454737830907, 0),
                                                                       ('f9f08bd0-fc3d-414c-a3c5-c82fb65f01d2', 50.55252213496715, 1),
                                                                       ('f9f08bd0-fc3d-414c-a3c5-c82fb65f01d2', 64.54226868227124, 2),
                                                                       ('f9f08bd0-fc3d-414c-a3c5-c82fb65f01d2', 56.36137742549181, 3),
                                                                       ('a2e69953-9379-4f13-8af6-a361b26ab787', 24.406352965161204, 0),
                                                                       ('a2e69953-9379-4f13-8af6-a361b26ab787', 67.68415505066514, 1),
                                                                       ('a2e69953-9379-4f13-8af6-a361b26ab787', 52.78789014555514, 2),
                                                                       ('a2e69953-9379-4f13-8af6-a361b26ab787', 64.92804503068328, 3),
                                                                       ('9fd9dab0-baeb-4375-b2be-1f353a51b9ee', 73.85028605349362, 0),
                                                                       ('9fd9dab0-baeb-4375-b2be-1f353a51b9ee', 84.27483472041786, 1),
                                                                       ('9fd9dab0-baeb-4375-b2be-1f353a51b9ee', 71.36122405063361, 2),
                                                                       ('9fd9dab0-baeb-4375-b2be-1f353a51b9ee', 85.37797266617417, 3),
                                                                       ('613081b4-ff1e-498b-a88c-7143b3f6279c', 61.63725487422198, 0),
                                                                       ('613081b4-ff1e-498b-a88c-7143b3f6279c', 99.44057809188962, 1),
                                                                       ('613081b4-ff1e-498b-a88c-7143b3f6279c', 55.27341440320015, 2),
                                                                       ('613081b4-ff1e-498b-a88c-7143b3f6279c', 90.99974893033504, 3),
                                                                       ('a2a02200-6687-4cb9-8a54-2f5e26625acc', 65.51193909253925, 0),
                                                                       ('a2a02200-6687-4cb9-8a54-2f5e26625acc', 19.714565528556705, 1),
                                                                       ('a2a02200-6687-4cb9-8a54-2f5e26625acc', 63.45738270319998, 2),
                                                                       ('a2a02200-6687-4cb9-8a54-2f5e26625acc', 40.10130183305591, 3),
                                                                       ('f0fd769f-f0a2-4947-92cc-5b58a3fbe1f8', 8.123944653198123, 0),
                                                                       ('f0fd769f-f0a2-4947-92cc-5b58a3fbe1f8', 70.93154145404696, 1),
                                                                       ('f0fd769f-f0a2-4947-92cc-5b58a3fbe1f8', 54.030888015404344, 2),
                                                                       ('f0fd769f-f0a2-4947-92cc-5b58a3fbe1f8', 9.805752360261977, 3),
                                                                       ('5441cd1b-d1d1-448b-9945-d850eb8d95de', 71.32425769232213, 0),
                                                                       ('5441cd1b-d1d1-448b-9945-d850eb8d95de', 41.898503340780735, 1),
                                                                       ('5441cd1b-d1d1-448b-9945-d850eb8d95de', 44.197626784443855, 2),
                                                                       ('5441cd1b-d1d1-448b-9945-d850eb8d95de', 91.28250705543905, 3),
                                                                       ('ce8979ab-3bec-4bca-95e1-6cd6893b0df3', 39.521823450922966, 0),
                                                                       ('ce8979ab-3bec-4bca-95e1-6cd6893b0df3', 15.275635523721576, 1),
                                                                       ('ce8979ab-3bec-4bca-95e1-6cd6893b0df3', 78.69340071920305, 2),
                                                                       ('ce8979ab-3bec-4bca-95e1-6cd6893b0df3', 27.322894241660833, 3),
                                                                       ('cafedc0f-12ea-4d9b-8eef-6f4219a30abe', 92.35759258735925, 0),
                                                                       ('cafedc0f-12ea-4d9b-8eef-6f4219a30abe', 17.454059422016144, 1),
                                                                       ('cafedc0f-12ea-4d9b-8eef-6f4219a30abe', 12.331507541239262, 2),
                                                                       ('cafedc0f-12ea-4d9b-8eef-6f4219a30abe', 99.77307131048292, 3),
                                                                       ('ecd92e02-a51a-4360-ac45-7ca18da5522f', 45.283884508535266, 0),
                                                                       ('ecd92e02-a51a-4360-ac45-7ca18da5522f', 16.920229163952172, 1),
                                                                       ('ecd92e02-a51a-4360-ac45-7ca18da5522f', 87.97935338225216, 2),
                                                                       ('ecd92e02-a51a-4360-ac45-7ca18da5522f', 74.7221858939156, 3),
                                                                       ('498a25bb-2364-4991-baad-041b5041a51d', 41.18218692019582, 0),
                                                                       ('498a25bb-2364-4991-baad-041b5041a51d', 59.76327992975712, 1),
                                                                       ('498a25bb-2364-4991-baad-041b5041a51d', 33.75606583431363, 2),
                                                                       ('498a25bb-2364-4991-baad-041b5041a51d', 15.494779427535832, 3),
                                                                       ('2127d9cc-3e3f-4b65-88ee-54bde15c9721', 84.81019942555577, 0),
                                                                       ('2127d9cc-3e3f-4b65-88ee-54bde15c9721', 77.19140767585486, 1),
                                                                       ('2127d9cc-3e3f-4b65-88ee-54bde15c9721', 21.56180983874947, 2),
                                                                       ('2127d9cc-3e3f-4b65-88ee-54bde15c9721', 18.129379162564874, 3),
                                                                       ('38429e32-e780-4dc1-8600-96619ab827d3', 46.91006082575768, 0),
                                                                       ('38429e32-e780-4dc1-8600-96619ab827d3', 42.46494551189244, 1),
                                                                       ('38429e32-e780-4dc1-8600-96619ab827d3', 74.68036287464201, 2),
                                                                       ('38429e32-e780-4dc1-8600-96619ab827d3', 49.19714508578181, 3),
                                                                       ('4f0c5927-1359-455f-ae3b-c5079abeb4c2', 87.15529586188495, 0),
                                                                       ('4f0c5927-1359-455f-ae3b-c5079abeb4c2', 59.6448190510273, 1),
                                                                       ('4f0c5927-1359-455f-ae3b-c5079abeb4c2', 5.525585077702999, 2),
                                                                       ('4f0c5927-1359-455f-ae3b-c5079abeb4c2', 28.16894652787596, 3),
                                                                       ('eeb161fd-0a8c-4199-94ff-ec990f74ac89', 80.78105594031513, 0),
                                                                       ('eeb161fd-0a8c-4199-94ff-ec990f74ac89', 44.2118932493031, 1),
                                                                       ('eeb161fd-0a8c-4199-94ff-ec990f74ac89', 44.04904185794294, 2),
                                                                       ('eeb161fd-0a8c-4199-94ff-ec990f74ac89', 45.891873026266694, 3),
                                                                       ('034aec84-41f7-4ba4-a633-c05cba2b13a4', 3.188725560903549, 0),
                                                                       ('034aec84-41f7-4ba4-a633-c05cba2b13a4', 76.69843018520623, 1),
                                                                       ('034aec84-41f7-4ba4-a633-c05cba2b13a4', 80.07465973496437, 2),
                                                                       ('034aec84-41f7-4ba4-a633-c05cba2b13a4', 92.59299980476499, 3),
                                                                       ('faf38147-de45-485b-b68c-d12936bb53b8', 54.84041541349143, 0),
                                                                       ('faf38147-de45-485b-b68c-d12936bb53b8', 98.81476538721472, 1),
                                                                       ('faf38147-de45-485b-b68c-d12936bb53b8', 28.024264448322356, 2),
                                                                       ('faf38147-de45-485b-b68c-d12936bb53b8', 4.013366112485528, 3),
                                                                       ('9834b470-b2fb-4d56-827a-d3e2590acc19', 1.9753307569772005, 0),
                                                                       ('9834b470-b2fb-4d56-827a-d3e2590acc19', 32.63964466750622, 1),
                                                                       ('9834b470-b2fb-4d56-827a-d3e2590acc19', 60.58523247484118, 2),
                                                                       ('9834b470-b2fb-4d56-827a-d3e2590acc19', 56.83667487464845, 3),
                                                                       ('79e0cb11-0acd-45c4-b9dc-a01dc65770e9', 6.2010441441088915, 0),
                                                                       ('79e0cb11-0acd-45c4-b9dc-a01dc65770e9', 53.233693982474506, 1),
                                                                       ('79e0cb11-0acd-45c4-b9dc-a01dc65770e9', 7.249252055771649, 2),
                                                                       ('79e0cb11-0acd-45c4-b9dc-a01dc65770e9', 92.81687962356955, 3);




create table route_stations
(
    route_id       varchar(36)  not null,
    stations       varchar(255) null,
    stations_order int          not null,
    primary key (route_id, stations_order)
)
        engine = InnoDB;
INSERT INTO route_stations (route_id, stations, stations_order) VALUES
                                                                    ('dea94bc0-0509-4ab1-8f3e-8e6186bc48cc', 'ernestcester', 0),
                                                                    ('dea94bc0-0509-4ab1-8f3e-8e6186bc48cc', 'fortbettie', 1),
                                                                    ('dea94bc0-0509-4ab1-8f3e-8e6186bc48cc', 'lynchbury', 2),
                                                                    ('dea94bc0-0509-4ab1-8f3e-8e6186bc48cc', 'felixshire', 3),
                                                                    ('a10a47f5-ee28-4a74-8a72-408ee84fd7ad', 'portgiovanna', 0),
                                                                    ('a10a47f5-ee28-4a74-8a72-408ee84fd7ad', 'portabelfort', 1),
                                                                    ('a10a47f5-ee28-4a74-8a72-408ee84fd7ad', 'evanston', 2),
                                                                    ('a10a47f5-ee28-4a74-8a72-408ee84fd7ad', 'southkasey', 3),
                                                                    ('067c193b-b944-4589-9ab2-2ac5bd2da586', 'elpaso', 0),
                                                                    ('067c193b-b944-4589-9ab2-2ac5bd2da586', 'newlaisha', 1),
                                                                    ('067c193b-b944-4589-9ab2-2ac5bd2da586', 'collegestation', 2),
                                                                    ('067c193b-b944-4589-9ab2-2ac5bd2da586', 'waelchiville', 3),
                                                                    ('836903e3-3097-46f1-9630-3be81f6ca6c8', 'sanjacinto', 0),
                                                                    ('836903e3-3097-46f1-9630-3be81f6ca6c8', 'ramiroton', 1),
                                                                    ('836903e3-3097-46f1-9630-3be81f6ca6c8', 'bofort', 2),
                                                                    ('836903e3-3097-46f1-9630-3be81f6ca6c8', 'sincerefort', 3),
                                                                    ('2b079ca4-8abf-4824-a887-19c8c49090eb', 'rhiannonfurt', 0),
                                                                    ('2b079ca4-8abf-4824-a887-19c8c49090eb', 'ezekielstad', 1),
                                                                    ('2b079ca4-8abf-4824-a887-19c8c49090eb', 'rueckerberg', 2),
                                                                    ('2b079ca4-8abf-4824-a887-19c8c49090eb', 'gutmannton', 3),
                                                                    ('4bbf0905-9728-429b-bf6f-5763e8ec3be3', 'jakeville', 0),
                                                                    ('4bbf0905-9728-429b-bf6f-5763e8ec3be3', 'eastaileenside', 1),
                                                                    ('4bbf0905-9728-429b-bf6f-5763e8ec3be3', 'forteula', 2),
                                                                    ('4bbf0905-9728-429b-bf6f-5763e8ec3be3', 'newrochelle', 3),
                                                                    ('85dbe566-8a48-47df-8bf3-1bd285c78ed0', 'lednerboro', 0),
                                                                    ('85dbe566-8a48-47df-8bf3-1bd285c78ed0', 'eastaileenside', 1),
                                                                    ('85dbe566-8a48-47df-8bf3-1bd285c78ed0', 'oscarton', 2),
                                                                    ('85dbe566-8a48-47df-8bf3-1bd285c78ed0', 'cary', 3),
                                                                    ('4bcaa940-f27a-417d-a8fb-8a9e0f10b10c', 'southpattiemouth', 0),
                                                                    ('4bcaa940-f27a-417d-a8fb-8a9e0f10b10c', 'rueckerberg', 1),
                                                                    ('4bcaa940-f27a-417d-a8fb-8a9e0f10b10c', 'ramiroton', 2),
                                                                    ('4bcaa940-f27a-417d-a8fb-8a9e0f10b10c', 'o''keefefield', 3),
                                                                    ('e2457abb-e4db-4a47-9e61-38814403fd91', 'andresberg', 0),
                                                                    ('e2457abb-e4db-4a47-9e61-38814403fd91', 'eastbrigitte', 1),
                                                                    ('e2457abb-e4db-4a47-9e61-38814403fd91', 'margate', 2),
                                                                    ('e2457abb-e4db-4a47-9e61-38814403fd91', 'southemely', 3),
                                                                    ('98aa483c-1fe5-4af2-989a-8b2824a0461e', 'ashburn', 0),
                                                                    ('98aa483c-1fe5-4af2-989a-8b2824a0461e', 'ramiroton', 1),
                                                                    ('98aa483c-1fe5-4af2-989a-8b2824a0461e', 'ferryville', 2),
                                                                    ('98aa483c-1fe5-4af2-989a-8b2824a0461e', 'newraleighberg', 3),
                                                                    ('f94f36ff-d80f-4041-9ca7-4962b4b3cfcc', 'hughstad', 0),
                                                                    ('f94f36ff-d80f-4041-9ca7-4962b4b3cfcc', 'westdeondreland', 1),
                                                                    ('f94f36ff-d80f-4041-9ca7-4962b4b3cfcc', 'sanrafael', 2),
                                                                    ('f94f36ff-d80f-4041-9ca7-4962b4b3cfcc', 'lakealexie', 3),
                                                                    ('b86eb425-6d02-49ee-9698-eeb90a77f8f3', 'northgrady', 0),
                                                                    ('b86eb425-6d02-49ee-9698-eeb90a77f8f3', 'ferryville', 1),
                                                                    ('b86eb425-6d02-49ee-9698-eeb90a77f8f3', 'newllewellyn', 2),
                                                                    ('b86eb425-6d02-49ee-9698-eeb90a77f8f3', 'fortanjali', 3),
                                                                    ('2cea34b8-7b38-4e7f-bd8a-da32a9730543', 'westrichard', 0),
                                                                    ('2cea34b8-7b38-4e7f-bd8a-da32a9730543', 'ramiroton', 1),
                                                                    ('2cea34b8-7b38-4e7f-bd8a-da32a9730543', 'jacobihaven', 2),
                                                                    ('2cea34b8-7b38-4e7f-bd8a-da32a9730543', 'newbillieview', 3),
                                                                    ('085e0999-70da-4c19-9aaf-b58907170be3', 'newshayna', 0),
                                                                    ('085e0999-70da-4c19-9aaf-b58907170be3', 'rueckerberg', 1),
                                                                    ('085e0999-70da-4c19-9aaf-b58907170be3', 'colbyfurt', 2),
                                                                    ('085e0999-70da-4c19-9aaf-b58907170be3', 'kraigport', 3),
                                                                    ('abab8358-b919-434e-808d-e3e6dd2f20a0', 'deckowstead', 0),
                                                                    ('abab8358-b919-434e-808d-e3e6dd2f20a0', 'westfield', 1),
                                                                    ('abab8358-b919-434e-808d-e3e6dd2f20a0', 'eastaileenside', 2),
                                                                    ('abab8358-b919-434e-808d-e3e6dd2f20a0', 'northkeelyside', 3),
                                                                    ('dadb81c0-5231-4dbd-9bc1-ee1a4c8be11a', 'southkyler', 0),
                                                                    ('dadb81c0-5231-4dbd-9bc1-ee1a4c8be11a', 'ezekielstad', 1),
                                                                    ('dadb81c0-5231-4dbd-9bc1-ee1a4c8be11a', 'capecoral', 2),
                                                                    ('dadb81c0-5231-4dbd-9bc1-ee1a4c8be11a', 'dorianstead', 3),
                                                                    ('bc77d228-8c28-4e24-bb3e-dfebb3f91535', 'northconradfurt', 0),
                                                                    ('bc77d228-8c28-4e24-bb3e-dfebb3f91535', 'collegestation', 1),
                                                                    ('bc77d228-8c28-4e24-bb3e-dfebb3f91535', 'ilianaville', 2),
                                                                    ('bc77d228-8c28-4e24-bb3e-dfebb3f91535', 'westludieview', 3),
                                                                    ('7161bf8d-8352-4276-95e3-731efdc041b0', 'westhaven', 0),
                                                                    ('7161bf8d-8352-4276-95e3-731efdc041b0', 'portabelfort', 1),
                                                                    ('7161bf8d-8352-4276-95e3-731efdc041b0', 'galveston', 2),
                                                                    ('7161bf8d-8352-4276-95e3-731efdc041b0', 'newjulie', 3),
                                                                    ('d7ad09da-67dd-40e3-b589-5d6158ddc68b', 'southgate', 0),
                                                                    ('d7ad09da-67dd-40e3-b589-5d6158ddc68b', 'northcharleston', 1),
                                                                    ('d7ad09da-67dd-40e3-b589-5d6158ddc68b', 'bakersfield', 2),
                                                                    ('d7ad09da-67dd-40e3-b589-5d6158ddc68b', 'schenectady', 3),
                                                                    ('23b7c90f-1df7-448e-a3ed-4229fcf3d1e4', 'lakeerneststead', 0),
                                                                    ('23b7c90f-1df7-448e-a3ed-4229fcf3d1e4', 'newlaisha', 1),
                                                                    ('23b7c90f-1df7-448e-a3ed-4229fcf3d1e4', 'collegestation', 2),
                                                                    ('23b7c90f-1df7-448e-a3ed-4229fcf3d1e4', 'westberneicestad', 3),
                                                                    ('57a7d7fe-2494-4424-9454-c7333f9620f2', 'northsydni', 0),
                                                                    ('57a7d7fe-2494-4424-9454-c7333f9620f2', 'lakedario', 1),
                                                                    ('57a7d7fe-2494-4424-9454-c7333f9620f2', 'manhattan', 2),
                                                                    ('57a7d7fe-2494-4424-9454-c7333f9620f2', 'portkarleyborough', 3),
                                                                    ('c7a0c223-a039-4603-bbf8-69f6f168cbf0', 'feestport', 0),
                                                                    ('c7a0c223-a039-4603-bbf8-69f6f168cbf0', 'newyolanda', 1),
                                                                    ('c7a0c223-a039-4603-bbf8-69f6f168cbf0', 'evanston', 2),
                                                                    ('c7a0c223-a039-4603-bbf8-69f6f168cbf0', 'larkinhaven', 3),
                                                                    ('e40eb76e-7008-4825-8514-d5d98dcf5843', 'lakecamron', 0),
                                                                    ('e40eb76e-7008-4825-8514-d5d98dcf5843', 'newbeulahfield', 1),
                                                                    ('e40eb76e-7008-4825-8514-d5d98dcf5843', 'portkavonburgh', 2),
                                                                    ('e40eb76e-7008-4825-8514-d5d98dcf5843', 'decatur', 3),
                                                                    ('9778af50-001c-43f5-9d0a-999a5411fc16', 'portjanet', 0),
                                                                    ('9778af50-001c-43f5-9d0a-999a5411fc16', 'oscarton', 1),
                                                                    ('9778af50-001c-43f5-9d0a-999a5411fc16', 'colbyfurt', 2),
                                                                    ('9778af50-001c-43f5-9d0a-999a5411fc16', 'rodriguezstad', 3),
                                                                    ('3e9e877d-8dcf-49af-86f2-c1b03ce3e520', 'bertfield', 0),
                                                                    ('3e9e877d-8dcf-49af-86f2-c1b03ce3e520', 'oscarton', 1),
                                                                    ('3e9e877d-8dcf-49af-86f2-c1b03ce3e520', 'arcadia', 2),
                                                                    ('3e9e877d-8dcf-49af-86f2-c1b03ce3e520', 'barnstabletown', 3),
                                                                    ('884e494b-bb94-4374-872b-604380380856', 'carterburgh', 0),
                                                                    ('884e494b-bb94-4374-872b-604380380856', 'eastaileenside', 1),
                                                                    ('884e494b-bb94-4374-872b-604380380856', 'newlaisha', 2),
                                                                    ('884e494b-bb94-4374-872b-604380380856', 'melbourne', 3),
                                                                    ('913ec856-de47-448f-9720-ac7563a5786e', 'keeblertown', 0),
                                                                    ('913ec856-de47-448f-9720-ac7563a5786e', 'norththeodora', 1),
                                                                    ('913ec856-de47-448f-9720-ac7563a5786e', 'jacobihaven', 2),
                                                                    ('913ec856-de47-448f-9720-ac7563a5786e', 'utica', 3),
                                                                    ('7f1d8244-37a3-43ff-bfaf-878f5508835b', 'lemkeborough', 0),
                                                                    ('7f1d8244-37a3-43ff-bfaf-878f5508835b', 'fortbettie', 1),
                                                                    ('7f1d8244-37a3-43ff-bfaf-878f5508835b', 'norththeodora', 2),
                                                                    ('7f1d8244-37a3-43ff-bfaf-878f5508835b', 'fortjaylenstad', 3),
                                                                    ('bfab7d5c-6bdc-4fa0-96d7-11311add80a9', 'vilmaview', 0),
                                                                    ('bfab7d5c-6bdc-4fa0-96d7-11311add80a9', 'portabelfort', 1),
                                                                    ('bfab7d5c-6bdc-4fa0-96d7-11311add80a9', 'portabelfort', 2),
                                                                    ('bfab7d5c-6bdc-4fa0-96d7-11311add80a9', 'portnatalie', 3),
                                                                    ('b84fd601-2fb0-489e-bc6a-1d1c24ae0891', 'newmeaghanport', 0),
                                                                    ('b84fd601-2fb0-489e-bc6a-1d1c24ae0891', 'columbus', 1),
                                                                    ('b84fd601-2fb0-489e-bc6a-1d1c24ae0891', 'bofort', 2),
                                                                    ('b84fd601-2fb0-489e-bc6a-1d1c24ae0891', 'bozeman', 3),
                                                                    ('f04405b4-d5cf-4ae7-bf37-a7b75a4c867b', 'cierrafort', 0),
                                                                    ('f04405b4-d5cf-4ae7-bf37-a7b75a4c867b', 'rueckerberg', 1),
                                                                    ('f04405b4-d5cf-4ae7-bf37-a7b75a4c867b', 'southtyreek', 2),
                                                                    ('f04405b4-d5cf-4ae7-bf37-a7b75a4c867b', 'heavenport', 3),
                                                                    ('1592eef1-708f-4967-b5b0-241b5fb81232', 'doral', 0),
                                                                    ('1592eef1-708f-4967-b5b0-241b5fb81232', 'ilianaville', 1),
                                                                    ('1592eef1-708f-4967-b5b0-241b5fb81232', 'colbyfurt', 2),
                                                                    ('1592eef1-708f-4967-b5b0-241b5fb81232', 'eastbertfort', 3),
                                                                    ('89c7d000-9af8-4b38-839c-d10c4cc5da17', 'paulafield', 0),
                                                                    ('89c7d000-9af8-4b38-839c-d10c4cc5da17', 'sanrafael', 1),
                                                                    ('89c7d000-9af8-4b38-839c-d10c4cc5da17', 'portabelfort', 2),
                                                                    ('89c7d000-9af8-4b38-839c-d10c4cc5da17', 'northwarren', 3),
                                                                    ('2c1d5e02-f95c-4544-b0d9-2177588b0cdd', 'fortkristy', 0),
                                                                    ('2c1d5e02-f95c-4544-b0d9-2177588b0cdd', 'portlessie', 1),
                                                                    ('2c1d5e02-f95c-4544-b0d9-2177588b0cdd', 'patriciaboro', 2),
                                                                    ('2c1d5e02-f95c-4544-b0d9-2177588b0cdd', 'jaydonfurt', 3),
                                                                    ('5d49d6d2-4f93-4ac2-ad2d-4d79853df875', 'lakealyce', 0),
                                                                    ('5d49d6d2-4f93-4ac2-ad2d-4d79853df875', 'bofort', 1),
                                                                    ('5d49d6d2-4f93-4ac2-ad2d-4d79853df875', 'kendrickbury', 2),
                                                                    ('5d49d6d2-4f93-4ac2-ad2d-4d79853df875', 'langoshshire', 3),
                                                                    ('4c229a11-7808-48be-b3ec-8cbfa5acf333', 'newmalvinaboro', 0),
                                                                    ('4c229a11-7808-48be-b3ec-8cbfa5acf333', 'evanston', 1),
                                                                    ('4c229a11-7808-48be-b3ec-8cbfa5acf333', 'manhattan', 2),
                                                                    ('4c229a11-7808-48be-b3ec-8cbfa5acf333', 'newark', 3),
                                                                    ('0c7059ba-ac3a-43f7-8c41-271374818831', 'handworth', 0),
                                                                    ('0c7059ba-ac3a-43f7-8c41-271374818831', 'galveston', 1),
                                                                    ('0c7059ba-ac3a-43f7-8c41-271374818831', 'newllewellyn', 2),
                                                                    ('0c7059ba-ac3a-43f7-8c41-271374818831', 'naperville', 3),
                                                                    ('33a1b5ce-d422-4a45-bc61-26acc91f6294', 'ardellaton', 0),
                                                                    ('33a1b5ce-d422-4a45-bc61-26acc91f6294', 'oscarton', 1),
                                                                    ('33a1b5ce-d422-4a45-bc61-26acc91f6294', 'ezekielstad', 2),
                                                                    ('33a1b5ce-d422-4a45-bc61-26acc91f6294', 'rogahnborough', 3),
                                                                    ('3c13cb74-3582-4a5d-8c69-f28c15af4fda', 'denesikberg', 0),
                                                                    ('3c13cb74-3582-4a5d-8c69-f28c15af4fda', 'newllewellyn', 1),
                                                                    ('3c13cb74-3582-4a5d-8c69-f28c15af4fda', 'evanston', 2),
                                                                    ('3c13cb74-3582-4a5d-8c69-f28c15af4fda', 'eastedythe', 3),
                                                                    ('e30aef70-aa7a-4334-b82f-4fa0675a74da', 'dedrickboro', 0),
                                                                    ('e30aef70-aa7a-4334-b82f-4fa0675a74da', 'portlessie', 1),
                                                                    ('e30aef70-aa7a-4334-b82f-4fa0675a74da', 'capecoral', 2),
                                                                    ('e30aef70-aa7a-4334-b82f-4fa0675a74da', 'hackettside', 3),
                                                                    ('c703675e-4cf9-44ed-91ab-2b4263dfc18e', 'stiedemannside', 0),
                                                                    ('c703675e-4cf9-44ed-91ab-2b4263dfc18e', 'ilianaville', 1),
                                                                    ('c703675e-4cf9-44ed-91ab-2b4263dfc18e', 'southtyreek', 2),
                                                                    ('c703675e-4cf9-44ed-91ab-2b4263dfc18e', 'eastvidal', 3),
                                                                    ('d480cde5-6ea8-45cb-94a3-f9b8417c2c25', 'eastmaiyaburgh', 0),
                                                                    ('d480cde5-6ea8-45cb-94a3-f9b8417c2c25', 'ilianaville', 1),
                                                                    ('d480cde5-6ea8-45cb-94a3-f9b8417c2c25', 'bethesda', 2),
                                                                    ('d480cde5-6ea8-45cb-94a3-f9b8417c2c25', 'portfeliciaworth', 3),
                                                                    ('85e9ed1a-ca55-4c6d-8b3b-a910bb6e6ddb', 'arielleville', 0),
                                                                    ('85e9ed1a-ca55-4c6d-8b3b-a910bb6e6ddb', 'patriciaboro', 1),
                                                                    ('85e9ed1a-ca55-4c6d-8b3b-a910bb6e6ddb', 'oscarton', 2),
                                                                    ('85e9ed1a-ca55-4c6d-8b3b-a910bb6e6ddb', 'northtomfurt', 3),
                                                                    ('3a8dbe55-d67f-405a-9332-f14c11e9dda0', 'fortcatharine', 0),
                                                                    ('3a8dbe55-d67f-405a-9332-f14c11e9dda0', 'simivalley', 1),
                                                                    ('3a8dbe55-d67f-405a-9332-f14c11e9dda0', 'colbyfurt', 2),
                                                                    ('3a8dbe55-d67f-405a-9332-f14c11e9dda0', 'portgennaroport', 3),
                                                                    ('b925dfdd-dfe1-4239-8121-97f4491f33d3', 'grandprairie', 0),
                                                                    ('b925dfdd-dfe1-4239-8121-97f4491f33d3', 'oscarton', 1),
                                                                    ('b925dfdd-dfe1-4239-8121-97f4491f33d3', 'sanrafael', 2),
                                                                    ('b925dfdd-dfe1-4239-8121-97f4491f33d3', 'schillerberg', 3),
                                                                    ('bff5560f-8c75-4e72-a804-f836e29443c3', 'northleila', 0),
                                                                    ('bff5560f-8c75-4e72-a804-f836e29443c3', 'northcharleston', 1),
                                                                    ('bff5560f-8c75-4e72-a804-f836e29443c3', 'norththeodora', 2),
                                                                    ('bff5560f-8c75-4e72-a804-f836e29443c3', 'fortraheem', 3),
                                                                    ('3ef48169-6d9d-400c-9f95-e55026aeb6bc', 'flint', 0),
                                                                    ('3ef48169-6d9d-400c-9f95-e55026aeb6bc', 'capecoral', 1),
                                                                    ('3ef48169-6d9d-400c-9f95-e55026aeb6bc', 'portkavonburgh', 2),
                                                                    ('3ef48169-6d9d-400c-9f95-e55026aeb6bc', 'robbiefort', 3),
                                                                    ('2a74576d-cc97-42f9-9d03-8f8b31a0606f', 'lindgrenton', 0),
                                                                    ('2a74576d-cc97-42f9-9d03-8f8b31a0606f', 'westfield', 1),
                                                                    ('2a74576d-cc97-42f9-9d03-8f8b31a0606f', 'conroe', 2),
                                                                    ('2a74576d-cc97-42f9-9d03-8f8b31a0606f', 'harveyfort', 3),
                                                                    ('9565a313-7795-4e48-a9bd-5d7aef69eb52', 'lakenicolasburgh', 0),
                                                                    ('9565a313-7795-4e48-a9bd-5d7aef69eb52', 'collegestation', 1),
                                                                    ('9565a313-7795-4e48-a9bd-5d7aef69eb52', 'southtyreek', 2),
                                                                    ('9565a313-7795-4e48-a9bd-5d7aef69eb52', 'northgodfrey', 3),
                                                                    ('893d9839-85e1-4496-a8ad-fd96dc9e958a', 'huntington', 0),
                                                                    ('893d9839-85e1-4496-a8ad-fd96dc9e958a', 'norththeodora', 1),
                                                                    ('893d9839-85e1-4496-a8ad-fd96dc9e958a', 'oscarton', 2),
                                                                    ('893d9839-85e1-4496-a8ad-fd96dc9e958a', 'newmurray', 3),
                                                                    ('2a27c071-2c7f-4c6d-a469-f4292f430e3f', 'kayliborough', 0),
                                                                    ('2a27c071-2c7f-4c6d-a469-f4292f430e3f', 'sanrafael', 1),
                                                                    ('2a27c071-2c7f-4c6d-a469-f4292f430e3f', 'bofort', 2),
                                                                    ('2a27c071-2c7f-4c6d-a469-f4292f430e3f', 'morganhill', 3),
                                                                    ('f4757272-d2b5-4cbc-95bb-403dd8cd2511', 'treverland', 0),
                                                                    ('f4757272-d2b5-4cbc-95bb-403dd8cd2511', 'columbus', 1),
                                                                    ('f4757272-d2b5-4cbc-95bb-403dd8cd2511', 'krajcikhaven', 2),
                                                                    ('f4757272-d2b5-4cbc-95bb-403dd8cd2511', 'fortcortezfurt', 3),
                                                                    ('19af9470-e49a-4c55-90c8-a3a92a66ce83', 'swaniawskifurt', 0),
                                                                    ('19af9470-e49a-4c55-90c8-a3a92a66ce83', 'colbyfurt', 1),
                                                                    ('19af9470-e49a-4c55-90c8-a3a92a66ce83', 'westdeondreland', 2),
                                                                    ('19af9470-e49a-4c55-90c8-a3a92a66ce83', 'kadenfield', 3),
                                                                    ('de4f4cab-648b-4e52-bd64-ee4a813ee206', 'brantfort', 0),
                                                                    ('de4f4cab-648b-4e52-bd64-ee4a813ee206', 'arcadia', 1),
                                                                    ('de4f4cab-648b-4e52-bd64-ee4a813ee206', 'dovieport', 2),
                                                                    ('de4f4cab-648b-4e52-bd64-ee4a813ee206', 'harrisbury', 3),
                                                                    ('c174179c-0cd4-42e5-8d1a-36be36b47f47', 'jaredside', 0),
                                                                    ('c174179c-0cd4-42e5-8d1a-36be36b47f47', 'newlaisha', 1),
                                                                    ('c174179c-0cd4-42e5-8d1a-36be36b47f47', 'evanston', 2),
                                                                    ('c174179c-0cd4-42e5-8d1a-36be36b47f47', 'hallieburgh', 3),
                                                                    ('bf92cfb8-fc30-443d-96be-15234ab34ae3', 'rochester', 0),
                                                                    ('bf92cfb8-fc30-443d-96be-15234ab34ae3', 'lakedario', 1),
                                                                    ('bf92cfb8-fc30-443d-96be-15234ab34ae3', 'bakersfield', 2),
                                                                    ('bf92cfb8-fc30-443d-96be-15234ab34ae3', 'lowell', 3),
                                                                    ('c0cabd85-88b1-4f0b-850b-c9327a55c437', 'rickeyland', 0),
                                                                    ('c0cabd85-88b1-4f0b-850b-c9327a55c437', 'margate', 1),
                                                                    ('c0cabd85-88b1-4f0b-850b-c9327a55c437', 'columbus', 2),
                                                                    ('c0cabd85-88b1-4f0b-850b-c9327a55c437', 'chrisfield', 3),
                                                                    ('c8e2d152-2dc3-4452-9021-d6a33fbab031', 'volkmanworth', 0),
                                                                    ('c8e2d152-2dc3-4452-9021-d6a33fbab031', 'harmonyfurt', 1),
                                                                    ('c8e2d152-2dc3-4452-9021-d6a33fbab031', 'bauchside', 2),
                                                                    ('c8e2d152-2dc3-4452-9021-d6a33fbab031', 'roeltown', 3),
                                                                    ('a416c504-951c-43a7-accb-e99622ab8e5b', 'gulgowskihaven', 0),
                                                                    ('a416c504-951c-43a7-accb-e99622ab8e5b', 'westfield', 1),
                                                                    ('a416c504-951c-43a7-accb-e99622ab8e5b', 'rueckerberg', 2),
                                                                    ('a416c504-951c-43a7-accb-e99622ab8e5b', 'hamillport', 3),
                                                                    ('2981e348-525a-4e8b-aecc-54bebabe0e4b', 'beahanstad', 0),
                                                                    ('2981e348-525a-4e8b-aecc-54bebabe0e4b', 'khalilborough', 1),
                                                                    ('2981e348-525a-4e8b-aecc-54bebabe0e4b', 'ezekielstad', 2),
                                                                    ('2981e348-525a-4e8b-aecc-54bebabe0e4b', 'bertport', 3),
                                                                    ('64c43c55-7e4e-4bc4-a4d8-61c2c7a2f18d', 'nashport', 0),
                                                                    ('64c43c55-7e4e-4bc4-a4d8-61c2c7a2f18d', 'evanston', 1),
                                                                    ('64c43c55-7e4e-4bc4-a4d8-61c2c7a2f18d', 'simivalley', 2),
                                                                    ('64c43c55-7e4e-4bc4-a4d8-61c2c7a2f18d', 'caylaside', 3),
                                                                    ('4899ccc1-233d-420f-959d-f855d1f7d6aa', 'westnakiachester', 0),
                                                                    ('4899ccc1-233d-420f-959d-f855d1f7d6aa', 'ezekielstad', 1),
                                                                    ('4899ccc1-233d-420f-959d-f855d1f7d6aa', 'simivalley', 2),
                                                                    ('4899ccc1-233d-420f-959d-f855d1f7d6aa', 'westlola', 3),
                                                                    ('28a6f419-522d-41d7-9b85-42fa0ab80c84', 'fortcharlie', 0),
                                                                    ('28a6f419-522d-41d7-9b85-42fa0ab80c84', 'conroe', 1),
                                                                    ('28a6f419-522d-41d7-9b85-42fa0ab80c84', 'manhattan', 2),
                                                                    ('28a6f419-522d-41d7-9b85-42fa0ab80c84', 'kansascity', 3),
                                                                    ('70874e02-3cc0-44a0-8bb6-f2771efb2c3f', 'franzton', 0),
                                                                    ('70874e02-3cc0-44a0-8bb6-f2771efb2c3f', 'colbyfurt', 1),
                                                                    ('70874e02-3cc0-44a0-8bb6-f2771efb2c3f', 'portabelfort', 2),
                                                                    ('70874e02-3cc0-44a0-8bb6-f2771efb2c3f', 'spokanevalley', 3),
                                                                    ('0c70bff3-aab5-4a44-8b43-de24e3d78ecf', 'thewoodlands', 0),
                                                                    ('0c70bff3-aab5-4a44-8b43-de24e3d78ecf', 'matteoport', 1),
                                                                    ('0c70bff3-aab5-4a44-8b43-de24e3d78ecf', 'galveston', 2),
                                                                    ('0c70bff3-aab5-4a44-8b43-de24e3d78ecf', 'portelijah', 3),
                                                                    ('a9e7df45-c319-40c9-a121-983669cb43c7', 'wardview', 0),
                                                                    ('a9e7df45-c319-40c9-a121-983669cb43c7', 'bakersfield', 1),
                                                                    ('a9e7df45-c319-40c9-a121-983669cb43c7', 'ezekielstad', 2),
                                                                    ('a9e7df45-c319-40c9-a121-983669cb43c7', 'southalenehaven', 3),
                                                                    ('e8b1f0b5-1a86-4ef4-a8bd-b83a9d2707cc', 'ullrichworth', 0),
                                                                    ('e8b1f0b5-1a86-4ef4-a8bd-b83a9d2707cc', 'portkavonburgh', 1),
                                                                    ('e8b1f0b5-1a86-4ef4-a8bd-b83a9d2707cc', 'harmonyfurt', 2),
                                                                    ('e8b1f0b5-1a86-4ef4-a8bd-b83a9d2707cc', 'kamilleboro', 3),
                                                                    ('b8daeb47-9e14-4d48-98bf-9a8600e4b445', 'lakinberg', 0),
                                                                    ('b8daeb47-9e14-4d48-98bf-9a8600e4b445', 'bakersfield', 1),
                                                                    ('b8daeb47-9e14-4d48-98bf-9a8600e4b445', 'capecoral', 2),
                                                                    ('b8daeb47-9e14-4d48-98bf-9a8600e4b445', 'dianachester', 3),
                                                                    ('945a7370-7504-488d-984e-15879817f573', 'eastdaltonview', 0),
                                                                    ('945a7370-7504-488d-984e-15879817f573', 'westfield', 1),
                                                                    ('945a7370-7504-488d-984e-15879817f573', 'portlessie', 2),
                                                                    ('945a7370-7504-488d-984e-15879817f573', 'michaelchester', 3),
                                                                    ('d2b0f97f-29a8-42cb-bffd-1ea4b230f36d', 'hettingerhaven', 0),
                                                                    ('d2b0f97f-29a8-42cb-bffd-1ea4b230f36d', 'westdeondreland', 1),
                                                                    ('d2b0f97f-29a8-42cb-bffd-1ea4b230f36d', 'oscarton', 2),
                                                                    ('d2b0f97f-29a8-42cb-bffd-1ea4b230f36d', 'ranchopalosverdes', 3),
                                                                    ('a7edb210-239f-43fe-a606-2a50acd34116', 'greenfeldershire', 0),
                                                                    ('a7edb210-239f-43fe-a606-2a50acd34116', 'portkavonburgh', 1),
                                                                    ('a7edb210-239f-43fe-a606-2a50acd34116', 'southtyreek', 2),
                                                                    ('a7edb210-239f-43fe-a606-2a50acd34116', 'thornton', 3),
                                                                    ('b3b2a8c8-cee3-46dd-aedc-694d4d9c2590', 'newbritain', 0),
                                                                    ('b3b2a8c8-cee3-46dd-aedc-694d4d9c2590', 'colbyfurt', 1),
                                                                    ('b3b2a8c8-cee3-46dd-aedc-694d4d9c2590', 'lynchbury', 2),
                                                                    ('b3b2a8c8-cee3-46dd-aedc-694d4d9c2590', 'fortdamon', 3),
                                                                    ('15764ead-30a6-430e-9317-d19d5f7bf503', 'lakefelicityberg', 0),
                                                                    ('15764ead-30a6-430e-9317-d19d5f7bf503', 'bakersfield', 1),
                                                                    ('15764ead-30a6-430e-9317-d19d5f7bf503', 'simivalley', 2),
                                                                    ('15764ead-30a6-430e-9317-d19d5f7bf503', 'southdoyle', 3),
                                                                    ('c909f9d0-19e2-4fe3-bee6-ec77f89dcd23', 'laredo', 0),
                                                                    ('c909f9d0-19e2-4fe3-bee6-ec77f89dcd23', 'portkavonburgh', 1),
                                                                    ('c909f9d0-19e2-4fe3-bee6-ec77f89dcd23', 'portlessie', 2),
                                                                    ('c909f9d0-19e2-4fe3-bee6-ec77f89dcd23', 'lakerosalind', 3),
                                                                    ('2a8059b5-297f-478d-9d6d-b28478e214d2', 'harrisonbury', 0),
                                                                    ('2a8059b5-297f-478d-9d6d-b28478e214d2', 'southtyreek', 1),
                                                                    ('2a8059b5-297f-478d-9d6d-b28478e214d2', 'portlessie', 2),
                                                                    ('2a8059b5-297f-478d-9d6d-b28478e214d2', 'westkittyport', 3),
                                                                    ('e6a43b53-0d28-4239-9ed5-2d4f4c88d14d', 'reichertview', 0),
                                                                    ('e6a43b53-0d28-4239-9ed5-2d4f4c88d14d', 'fortbettie', 1),
                                                                    ('e6a43b53-0d28-4239-9ed5-2d4f4c88d14d', 'bauchside', 2),
                                                                    ('e6a43b53-0d28-4239-9ed5-2d4f4c88d14d', 'hammeshaven', 3),
                                                                    ('90da9e1a-a443-4b8d-b578-a659d4ee9079', 'fortjess', 0),
                                                                    ('90da9e1a-a443-4b8d-b578-a659d4ee9079', 'fortbettie', 1),
                                                                    ('90da9e1a-a443-4b8d-b578-a659d4ee9079', 'eastaileenside', 2),
                                                                    ('90da9e1a-a443-4b8d-b578-a659d4ee9079', 'northvincenzafield', 3),
                                                                    ('ff20b46b-e16a-4ed2-bd69-6a6588c43e2f', 'lakedeborahtown', 0),
                                                                    ('ff20b46b-e16a-4ed2-bd69-6a6588c43e2f', 'southtyreek', 1),
                                                                    ('ff20b46b-e16a-4ed2-bd69-6a6588c43e2f', 'bauchside', 2),
                                                                    ('ff20b46b-e16a-4ed2-bd69-6a6588c43e2f', 'fortjohnnyton', 3),
                                                                    ('24790974-7813-4b99-a6db-7b44a7715802', 'hegmannstead', 0),
                                                                    ('24790974-7813-4b99-a6db-7b44a7715802', 'murazikstead', 1),
                                                                    ('24790974-7813-4b99-a6db-7b44a7715802', 'westfield', 2),
                                                                    ('24790974-7813-4b99-a6db-7b44a7715802', 'northmarge', 3),
                                                                    ('c94c9864-4d70-4ce0-8e08-f3dffa1f84bf', 'spencerborough', 0),
                                                                    ('c94c9864-4d70-4ce0-8e08-f3dffa1f84bf', 'norththeodora', 1),
                                                                    ('c94c9864-4d70-4ce0-8e08-f3dffa1f84bf', 'conroe', 2),
                                                                    ('c94c9864-4d70-4ce0-8e08-f3dffa1f84bf', 'easthadleyview', 3),
                                                                    ('ddba1e0f-9373-4766-9d54-8d17468a72ea', 'annandale', 0),
                                                                    ('ddba1e0f-9373-4766-9d54-8d17468a72ea', 'lakedario', 1),
                                                                    ('ddba1e0f-9373-4766-9d54-8d17468a72ea', 'manhattan', 2),
                                                                    ('ddba1e0f-9373-4766-9d54-8d17468a72ea', 'turnerville', 3),
                                                                    ('f9f08bd0-fc3d-414c-a3c5-c82fb65f01d2', 'northcade', 0),
                                                                    ('f9f08bd0-fc3d-414c-a3c5-c82fb65f01d2', 'olsonfield', 1),
                                                                    ('f9f08bd0-fc3d-414c-a3c5-c82fb65f01d2', 'southtyreek', 2),
                                                                    ('f9f08bd0-fc3d-414c-a3c5-c82fb65f01d2', 'eleanorafield', 3),
                                                                    ('a2e69953-9379-4f13-8af6-a361b26ab787', 'westbruce', 0),
                                                                    ('a2e69953-9379-4f13-8af6-a361b26ab787', 'eastbrigitte', 1),
                                                                    ('a2e69953-9379-4f13-8af6-a361b26ab787', 'norththeodora', 2),
                                                                    ('a2e69953-9379-4f13-8af6-a361b26ab787', 'frankton', 3),
                                                                    ('9fd9dab0-baeb-4375-b2be-1f353a51b9ee', 'denesiktown', 0),
                                                                    ('9fd9dab0-baeb-4375-b2be-1f353a51b9ee', 'manhattan', 1),
                                                                    ('9fd9dab0-baeb-4375-b2be-1f353a51b9ee', 'bauchside', 2),
                                                                    ('9fd9dab0-baeb-4375-b2be-1f353a51b9ee', 'bentonville', 3),
                                                                    ('613081b4-ff1e-498b-a88c-7143b3f6279c', 'moisesburgh', 0),
                                                                    ('613081b4-ff1e-498b-a88c-7143b3f6279c', 'khalilborough', 1),
                                                                    ('613081b4-ff1e-498b-a88c-7143b3f6279c', 'ilianaville', 2),
                                                                    ('613081b4-ff1e-498b-a88c-7143b3f6279c', 'labadiecester', 3),
                                                                    ('a2a02200-6687-4cb9-8a54-2f5e26625acc', 'reading', 0),
                                                                    ('a2a02200-6687-4cb9-8a54-2f5e26625acc', 'manhattan', 1),
                                                                    ('a2a02200-6687-4cb9-8a54-2f5e26625acc', 'arcadia', 2),
                                                                    ('a2a02200-6687-4cb9-8a54-2f5e26625acc', 'sheldonside', 3),
                                                                    ('f0fd769f-f0a2-4947-92cc-5b58a3fbe1f8', 'minaside', 0),
                                                                    ('f0fd769f-f0a2-4947-92cc-5b58a3fbe1f8', 'eastaileenside', 1),
                                                                    ('f0fd769f-f0a2-4947-92cc-5b58a3fbe1f8', 'westfield', 2),
                                                                    ('f0fd769f-f0a2-4947-92cc-5b58a3fbe1f8', 'portsmouth', 3),
                                                                    ('5441cd1b-d1d1-448b-9945-d850eb8d95de', 'westbrody', 0),
                                                                    ('5441cd1b-d1d1-448b-9945-d850eb8d95de', 'olsonfield', 1),
                                                                    ('5441cd1b-d1d1-448b-9945-d850eb8d95de', 'rueckerberg', 2),
                                                                    ('5441cd1b-d1d1-448b-9945-d850eb8d95de', 'portisaacshire', 3),
                                                                    ('ce8979ab-3bec-4bca-95e1-6cd6893b0df3', 'fortharvey', 0),
                                                                    ('ce8979ab-3bec-4bca-95e1-6cd6893b0df3', 'collegestation', 1),
                                                                    ('ce8979ab-3bec-4bca-95e1-6cd6893b0df3', 'patriciaboro', 2),
                                                                    ('ce8979ab-3bec-4bca-95e1-6cd6893b0df3', 'parisianworth', 3),
                                                                    ('cafedc0f-12ea-4d9b-8eef-6f4219a30abe', 'gloverchester', 0),
                                                                    ('cafedc0f-12ea-4d9b-8eef-6f4219a30abe', 'portlessie', 1),
                                                                    ('cafedc0f-12ea-4d9b-8eef-6f4219a30abe', 'olsonfield', 2),
                                                                    ('cafedc0f-12ea-4d9b-8eef-6f4219a30abe', 'daphneeport', 3),
                                                                    ('ecd92e02-a51a-4360-ac45-7ca18da5522f', 'southamyfield', 0),
                                                                    ('ecd92e02-a51a-4360-ac45-7ca18da5522f', 'manhattan', 1),
                                                                    ('ecd92e02-a51a-4360-ac45-7ca18da5522f', 'jacobihaven', 2),
                                                                    ('ecd92e02-a51a-4360-ac45-7ca18da5522f', 'danbury', 3),
                                                                    ('498a25bb-2364-4991-baad-041b5041a51d', 'arnulfoview', 0),
                                                                    ('498a25bb-2364-4991-baad-041b5041a51d', 'collegestation', 1),
                                                                    ('498a25bb-2364-4991-baad-041b5041a51d', 'collegestation', 2),
                                                                    ('498a25bb-2364-4991-baad-041b5041a51d', 'bergstromberg', 3),
                                                                    ('2127d9cc-3e3f-4b65-88ee-54bde15c9721', 'kennithfield', 0),
                                                                    ('2127d9cc-3e3f-4b65-88ee-54bde15c9721', 'portlessie', 1),
                                                                    ('2127d9cc-3e3f-4b65-88ee-54bde15c9721', 'oscarton', 2),
                                                                    ('2127d9cc-3e3f-4b65-88ee-54bde15c9721', 'schaefertown', 3),
                                                                    ('38429e32-e780-4dc1-8600-96619ab827d3', 'easttellyton', 0),
                                                                    ('38429e32-e780-4dc1-8600-96619ab827d3', 'jacobihaven', 1),
                                                                    ('38429e32-e780-4dc1-8600-96619ab827d3', 'matteoport', 2),
                                                                    ('38429e32-e780-4dc1-8600-96619ab827d3', 'rennertown', 3),
                                                                    ('4f0c5927-1359-455f-ae3b-c5079abeb4c2', 'abbigailstead', 0),
                                                                    ('4f0c5927-1359-455f-ae3b-c5079abeb4c2', 'lakedario', 1),
                                                                    ('4f0c5927-1359-455f-ae3b-c5079abeb4c2', 'norththeodora', 2),
                                                                    ('4f0c5927-1359-455f-ae3b-c5079abeb4c2', 'st.cloud', 3),
                                                                    ('eeb161fd-0a8c-4199-94ff-ec990f74ac89', 'sydneyfield', 0),
                                                                    ('eeb161fd-0a8c-4199-94ff-ec990f74ac89', 'bethesda', 1),
                                                                    ('eeb161fd-0a8c-4199-94ff-ec990f74ac89', 'bofort', 2),
                                                                    ('eeb161fd-0a8c-4199-94ff-ec990f74ac89', 'castlerock', 3),
                                                                    ('034aec84-41f7-4ba4-a633-c05cba2b13a4', 'andreaneworth', 0),
                                                                    ('034aec84-41f7-4ba4-a633-c05cba2b13a4', 'portabelfort', 1),
                                                                    ('034aec84-41f7-4ba4-a633-c05cba2b13a4', 'evanston', 2),
                                                                    ('034aec84-41f7-4ba4-a633-c05cba2b13a4', 'willland', 3),
                                                                    ('faf38147-de45-485b-b68c-d12936bb53b8', 'westmonte', 0),
                                                                    ('faf38147-de45-485b-b68c-d12936bb53b8', 'krajcikhaven', 1),
                                                                    ('faf38147-de45-485b-b68c-d12936bb53b8', 'portkavonburgh', 2),
                                                                    ('faf38147-de45-485b-b68c-d12936bb53b8', 'dietrichton', 3),
                                                                    ('9834b470-b2fb-4d56-827a-d3e2590acc19', 'northlittlerock', 0),
                                                                    ('9834b470-b2fb-4d56-827a-d3e2590acc19', 'portlessie', 1),
                                                                    ('9834b470-b2fb-4d56-827a-d3e2590acc19', 'conroe', 2),
                                                                    ('9834b470-b2fb-4d56-827a-d3e2590acc19', 'kingsport', 3),
                                                                    ('79e0cb11-0acd-45c4-b9dc-a01dc65770e9', 'stokesboro', 0),
                                                                    ('79e0cb11-0acd-45c4-b9dc-a01dc65770e9', 'murazikstead', 1),
                                                                    ('79e0cb11-0acd-45c4-b9dc-a01dc65770e9', 'ramiroton', 2),
                                                                    ('79e0cb11-0acd-45c4-b9dc-a01dc65770e9', 'lakevirginiafort', 3);




















