create table route
(
    id            varchar(36)  not null
        primary key,
    end_station   varchar(255) null,
    start_station varchar(255) null
)
        engine = InnoDB;
INSERT INTO route (id, end_station, start_station) VALUES
                                                       ('e188f469-1e84-4e69-9f7b-ed5c0446fbc9', 'lakeedwinaside', 'northmarta'),
                                                       ('2da59f83-8609-4fcf-94f4-8eded3cefba2', 'jilliancester', 'pollichfurt'),
                                                       ('dfe8a6bd-0871-46fd-89b5-c9be3de606c9', 'portbrooks', 'lakekorbin'),
                                                       ('aa603774-595f-426c-9e47-b2b8ee526816', 'ocala', 'lakerodrick'),
                                                       ('2814d18f-501c-4220-8cab-2a372f86e8cc', 'southaudreanne', 'mosheberg'),
                                                       ('256c5c25-bd65-4ccf-8924-35e597649837', 'eldoradohills', 'easterport'),
                                                       ('7de7ff34-4f2b-454d-b359-08a298ae1503', 'haleyside', 'eastollie'),
                                                       ('b1de0e15-50f4-4199-a159-4d369c59d667', 'newhildegardberg', 'newjordiberg'),
                                                       ('b90412df-19fd-4758-b13d-8de7e80cf669', 'hintztown', 'heathcotemouth'),
                                                       ('cb06157f-3da3-4e96-b8df-34455c98f4c9', 'lakeforest', 'lakekenton'),
                                                       ('ee55145a-c28a-4c47-866c-cbe9040226c6', 'fortisabellport', 'webershire'),
                                                       ('05dc0193-5ed9-482e-ba66-0f134d8422cf', 'kareemshire', 'nashville-davidson'),
                                                       ('a56adf9d-846b-404f-a206-4aa67e2f5adf', 'jeffreyfurt', 'mollyside'),
                                                       ('d0e67eaa-f757-4669-9ed9-1af8f4f91b7e', 'isadoremouth', 'bauchfort'),
                                                       ('9f2093c9-7f0f-4653-84ae-a6280800b008', 'framiboro', 'newgladys'),
                                                       ('f4236c42-578f-40a3-97b4-8f9d4661bf3c', 'newlydia', 'fortgarrison'),
                                                       ('70ca1ae2-8ce0-4a32-8cd3-61c5657c8ff0', 'temple', 'darrellstad'),
                                                       ('d622d71e-c309-4be7-b03a-7a2414ba021c', 'buckridgeboro', 'portgeraldineton'),
                                                       ('ee35dc0d-4cb5-47fe-bad9-1a140743f565', 'southspencer', 'northkeltonburgh'),
                                                       ('3bb72a9d-fbef-43f6-bbba-8c1799c3c61e', 'satterfieldshire', 'estelside'),
                                                       ('aaf26127-bcb1-425c-9c03-9ef8b58812fa', 'southcoyfort', 'malindaburgh'),
                                                       ('b4bbe1ca-526e-4963-8170-b5937a660f1a', 'elnaboro', 'paradise'),
                                                       ('860d7220-8664-4961-a179-84efd7834d37', 'stoltenbergborough', 'johnsbury'),
                                                       ('52cf78d0-6406-4a09-bca3-db029a2ba747', 'irving', 'dubuquebury'),
                                                       ('a594b44e-6926-410a-9176-9433b31d7b25', 'northdayanaview', 'jarretworth'),
                                                       ('97445236-7d6e-45f4-80cd-027c0945e69a', 'northjamarton', 'wilfridberg'),
                                                       ('2c070b9a-6ed6-41b3-8b3a-85f94f43ff33', 'lorenzberg', 'shanahanborough'),
                                                       ('97a66e70-2873-4456-b108-945d6406d49c', 'portjuwan', 'richland'),
                                                       ('91a48951-dc7f-4fe3-99c2-3bc3b21ebf1e', 'shanellehaven', 'mcdermottport'),
                                                       ('95f9a337-7903-4ccd-9e4e-2e019931a59c', 'georgetown', 'evansville'),
                                                       ('c720f892-d227-47d2-b4a2-3afc203056be', 'lakepercivalworth', 'northelvie'),
                                                       ('5b488719-2a0c-40af-be80-627c79a8a576', 'ankundingstad', 'gaithersburg'),
                                                       ('12555eca-1496-49d2-b90b-2edaaaac7cbf', 'koepphaven', 'westbailee'),
                                                       ('2b652d16-bf05-447d-914d-983ea554b3fe', 'nolanfield', 'lakestevieberg'),
                                                       ('54e7a4b9-cf23-4166-a84c-da4de9c22a38', 'forterichboro', 'beckerville'),
                                                       ('c672b2f4-1578-403b-afe7-8d7923b78f27', 'hilpertland', 'portenidmouth'),
                                                       ('53047e30-9cb7-4360-a356-1e655a6cdd0d', 'schinnerchester', 'gerholdstead'),
                                                       ('38da63f6-af81-4c3a-a699-59778ff6f471', 'eastmargareteboro', 'rashadmouth'),
                                                       ('87f1614a-1172-433a-908e-040f6a8c929e', 'jordonburgh', 'kianastad'),
                                                       ('2f38e78d-8071-4d11-94e1-82e3cb8bc071', 'downey', 'southoral'),
                                                       ('48833127-0849-480e-89da-7680bb545cdb', 'daphneystead', 'southmaye'),
                                                       ('569291b7-4bc1-4dac-b81b-7b7f1bea09e5', 'washington', 'northlennie'),
                                                       ('80b7f3f8-be92-4325-83b0-757ce5aaafb0', 'sanfordbury', 'southarielle'),
                                                       ('a3c81fc7-66ff-48c9-ad78-57719d8e9204', 'lakezechariahfort', 'toledo'),
                                                       ('542ce94e-d403-4df3-b7de-ce5652e567ba', 'cedarpark', 'daughertyside'),
                                                       ('7b05a2f6-df8c-42a1-be7e-b74ec1c8e09b', 'fortmarquise', 'waltham'),
                                                       ('b9400633-86d3-47f9-b865-66908a7a5815', 'southhowell', 'pierceport'),
                                                       ('f500bd6d-79b6-4d91-bb40-de0f946f8ea7', 'weststad', 'peteboro'),
                                                       ('780ecc83-b4b2-4f43-a4bf-708259fda30d', 'nashua', 'newluzport'),
                                                       ('6942b9de-43f8-456b-940a-02cd4f605569', 'westemerald', 'tyshawnchester'),
                                                       ('c8a9f29d-5c63-495f-a3fc-f63da703cfba', 'naperville', 'southansel'),
                                                       ('87de4c14-ddc0-481b-a884-4d2c90bcdcf1', 'blancheshire', 'grahamburgh'),
                                                       ('8478c6a7-963a-4261-ae47-d8d2fbf85305', 'draper', 'kameronmouth'),
                                                       ('5f67df2f-6efc-49d8-ae74-924f07c8aa10', 'muncie', 'fortwatsonmouth'),
                                                       ('413ed62c-be8b-4bb2-83c9-6f1ed03449b4', 'fortloyce', 'fortbennettbury'),
                                                       ('553255e1-1206-4308-b9ef-6bd73c43a1b0', 'margareteville', 'filibertoview'),
                                                       ('217156b7-4577-4874-9eee-46cf3354c05b', 'newdora', 'keshaunshire'),
                                                       ('a28522b8-20dd-477c-ba3d-2bf66067e366', 'taylor', 'reymundoview'),
                                                       ('8baacc53-b5af-40ae-adaa-b89e55bb20a4', 'lakejakayla', 'southjazmynworth'),
                                                       ('8665c5e7-5374-44a5-90c6-677a20b7774f', 'lakeglennie', 'gorczanytown'),
                                                       ('ff43674f-748a-4f79-8163-a99599809d13', 'antwanfurt', 'eastbradly'),
                                                       ('282b30fc-23ee-442d-bc50-80b04d693380', 'isaiasview', 'southkelvin'),
                                                       ('d164db4a-91e7-47df-a15e-638ac96acf16', 'goodwinboro', 'guillermostad'),
                                                       ('ce09baf6-21e9-4b4c-ad0f-24e28ea97c78', 'rubencester', 'westericshire'),
                                                       ('0f6b6cd1-8a6e-41ce-ab30-cede54b4253f', 'southkamryn', 'tristianmouth'),
                                                       ('b88abc4a-5a08-48dd-9897-542904bf1e7b', 'marieton', 'forthughstead'),
                                                       ('26bf9e8f-9a4d-4b58-b477-ba59c4ea02e2', 'karliboro', 'lucianomouth'),
                                                       ('8c207566-ba81-4474-9297-70464a8fc96e', 'fortmaribelhaven', 'oberbrunnerview'),
                                                       ('0fb92750-a5dc-410e-a1e1-70bf7d6fae0b', 'northestefania', 'westjaunita'),
                                                       ('34f8050b-a4f5-4d13-903d-c6e269799342', 'eastlucy', 'fortalize'),
                                                       ('7b71dee8-7471-4544-ae96-cce8b659dac3', 'northedison', 'fortsammie'),
                                                       ('837f462a-eb75-4a2e-93e2-a42a50eafc7e', 'portcorene', 'cassinboro'),
                                                       ('ece453dd-6265-4438-883d-68b3242cefe2', 'southkayli', 'marcellaboro'),
                                                       ('7753cbff-1a5d-4d56-b526-f98673d1469b', 'mclean', 'lakethorashire'),
                                                       ('52794550-bc8d-4e10-8728-55adae844c02', 'carleyland', 'lakebernard'),
                                                       ('01a14338-632c-4dd1-ba31-46e02c6c274c', 'newmathilde', 'avisview'),
                                                       ('4dbd0b07-21be-4c23-8b12-399a7ccae589', 'newmargarette', 'kirlinport'),
                                                       ('a15412e1-a9b1-4480-92aa-33a53ca5ca63', 'newabigayle', 'pontiac'),
                                                       ('84b74458-4089-457a-a577-89a039325f99', 'novato', 'lakejesseville'),
                                                       ('b807339f-b45b-4920-8d4a-3d49f58ed78b', 'doylehaven', 'feeneystad'),
                                                       ('b1e1264b-9644-4f1a-a0b2-de4daf04f166', 'giovannytown', 'layneberg'),
                                                       ('b2c1ff3b-5b4b-42c6-a45d-c23400f59dc5', 'sanmarcos', 'collinsboro'),
                                                       ('73ee3d85-cd01-4c50-89b4-caa11ba7b4a2', 'wizamouth', 'lacey'),
                                                       ('b924ec03-b8b1-4508-9da6-f4fd6e6d060b', 'rhiannaborough', 'karenmouth'),
                                                       ('51fc8f56-63aa-4218-9b2c-ff08a8418829', 'rolfsonmouth', 'kirlinhaven'),
                                                       ('9fdce06d-7a53-4d1b-9f2e-71001590fe03', 'eastjessycastad', 'hettingerworth'),
                                                       ('87d0eaf4-0fca-44ff-b6d9-0405ffe09856', 'bradenton', 'newestel'),
                                                       ('a7925301-4b3c-4fa0-9d1f-de39fdc217e5', 'newsteviehaven', 'clovis'),
                                                       ('e061bf53-361b-4dd2-a458-42a8253786e4', 'bernieworth', 'lakealverastad'),
                                                       ('f567ad40-f87d-4461-98d9-883a722bb847', 'champlinfort', 'fortben'),
                                                       ('d23c3d92-fcbf-4bcc-87bc-2fabd19ec529', 'cassinfort', 'concepcionchester'),
                                                       ('eb8af7e1-265c-493d-95e3-a5de0c60da49', 'newannabelle', 'lakemajor'),
                                                       ('a5dceff4-95a9-4083-ae51-eaf1225bf095', 'malachiborough', 'christyfield'),
                                                       ('0c154358-5128-4535-8731-bea5866d94c2', 'o''harastead', 'lakequeenie'),
                                                       ('d73f5dbd-e83d-40ae-9a51-3c451af3c779', 'genesisfort', 'burke'),
                                                       ('93ca46da-33ae-4d0e-8b18-6a529e5ca067', 'portmaxieton', 'pollichborough'),
                                                       ('fe43aa97-7107-45aa-b42a-1bf4a07283c3', 'portkeelyhaven', 'trevionport'),
                                                       ('ac9f3011-7932-4e20-96d6-5aadfc572d30', 'southines', 'gilbert'),
                                                       ('8fa5dfc5-6ac8-46ac-a080-95f43d18eb77', 'worcester', 'johnsoncity'),
                                                       ('2bd866d1-1ddd-4225-af7d-0fbb50e1d8ba', 'torphybury', 'schimmelville');







create table route_distances
(
    route_id        varchar(36) not null,
    distances       int         null,
    distances_order int         not null,
    primary key (route_id, distances_order)
)
        engine = InnoDB;
INSERT INTO route_distances (route_id, distances, distances_order) VALUES
                                                                       ('e188f469-1e84-4e69-9f7b-ed5c0446fbc9', 73.8699849229306, 0),
                                                                       ('e188f469-1e84-4e69-9f7b-ed5c0446fbc9', 80.3899766644463, 1),
                                                                       ('e188f469-1e84-4e69-9f7b-ed5c0446fbc9', 19.943727203644812, 2),
                                                                       ('e188f469-1e84-4e69-9f7b-ed5c0446fbc9', 75.9898928925395, 3),
                                                                       ('2da59f83-8609-4fcf-94f4-8eded3cefba2', 59.84804534818977, 0),
                                                                       ('2da59f83-8609-4fcf-94f4-8eded3cefba2', 45.269018737599254, 1),
                                                                       ('2da59f83-8609-4fcf-94f4-8eded3cefba2', 60.79670393373817, 2),
                                                                       ('2da59f83-8609-4fcf-94f4-8eded3cefba2', 70.1989124994725, 3),
                                                                       ('dfe8a6bd-0871-46fd-89b5-c9be3de606c9', 67.10033027920872, 0),
                                                                       ('dfe8a6bd-0871-46fd-89b5-c9be3de606c9', 30.764029873535037, 1),
                                                                       ('dfe8a6bd-0871-46fd-89b5-c9be3de606c9', 88.28761966433376, 2),
                                                                       ('dfe8a6bd-0871-46fd-89b5-c9be3de606c9', 59.843601449392736, 3),
                                                                       ('aa603774-595f-426c-9e47-b2b8ee526816', 76.27966199070215, 0),
                                                                       ('aa603774-595f-426c-9e47-b2b8ee526816', 79.95622439775616, 1),
                                                                       ('aa603774-595f-426c-9e47-b2b8ee526816', 97.21330965403467, 2),
                                                                       ('aa603774-595f-426c-9e47-b2b8ee526816', 0.2301679691299796, 3),
                                                                       ('2814d18f-501c-4220-8cab-2a372f86e8cc', 62.73791769053787, 0),
                                                                       ('2814d18f-501c-4220-8cab-2a372f86e8cc', 65.73499329388142, 1),
                                                                       ('2814d18f-501c-4220-8cab-2a372f86e8cc', 2.523797284811735, 2),
                                                                       ('2814d18f-501c-4220-8cab-2a372f86e8cc', 22.05053949728608, 3),
                                                                       ('256c5c25-bd65-4ccf-8924-35e597649837', 54.14902155753225, 0),
                                                                       ('256c5c25-bd65-4ccf-8924-35e597649837', 10.477889562025666, 1),
                                                                       ('256c5c25-bd65-4ccf-8924-35e597649837', 60.06859955377877, 2),
                                                                       ('256c5c25-bd65-4ccf-8924-35e597649837', 93.87722213286906, 3),
                                                                       ('7de7ff34-4f2b-454d-b359-08a298ae1503', 37.48784826602787, 0),
                                                                       ('7de7ff34-4f2b-454d-b359-08a298ae1503', 9.314901358447969, 1),
                                                                       ('7de7ff34-4f2b-454d-b359-08a298ae1503', 2.7985073858872056, 2),
                                                                       ('7de7ff34-4f2b-454d-b359-08a298ae1503', 55.72461076080799, 3),
                                                                       ('b1de0e15-50f4-4199-a159-4d369c59d667', 73.52546195033938, 0),
                                                                       ('b1de0e15-50f4-4199-a159-4d369c59d667', 14.169999794103205, 1),
                                                                       ('b1de0e15-50f4-4199-a159-4d369c59d667', 55.85661716759205, 2),
                                                                       ('b1de0e15-50f4-4199-a159-4d369c59d667', 32.155747315846384, 3),
                                                                       ('b90412df-19fd-4758-b13d-8de7e80cf669', 46.58502540551126, 0),
                                                                       ('b90412df-19fd-4758-b13d-8de7e80cf669', 10.175090422853827, 1),
                                                                       ('b90412df-19fd-4758-b13d-8de7e80cf669', 70.48324486240745, 2),
                                                                       ('b90412df-19fd-4758-b13d-8de7e80cf669', 3.7008478306233883, 3),
                                                                       ('cb06157f-3da3-4e96-b8df-34455c98f4c9', 44.430208997800946, 0),
                                                                       ('cb06157f-3da3-4e96-b8df-34455c98f4c9', 48.892781347967684, 1),
                                                                       ('cb06157f-3da3-4e96-b8df-34455c98f4c9', 26.533630467019975, 2),
                                                                       ('cb06157f-3da3-4e96-b8df-34455c98f4c9', 31.783279590308666, 3),
                                                                       ('ee55145a-c28a-4c47-866c-cbe9040226c6', 9.850048506632447, 0),
                                                                       ('ee55145a-c28a-4c47-866c-cbe9040226c6', 83.49756358657032, 1),
                                                                       ('ee55145a-c28a-4c47-866c-cbe9040226c6', 25.252702669240534, 2),
                                                                       ('ee55145a-c28a-4c47-866c-cbe9040226c6', 62.31187470257282, 3),
                                                                       ('05dc0193-5ed9-482e-ba66-0f134d8422cf', 53.18042223807424, 0),
                                                                       ('05dc0193-5ed9-482e-ba66-0f134d8422cf', 35.30556759797037, 1),
                                                                       ('05dc0193-5ed9-482e-ba66-0f134d8422cf', 18.64043464884162, 2),
                                                                       ('05dc0193-5ed9-482e-ba66-0f134d8422cf', 37.862410000525415, 3),
                                                                       ('a56adf9d-846b-404f-a206-4aa67e2f5adf', 25.293107074685395, 0),
                                                                       ('a56adf9d-846b-404f-a206-4aa67e2f5adf', 74.65071766637266, 1),
                                                                       ('a56adf9d-846b-404f-a206-4aa67e2f5adf', 29.96912761591375, 2),
                                                                       ('a56adf9d-846b-404f-a206-4aa67e2f5adf', 76.1316595831886, 3),
                                                                       ('d0e67eaa-f757-4669-9ed9-1af8f4f91b7e', 44.74484580568969, 0),
                                                                       ('d0e67eaa-f757-4669-9ed9-1af8f4f91b7e', 82.27221393026412, 1),
                                                                       ('d0e67eaa-f757-4669-9ed9-1af8f4f91b7e', 40.21013481542468, 2),
                                                                       ('d0e67eaa-f757-4669-9ed9-1af8f4f91b7e', 37.325457320548594, 3),
                                                                       ('9f2093c9-7f0f-4653-84ae-a6280800b008', 32.550787879154086, 0),
                                                                       ('9f2093c9-7f0f-4653-84ae-a6280800b008', 84.27283023484051, 1),
                                                                       ('9f2093c9-7f0f-4653-84ae-a6280800b008', 61.800277046859264, 2),
                                                                       ('9f2093c9-7f0f-4653-84ae-a6280800b008', 81.42543265130371, 3),
                                                                       ('f4236c42-578f-40a3-97b4-8f9d4661bf3c', 61.539776623249054, 0),
                                                                       ('f4236c42-578f-40a3-97b4-8f9d4661bf3c', 55.23611947428435, 1),
                                                                       ('f4236c42-578f-40a3-97b4-8f9d4661bf3c', 97.12624396197498, 2),
                                                                       ('f4236c42-578f-40a3-97b4-8f9d4661bf3c', 18.857527896761894, 3),
                                                                       ('70ca1ae2-8ce0-4a32-8cd3-61c5657c8ff0', 10.040976549498737, 0),
                                                                       ('70ca1ae2-8ce0-4a32-8cd3-61c5657c8ff0', 95.20489692222327, 1),
                                                                       ('70ca1ae2-8ce0-4a32-8cd3-61c5657c8ff0', 33.88141200412065, 2),
                                                                       ('70ca1ae2-8ce0-4a32-8cd3-61c5657c8ff0', 75.69630430079997, 3),
                                                                       ('d622d71e-c309-4be7-b03a-7a2414ba021c', 44.3115844624117, 0),
                                                                       ('d622d71e-c309-4be7-b03a-7a2414ba021c', 62.54762534517795, 1),
                                                                       ('d622d71e-c309-4be7-b03a-7a2414ba021c', 25.289547839201987, 2),
                                                                       ('d622d71e-c309-4be7-b03a-7a2414ba021c', 65.00191309023649, 3),
                                                                       ('ee35dc0d-4cb5-47fe-bad9-1a140743f565', 46.93466254975647, 0),
                                                                       ('ee35dc0d-4cb5-47fe-bad9-1a140743f565', 13.44134679529816, 1),
                                                                       ('ee35dc0d-4cb5-47fe-bad9-1a140743f565', 51.462597073987126, 2),
                                                                       ('ee35dc0d-4cb5-47fe-bad9-1a140743f565', 0.5151532590389252, 3),
                                                                       ('3bb72a9d-fbef-43f6-bbba-8c1799c3c61e', 92.87795936688781, 0),
                                                                       ('3bb72a9d-fbef-43f6-bbba-8c1799c3c61e', 55.29488592874259, 1),
                                                                       ('3bb72a9d-fbef-43f6-bbba-8c1799c3c61e', 74.1661639418453, 2),
                                                                       ('3bb72a9d-fbef-43f6-bbba-8c1799c3c61e', 70.56370074860752, 3),
                                                                       ('aaf26127-bcb1-425c-9c03-9ef8b58812fa', 33.1834705080837, 0),
                                                                       ('aaf26127-bcb1-425c-9c03-9ef8b58812fa', 43.04696507751942, 1),
                                                                       ('aaf26127-bcb1-425c-9c03-9ef8b58812fa', 73.27333262655884, 2),
                                                                       ('aaf26127-bcb1-425c-9c03-9ef8b58812fa', 79.32017217390239, 3),
                                                                       ('b4bbe1ca-526e-4963-8170-b5937a660f1a', 12.412964086979628, 0),
                                                                       ('b4bbe1ca-526e-4963-8170-b5937a660f1a', 8.353852410800755, 1),
                                                                       ('b4bbe1ca-526e-4963-8170-b5937a660f1a', 17.478539026342332, 2),
                                                                       ('b4bbe1ca-526e-4963-8170-b5937a660f1a', 69.17631020769477, 3),
                                                                       ('860d7220-8664-4961-a179-84efd7834d37', 79.81045730412006, 0),
                                                                       ('860d7220-8664-4961-a179-84efd7834d37', 54.36638379469514, 1),
                                                                       ('860d7220-8664-4961-a179-84efd7834d37', 59.992386936210096, 2),
                                                                       ('860d7220-8664-4961-a179-84efd7834d37', 93.46757160965353, 3),
                                                                       ('52cf78d0-6406-4a09-bca3-db029a2ba747', 18.43631719239056, 0),
                                                                       ('52cf78d0-6406-4a09-bca3-db029a2ba747', 6.795144476927817, 1),
                                                                       ('52cf78d0-6406-4a09-bca3-db029a2ba747', 44.07826093956828, 2),
                                                                       ('52cf78d0-6406-4a09-bca3-db029a2ba747', 6.837191712111235, 3),
                                                                       ('a594b44e-6926-410a-9176-9433b31d7b25', 41.04746289085597, 0),
                                                                       ('a594b44e-6926-410a-9176-9433b31d7b25', 14.770944369956851, 1),
                                                                       ('a594b44e-6926-410a-9176-9433b31d7b25', 42.12485149037093, 2),
                                                                       ('a594b44e-6926-410a-9176-9433b31d7b25', 60.61588742304593, 3),
                                                                       ('97445236-7d6e-45f4-80cd-027c0945e69a', 42.385680857114494, 0),
                                                                       ('97445236-7d6e-45f4-80cd-027c0945e69a', 43.16972040105611, 1),
                                                                       ('97445236-7d6e-45f4-80cd-027c0945e69a', 27.40214099176228, 2),
                                                                       ('97445236-7d6e-45f4-80cd-027c0945e69a', 20.4453561687842, 3),
                                                                       ('2c070b9a-6ed6-41b3-8b3a-85f94f43ff33', 74.39870468806475, 0),
                                                                       ('2c070b9a-6ed6-41b3-8b3a-85f94f43ff33', 24.813259858638048, 1),
                                                                       ('2c070b9a-6ed6-41b3-8b3a-85f94f43ff33', 38.132877298630774, 2),
                                                                       ('2c070b9a-6ed6-41b3-8b3a-85f94f43ff33', 26.415618672035635, 3),
                                                                       ('97a66e70-2873-4456-b108-945d6406d49c', 99.78458443656564, 0),
                                                                       ('97a66e70-2873-4456-b108-945d6406d49c', 66.89187788870186, 1),
                                                                       ('97a66e70-2873-4456-b108-945d6406d49c', 40.852196561172605, 2),
                                                                       ('97a66e70-2873-4456-b108-945d6406d49c', 49.77941419929266, 3),
                                                                       ('91a48951-dc7f-4fe3-99c2-3bc3b21ebf1e', 75.7237897021696, 0),
                                                                       ('91a48951-dc7f-4fe3-99c2-3bc3b21ebf1e', 1.5387714374810457, 1),
                                                                       ('91a48951-dc7f-4fe3-99c2-3bc3b21ebf1e', 61.81469669099897, 2),
                                                                       ('91a48951-dc7f-4fe3-99c2-3bc3b21ebf1e', 27.27111433632672, 3),
                                                                       ('95f9a337-7903-4ccd-9e4e-2e019931a59c', 27.27535553276539, 0),
                                                                       ('95f9a337-7903-4ccd-9e4e-2e019931a59c', 55.43473472353071, 1),
                                                                       ('95f9a337-7903-4ccd-9e4e-2e019931a59c', 37.87968922406435, 2),
                                                                       ('95f9a337-7903-4ccd-9e4e-2e019931a59c', 20.907180616632104, 3),
                                                                       ('c720f892-d227-47d2-b4a2-3afc203056be', 23.04803836159408, 0),
                                                                       ('c720f892-d227-47d2-b4a2-3afc203056be', 89.26578189712018, 1),
                                                                       ('c720f892-d227-47d2-b4a2-3afc203056be', 13.434258219785988, 2),
                                                                       ('c720f892-d227-47d2-b4a2-3afc203056be', 7.876506424508989, 3),
                                                                       ('5b488719-2a0c-40af-be80-627c79a8a576', 93.10241811908782, 0),
                                                                       ('5b488719-2a0c-40af-be80-627c79a8a576', 88.34533900953829, 1),
                                                                       ('5b488719-2a0c-40af-be80-627c79a8a576', 57.32582446653396, 2),
                                                                       ('5b488719-2a0c-40af-be80-627c79a8a576', 27.78260577470064, 3),
                                                                       ('12555eca-1496-49d2-b90b-2edaaaac7cbf', 45.74385113082826, 0),
                                                                       ('12555eca-1496-49d2-b90b-2edaaaac7cbf', 31.674104742705822, 1),
                                                                       ('12555eca-1496-49d2-b90b-2edaaaac7cbf', 16.91721274983138, 2),
                                                                       ('12555eca-1496-49d2-b90b-2edaaaac7cbf', 17.81603021081537, 3),
                                                                       ('2b652d16-bf05-447d-914d-983ea554b3fe', 4.394682543352246, 0),
                                                                       ('2b652d16-bf05-447d-914d-983ea554b3fe', 16.054384084418416, 1),
                                                                       ('2b652d16-bf05-447d-914d-983ea554b3fe', 50.72412195149809, 2),
                                                                       ('2b652d16-bf05-447d-914d-983ea554b3fe', 43.9913428388536, 3),
                                                                       ('54e7a4b9-cf23-4166-a84c-da4de9c22a38', 6.427431805059314, 0),
                                                                       ('54e7a4b9-cf23-4166-a84c-da4de9c22a38', 36.26706164795905, 1),
                                                                       ('54e7a4b9-cf23-4166-a84c-da4de9c22a38', 58.708202582784, 2),
                                                                       ('54e7a4b9-cf23-4166-a84c-da4de9c22a38', 79.30116625502706, 3),
                                                                       ('c672b2f4-1578-403b-afe7-8d7923b78f27', 89.67817758675665, 0),
                                                                       ('c672b2f4-1578-403b-afe7-8d7923b78f27', 77.85882442258298, 1),
                                                                       ('c672b2f4-1578-403b-afe7-8d7923b78f27', 12.232862482778728, 2),
                                                                       ('c672b2f4-1578-403b-afe7-8d7923b78f27', 64.14618133567274, 3),
                                                                       ('53047e30-9cb7-4360-a356-1e655a6cdd0d', 0.33950372599065304, 0),
                                                                       ('53047e30-9cb7-4360-a356-1e655a6cdd0d', 39.76337562780827, 1),
                                                                       ('53047e30-9cb7-4360-a356-1e655a6cdd0d', 0.5641138181090355, 2),
                                                                       ('53047e30-9cb7-4360-a356-1e655a6cdd0d', 53.38272105436772, 3),
                                                                       ('38da63f6-af81-4c3a-a699-59778ff6f471', 62.947954004630446, 0),
                                                                       ('38da63f6-af81-4c3a-a699-59778ff6f471', 65.65959376748651, 1),
                                                                       ('38da63f6-af81-4c3a-a699-59778ff6f471', 87.82500626984984, 2),
                                                                       ('38da63f6-af81-4c3a-a699-59778ff6f471', 54.23483047634363, 3),
                                                                       ('87f1614a-1172-433a-908e-040f6a8c929e', 44.796755141578615, 0),
                                                                       ('87f1614a-1172-433a-908e-040f6a8c929e', 13.75453642103821, 1),
                                                                       ('87f1614a-1172-433a-908e-040f6a8c929e', 12.385350000113249, 2),
                                                                       ('87f1614a-1172-433a-908e-040f6a8c929e', 54.14817170239985, 3),
                                                                       ('2f38e78d-8071-4d11-94e1-82e3cb8bc071', 90.09998757392168, 0),
                                                                       ('2f38e78d-8071-4d11-94e1-82e3cb8bc071', 88.73555997852236, 1),
                                                                       ('2f38e78d-8071-4d11-94e1-82e3cb8bc071', 61.33533886168152, 2),
                                                                       ('2f38e78d-8071-4d11-94e1-82e3cb8bc071', 74.81241861823946, 3),
                                                                       ('48833127-0849-480e-89da-7680bb545cdb', 43.41040977742523, 0),
                                                                       ('48833127-0849-480e-89da-7680bb545cdb', 93.98576261010021, 1),
                                                                       ('48833127-0849-480e-89da-7680bb545cdb', 29.162605199962854, 2),
                                                                       ('48833127-0849-480e-89da-7680bb545cdb', 61.73274053726345, 3),
                                                                       ('569291b7-4bc1-4dac-b81b-7b7f1bea09e5', 11.122817359864712, 0),
                                                                       ('569291b7-4bc1-4dac-b81b-7b7f1bea09e5', 87.43168038781732, 1),
                                                                       ('569291b7-4bc1-4dac-b81b-7b7f1bea09e5', 18.189583718776703, 2),
                                                                       ('569291b7-4bc1-4dac-b81b-7b7f1bea09e5', 7.076572324149311, 3),
                                                                       ('80b7f3f8-be92-4325-83b0-757ce5aaafb0', 3.834507381543517, 0),
                                                                       ('80b7f3f8-be92-4325-83b0-757ce5aaafb0', 15.433568926528096, 1),
                                                                       ('80b7f3f8-be92-4325-83b0-757ce5aaafb0', 27.29422627016902, 2),
                                                                       ('80b7f3f8-be92-4325-83b0-757ce5aaafb0', 76.93245937116444, 3),
                                                                       ('a3c81fc7-66ff-48c9-ad78-57719d8e9204', 33.9868089184165, 0),
                                                                       ('a3c81fc7-66ff-48c9-ad78-57719d8e9204', 76.62434244994074, 1),
                                                                       ('a3c81fc7-66ff-48c9-ad78-57719d8e9204', 4.927912028506398, 2),
                                                                       ('a3c81fc7-66ff-48c9-ad78-57719d8e9204', 80.10525056160986, 3),
                                                                       ('542ce94e-d403-4df3-b7de-ce5652e567ba', 98.49273811560124, 0),
                                                                       ('542ce94e-d403-4df3-b7de-ce5652e567ba', 75.3716530976817, 1),
                                                                       ('542ce94e-d403-4df3-b7de-ce5652e567ba', 9.568924875929952, 2),
                                                                       ('542ce94e-d403-4df3-b7de-ce5652e567ba', 41.374254203401506, 3),
                                                                       ('7b05a2f6-df8c-42a1-be7e-b74ec1c8e09b', 53.12158730812371, 0),
                                                                       ('7b05a2f6-df8c-42a1-be7e-b74ec1c8e09b', 39.25866431090981, 1),
                                                                       ('7b05a2f6-df8c-42a1-be7e-b74ec1c8e09b', 65.73239853605628, 2),
                                                                       ('7b05a2f6-df8c-42a1-be7e-b74ec1c8e09b', 29.26416858099401, 3),
                                                                       ('b9400633-86d3-47f9-b865-66908a7a5815', 11.99135947972536, 0),
                                                                       ('b9400633-86d3-47f9-b865-66908a7a5815', 1.087081478908658, 1),
                                                                       ('b9400633-86d3-47f9-b865-66908a7a5815', 38.858447154052556, 2),
                                                                       ('b9400633-86d3-47f9-b865-66908a7a5815', 58.09058810118586, 3),
                                                                       ('f500bd6d-79b6-4d91-bb40-de0f946f8ea7', 65.94768126960844, 0),
                                                                       ('f500bd6d-79b6-4d91-bb40-de0f946f8ea7', 33.20626120548695, 1),
                                                                       ('f500bd6d-79b6-4d91-bb40-de0f946f8ea7', 39.23365662340075, 2),
                                                                       ('f500bd6d-79b6-4d91-bb40-de0f946f8ea7', 5.794524261727929, 3),
                                                                       ('780ecc83-b4b2-4f43-a4bf-708259fda30d', 9.109707409515977, 0),
                                                                       ('780ecc83-b4b2-4f43-a4bf-708259fda30d', 90.18501029349864, 1),
                                                                       ('780ecc83-b4b2-4f43-a4bf-708259fda30d', 7.505496288649738, 2),
                                                                       ('780ecc83-b4b2-4f43-a4bf-708259fda30d', 15.229028859175742, 3),
                                                                       ('6942b9de-43f8-456b-940a-02cd4f605569', 78.27089119236916, 0),
                                                                       ('6942b9de-43f8-456b-940a-02cd4f605569', 30.23317032493651, 1),
                                                                       ('6942b9de-43f8-456b-940a-02cd4f605569', 74.83967053703964, 2),
                                                                       ('6942b9de-43f8-456b-940a-02cd4f605569', 7.104818080551922, 3),
                                                                       ('c8a9f29d-5c63-495f-a3fc-f63da703cfba', 73.47327063325793, 0),
                                                                       ('c8a9f29d-5c63-495f-a3fc-f63da703cfba', 38.72456061653793, 1),
                                                                       ('c8a9f29d-5c63-495f-a3fc-f63da703cfba', 69.72642550244927, 2),
                                                                       ('c8a9f29d-5c63-495f-a3fc-f63da703cfba', 44.20688070822507, 3),
                                                                       ('87de4c14-ddc0-481b-a884-4d2c90bcdcf1', 46.033360343426466, 0),
                                                                       ('87de4c14-ddc0-481b-a884-4d2c90bcdcf1', 24.588564108125865, 1),
                                                                       ('87de4c14-ddc0-481b-a884-4d2c90bcdcf1', 50.680688908323646, 2),
                                                                       ('87de4c14-ddc0-481b-a884-4d2c90bcdcf1', 83.23889018502086, 3),
                                                                       ('8478c6a7-963a-4261-ae47-d8d2fbf85305', 5.831275344826281, 0),
                                                                       ('8478c6a7-963a-4261-ae47-d8d2fbf85305', 64.23885296098888, 1),
                                                                       ('8478c6a7-963a-4261-ae47-d8d2fbf85305', 60.65197347197682, 2),
                                                                       ('8478c6a7-963a-4261-ae47-d8d2fbf85305', 58.738274266943336, 3),
                                                                       ('5f67df2f-6efc-49d8-ae74-924f07c8aa10', 9.020161023363471, 0),
                                                                       ('5f67df2f-6efc-49d8-ae74-924f07c8aa10', 41.82094412390143, 1),
                                                                       ('5f67df2f-6efc-49d8-ae74-924f07c8aa10', 57.10871883202344, 2),
                                                                       ('5f67df2f-6efc-49d8-ae74-924f07c8aa10', 44.43764225579798, 3),
                                                                       ('413ed62c-be8b-4bb2-83c9-6f1ed03449b4', 48.932767868973315, 0),
                                                                       ('413ed62c-be8b-4bb2-83c9-6f1ed03449b4', 59.76706419605762, 1),
                                                                       ('413ed62c-be8b-4bb2-83c9-6f1ed03449b4', 86.0423345118761, 2),
                                                                       ('413ed62c-be8b-4bb2-83c9-6f1ed03449b4', 70.66591724287719, 3),
                                                                       ('553255e1-1206-4308-b9ef-6bd73c43a1b0', 31.647176202386618, 0),
                                                                       ('553255e1-1206-4308-b9ef-6bd73c43a1b0', 68.3718386106193, 1),
                                                                       ('553255e1-1206-4308-b9ef-6bd73c43a1b0', 74.20156879816204, 2),
                                                                       ('553255e1-1206-4308-b9ef-6bd73c43a1b0', 23.877123929560184, 3),
                                                                       ('217156b7-4577-4874-9eee-46cf3354c05b', 51.64714728016406, 0),
                                                                       ('217156b7-4577-4874-9eee-46cf3354c05b', 56.936187110841274, 1),
                                                                       ('217156b7-4577-4874-9eee-46cf3354c05b', 52.71607888862491, 2),
                                                                       ('217156b7-4577-4874-9eee-46cf3354c05b', 57.634786842390895, 3),
                                                                       ('a28522b8-20dd-477c-ba3d-2bf66067e366', 61.409994889982045, 0),
                                                                       ('a28522b8-20dd-477c-ba3d-2bf66067e366', 90.07032201625407, 1),
                                                                       ('a28522b8-20dd-477c-ba3d-2bf66067e366', 77.90014455094934, 2),
                                                                       ('a28522b8-20dd-477c-ba3d-2bf66067e366', 89.97350898571312, 3),
                                                                       ('8baacc53-b5af-40ae-adaa-b89e55bb20a4', 54.93082019966096, 0),
                                                                       ('8baacc53-b5af-40ae-adaa-b89e55bb20a4', 88.78179977182299, 1),
                                                                       ('8baacc53-b5af-40ae-adaa-b89e55bb20a4', 12.733440264128149, 2),
                                                                       ('8baacc53-b5af-40ae-adaa-b89e55bb20a4', 29.364062123931944, 3),
                                                                       ('8665c5e7-5374-44a5-90c6-677a20b7774f', 94.16578279342502, 0),
                                                                       ('8665c5e7-5374-44a5-90c6-677a20b7774f', 35.25578286498785, 1),
                                                                       ('8665c5e7-5374-44a5-90c6-677a20b7774f', 34.65287631843239, 2),
                                                                       ('8665c5e7-5374-44a5-90c6-677a20b7774f', 98.86911832727492, 3),
                                                                       ('ff43674f-748a-4f79-8163-a99599809d13', 21.222499711439013, 0),
                                                                       ('ff43674f-748a-4f79-8163-a99599809d13', 56.38953673187643, 1),
                                                                       ('ff43674f-748a-4f79-8163-a99599809d13', 0.36443208809942007, 2),
                                                                       ('ff43674f-748a-4f79-8163-a99599809d13', 20.243010204285383, 3),
                                                                       ('282b30fc-23ee-442d-bc50-80b04d693380', 46.830810233950615, 0),
                                                                       ('282b30fc-23ee-442d-bc50-80b04d693380', 76.06403715908527, 1),
                                                                       ('282b30fc-23ee-442d-bc50-80b04d693380', 77.08899974822998, 2),
                                                                       ('282b30fc-23ee-442d-bc50-80b04d693380', 15.629623457789421, 3),
                                                                       ('d164db4a-91e7-47df-a15e-638ac96acf16', 11.931325984187424, 0),
                                                                       ('d164db4a-91e7-47df-a15e-638ac96acf16', 17.412736965343356, 1),
                                                                       ('d164db4a-91e7-47df-a15e-638ac96acf16', 30.565488943830132, 2),
                                                                       ('d164db4a-91e7-47df-a15e-638ac96acf16', 86.93139827810228, 3),
                                                                       ('ce09baf6-21e9-4b4c-ad0f-24e28ea97c78', 93.07444244623184, 0),
                                                                       ('ce09baf6-21e9-4b4c-ad0f-24e28ea97c78', 89.22270631883293, 1),
                                                                       ('ce09baf6-21e9-4b4c-ad0f-24e28ea97c78', 16.268992400728166, 2),
                                                                       ('ce09baf6-21e9-4b4c-ad0f-24e28ea97c78', 27.834322256967425, 3),
                                                                       ('0f6b6cd1-8a6e-41ce-ab30-cede54b4253f', 7.608686154708266, 0),
                                                                       ('0f6b6cd1-8a6e-41ce-ab30-cede54b4253f', 50.88847957085818, 1),
                                                                       ('0f6b6cd1-8a6e-41ce-ab30-cede54b4253f', 12.221937230788171, 2),
                                                                       ('0f6b6cd1-8a6e-41ce-ab30-cede54b4253f', 98.56288032606244, 3),
                                                                       ('b88abc4a-5a08-48dd-9897-542904bf1e7b', 53.226694418117404, 0),
                                                                       ('b88abc4a-5a08-48dd-9897-542904bf1e7b', 18.869312247261405, 1),
                                                                       ('b88abc4a-5a08-48dd-9897-542904bf1e7b', 77.64558610506356, 2),
                                                                       ('b88abc4a-5a08-48dd-9897-542904bf1e7b', 21.64133107289672, 3),
                                                                       ('26bf9e8f-9a4d-4b58-b477-ba59c4ea02e2', 31.504803872667253, 0),
                                                                       ('26bf9e8f-9a4d-4b58-b477-ba59c4ea02e2', 50.91933466028422, 1),
                                                                       ('26bf9e8f-9a4d-4b58-b477-ba59c4ea02e2', 78.53125964757055, 2),
                                                                       ('26bf9e8f-9a4d-4b58-b477-ba59c4ea02e2', 80.33369360491633, 3),
                                                                       ('8c207566-ba81-4474-9297-70464a8fc96e', 44.981057778932154, 0),
                                                                       ('8c207566-ba81-4474-9297-70464a8fc96e', 33.750032586976886, 1),
                                                                       ('8c207566-ba81-4474-9297-70464a8fc96e', 31.28414638340473, 2),
                                                                       ('8c207566-ba81-4474-9297-70464a8fc96e', 48.86052613146603, 3),
                                                                       ('0fb92750-a5dc-410e-a1e1-70bf7d6fae0b', 92.50256710220128, 0),
                                                                       ('0fb92750-a5dc-410e-a1e1-70bf7d6fae0b', 38.83983411360532, 1),
                                                                       ('0fb92750-a5dc-410e-a1e1-70bf7d6fae0b', 65.57374224066734, 2),
                                                                       ('0fb92750-a5dc-410e-a1e1-70bf7d6fae0b', 89.58145130891353, 3),
                                                                       ('34f8050b-a4f5-4d13-903d-c6e269799342', 61.749422969296575, 0),
                                                                       ('34f8050b-a4f5-4d13-903d-c6e269799342', 54.6684519154951, 1),
                                                                       ('34f8050b-a4f5-4d13-903d-c6e269799342', 42.82393269240856, 2),
                                                                       ('34f8050b-a4f5-4d13-903d-c6e269799342', 38.53561456780881, 3),
                                                                       ('7b71dee8-7471-4544-ae96-cce8b659dac3', 33.59745922498405, 0),
                                                                       ('7b71dee8-7471-4544-ae96-cce8b659dac3', 99.12693619262427, 1),
                                                                       ('7b71dee8-7471-4544-ae96-cce8b659dac3', 78.75016911420971, 2),
                                                                       ('7b71dee8-7471-4544-ae96-cce8b659dac3', 64.49370589107275, 3),
                                                                       ('837f462a-eb75-4a2e-93e2-a42a50eafc7e', 66.45784238353372, 0),
                                                                       ('837f462a-eb75-4a2e-93e2-a42a50eafc7e', 80.59284305199981, 1),
                                                                       ('837f462a-eb75-4a2e-93e2-a42a50eafc7e', 64.07639351673424, 2),
                                                                       ('837f462a-eb75-4a2e-93e2-a42a50eafc7e', 5.0555792870000005, 3),
                                                                       ('ece453dd-6265-4438-883d-68b3242cefe2', 1.5638141427189112, 0),
                                                                       ('ece453dd-6265-4438-883d-68b3242cefe2', 2.0916315028443933, 1),
                                                                       ('ece453dd-6265-4438-883d-68b3242cefe2', 23.270842689089477, 2),
                                                                       ('ece453dd-6265-4438-883d-68b3242cefe2', 99.40169306937605, 3),
                                                                       ('7753cbff-1a5d-4d56-b526-f98673d1469b', 19.395124283619225, 0),
                                                                       ('7753cbff-1a5d-4d56-b526-f98673d1469b', 5.344340717419982, 1),
                                                                       ('7753cbff-1a5d-4d56-b526-f98673d1469b', 31.192926177754998, 2),
                                                                       ('7753cbff-1a5d-4d56-b526-f98673d1469b', 63.749397569336, 3),
                                                                       ('52794550-bc8d-4e10-8728-55adae844c02', 40.19252574071288, 0),
                                                                       ('52794550-bc8d-4e10-8728-55adae844c02', 64.36151096131653, 1),
                                                                       ('52794550-bc8d-4e10-8728-55adae844c02', 57.35376672819257, 2),
                                                                       ('52794550-bc8d-4e10-8728-55adae844c02', 92.95611309353262, 3),
                                                                       ('01a14338-632c-4dd1-ba31-46e02c6c274c', 16.338511928915977, 0),
                                                                       ('01a14338-632c-4dd1-ba31-46e02c6c274c', 76.96466676425189, 1),
                                                                       ('01a14338-632c-4dd1-ba31-46e02c6c274c', 49.77233842946589, 2),
                                                                       ('01a14338-632c-4dd1-ba31-46e02c6c274c', 64.40616364125162, 3),
                                                                       ('4dbd0b07-21be-4c23-8b12-399a7ccae589', 56.29549082368612, 0),
                                                                       ('4dbd0b07-21be-4c23-8b12-399a7ccae589', 81.99770739302039, 1),
                                                                       ('4dbd0b07-21be-4c23-8b12-399a7ccae589', 13.987081754021347, 2),
                                                                       ('4dbd0b07-21be-4c23-8b12-399a7ccae589', 88.45251796301454, 3),
                                                                       ('a15412e1-a9b1-4480-92aa-33a53ca5ca63', 80.27471047826111, 0),
                                                                       ('a15412e1-a9b1-4480-92aa-33a53ca5ca63', 44.44231821689755, 1),
                                                                       ('a15412e1-a9b1-4480-92aa-33a53ca5ca63', 62.75228657759726, 2),
                                                                       ('a15412e1-a9b1-4480-92aa-33a53ca5ca63', 13.060205848887563, 3),
                                                                       ('84b74458-4089-457a-a577-89a039325f99', 71.46447044797242, 0),
                                                                       ('84b74458-4089-457a-a577-89a039325f99', 74.8098328243941, 1),
                                                                       ('84b74458-4089-457a-a577-89a039325f99', 41.93530515767634, 2),
                                                                       ('84b74458-4089-457a-a577-89a039325f99', 97.16127135325223, 3),
                                                                       ('b807339f-b45b-4920-8d4a-3d49f58ed78b', 28.70201705954969, 0),
                                                                       ('b807339f-b45b-4920-8d4a-3d49f58ed78b', 64.2158315749839, 1),
                                                                       ('b807339f-b45b-4920-8d4a-3d49f58ed78b', 12.583265895955265, 2),
                                                                       ('b807339f-b45b-4920-8d4a-3d49f58ed78b', 60.54844076279551, 3),
                                                                       ('b1e1264b-9644-4f1a-a0b2-de4daf04f166', 91.97968256194144, 0),
                                                                       ('b1e1264b-9644-4f1a-a0b2-de4daf04f166', 65.79871766734868, 1),
                                                                       ('b1e1264b-9644-4f1a-a0b2-de4daf04f166', 12.800149829126894, 2),
                                                                       ('b1e1264b-9644-4f1a-a0b2-de4daf04f166', 54.47731101885438, 3),
                                                                       ('b2c1ff3b-5b4b-42c6-a45d-c23400f59dc5', 53.27047046739608, 0),
                                                                       ('b2c1ff3b-5b4b-42c6-a45d-c23400f59dc5', 42.669934942387044, 1),
                                                                       ('b2c1ff3b-5b4b-42c6-a45d-c23400f59dc5', 57.763551780954, 2),
                                                                       ('b2c1ff3b-5b4b-42c6-a45d-c23400f59dc5', 76.26688578166068, 3),
                                                                       ('73ee3d85-cd01-4c50-89b4-caa11ba7b4a2', 68.09366086963564, 0),
                                                                       ('73ee3d85-cd01-4c50-89b4-caa11ba7b4a2', 26.215744926594198, 1),
                                                                       ('73ee3d85-cd01-4c50-89b4-caa11ba7b4a2', 43.42596670612693, 2),
                                                                       ('73ee3d85-cd01-4c50-89b4-caa11ba7b4a2', 4.235952883027494, 3),
                                                                       ('b924ec03-b8b1-4508-9da6-f4fd6e6d060b', 84.65337115339935, 0),
                                                                       ('b924ec03-b8b1-4508-9da6-f4fd6e6d060b', 65.27284879703075, 1),
                                                                       ('b924ec03-b8b1-4508-9da6-f4fd6e6d060b', 87.99868992064148, 2),
                                                                       ('b924ec03-b8b1-4508-9da6-f4fd6e6d060b', 54.46987121831626, 3),
                                                                       ('51fc8f56-63aa-4218-9b2c-ff08a8418829', 27.306461217813194, 0),
                                                                       ('51fc8f56-63aa-4218-9b2c-ff08a8418829', 39.90533808246255, 1),
                                                                       ('51fc8f56-63aa-4218-9b2c-ff08a8418829', 91.93339969497174, 2),
                                                                       ('51fc8f56-63aa-4218-9b2c-ff08a8418829', 74.70502082724124, 3),
                                                                       ('9fdce06d-7a53-4d1b-9f2e-71001590fe03', 49.7735166689381, 0),
                                                                       ('9fdce06d-7a53-4d1b-9f2e-71001590fe03', 36.151189473457634, 1),
                                                                       ('9fdce06d-7a53-4d1b-9f2e-71001590fe03', 96.92030025180429, 2),
                                                                       ('9fdce06d-7a53-4d1b-9f2e-71001590fe03', 29.91144002880901, 3),
                                                                       ('87d0eaf4-0fca-44ff-b6d9-0405ffe09856', 10.746982065029442, 0),
                                                                       ('87d0eaf4-0fca-44ff-b6d9-0405ffe09856', 21.416652901098132, 1),
                                                                       ('87d0eaf4-0fca-44ff-b6d9-0405ffe09856', 4.565141024067998, 2),
                                                                       ('87d0eaf4-0fca-44ff-b6d9-0405ffe09856', 43.60789856873453, 3),
                                                                       ('a7925301-4b3c-4fa0-9d1f-de39fdc217e5', 10.91682338155806, 0),
                                                                       ('a7925301-4b3c-4fa0-9d1f-de39fdc217e5', 44.867857242934406, 1),
                                                                       ('a7925301-4b3c-4fa0-9d1f-de39fdc217e5', 42.041023913770914, 2),
                                                                       ('a7925301-4b3c-4fa0-9d1f-de39fdc217e5', 46.42987709958106, 3),
                                                                       ('e061bf53-361b-4dd2-a458-42a8253786e4', 93.07597982697189, 0),
                                                                       ('e061bf53-361b-4dd2-a458-42a8253786e4', 83.08992341626436, 1),
                                                                       ('e061bf53-361b-4dd2-a458-42a8253786e4', 66.02125815115869, 2),
                                                                       ('e061bf53-361b-4dd2-a458-42a8253786e4', 48.694721423089504, 3),
                                                                       ('f567ad40-f87d-4461-98d9-883a722bb847', 59.80864632874727, 0),
                                                                       ('f567ad40-f87d-4461-98d9-883a722bb847', 53.20585533045232, 1),
                                                                       ('f567ad40-f87d-4461-98d9-883a722bb847', 11.068934225477278, 2),
                                                                       ('f567ad40-f87d-4461-98d9-883a722bb847', 4.792920732870698, 3),
                                                                       ('d23c3d92-fcbf-4bcc-87bc-2fabd19ec529', 77.63218672480434, 0),
                                                                       ('d23c3d92-fcbf-4bcc-87bc-2fabd19ec529', 87.90868138894439, 1),
                                                                       ('d23c3d92-fcbf-4bcc-87bc-2fabd19ec529', 14.250897290185094, 2),
                                                                       ('d23c3d92-fcbf-4bcc-87bc-2fabd19ec529', 20.902534620836377, 3),
                                                                       ('eb8af7e1-265c-493d-95e3-a5de0c60da49', 59.767929278314114, 0),
                                                                       ('eb8af7e1-265c-493d-95e3-a5de0c60da49', 43.9536705147475, 1),
                                                                       ('eb8af7e1-265c-493d-95e3-a5de0c60da49', 83.44152555800974, 2),
                                                                       ('eb8af7e1-265c-493d-95e3-a5de0c60da49', 75.12746108695865, 3),
                                                                       ('a5dceff4-95a9-4083-ae51-eaf1225bf095', 5.386468442156911, 0),
                                                                       ('a5dceff4-95a9-4083-ae51-eaf1225bf095', 73.64301255438477, 1),
                                                                       ('a5dceff4-95a9-4083-ae51-eaf1225bf095', 39.531165710650384, 2),
                                                                       ('a5dceff4-95a9-4083-ae51-eaf1225bf095', 26.603906089439988, 3),
                                                                       ('0c154358-5128-4535-8731-bea5866d94c2', 5.35422507673502, 0),
                                                                       ('0c154358-5128-4535-8731-bea5866d94c2', 45.757800014689565, 1),
                                                                       ('0c154358-5128-4535-8731-bea5866d94c2', 72.38729409873486, 2),
                                                                       ('0c154358-5128-4535-8731-bea5866d94c2', 54.5913171954453, 3),
                                                                       ('d73f5dbd-e83d-40ae-9a51-3c451af3c779', 32.64889810234308, 0),
                                                                       ('d73f5dbd-e83d-40ae-9a51-3c451af3c779', 50.219007045961916, 1),
                                                                       ('d73f5dbd-e83d-40ae-9a51-3c451af3c779', 2.5287510827183723, 2),
                                                                       ('d73f5dbd-e83d-40ae-9a51-3c451af3c779', 65.72496253065765, 3),
                                                                       ('93ca46da-33ae-4d0e-8b18-6a529e5ca067', 48.80925139877945, 0),
                                                                       ('93ca46da-33ae-4d0e-8b18-6a529e5ca067', 85.05220969673246, 1),
                                                                       ('93ca46da-33ae-4d0e-8b18-6a529e5ca067', 68.04716938640922, 2),
                                                                       ('93ca46da-33ae-4d0e-8b18-6a529e5ca067', 54.80822664685547, 3),
                                                                       ('fe43aa97-7107-45aa-b42a-1bf4a07283c3', 44.7852554731071, 0),
                                                                       ('fe43aa97-7107-45aa-b42a-1bf4a07283c3', 81.70203985646367, 1),
                                                                       ('fe43aa97-7107-45aa-b42a-1bf4a07283c3', 73.37120317388326, 2),
                                                                       ('fe43aa97-7107-45aa-b42a-1bf4a07283c3', 87.56478899158537, 3),
                                                                       ('ac9f3011-7932-4e20-96d6-5aadfc572d30', 20.044276700355113, 0),
                                                                       ('ac9f3011-7932-4e20-96d6-5aadfc572d30', 83.42546380590647, 1),
                                                                       ('ac9f3011-7932-4e20-96d6-5aadfc572d30', 76.67302459012717, 2),
                                                                       ('ac9f3011-7932-4e20-96d6-5aadfc572d30', 64.04450885020196, 3),
                                                                       ('8fa5dfc5-6ac8-46ac-a080-95f43d18eb77', 50.25530874263495, 0),
                                                                       ('8fa5dfc5-6ac8-46ac-a080-95f43d18eb77', 38.34238010458648, 1),
                                                                       ('8fa5dfc5-6ac8-46ac-a080-95f43d18eb77', 30.373583524487913, 2),
                                                                       ('8fa5dfc5-6ac8-46ac-a080-95f43d18eb77', 94.20556919649243, 3),
                                                                       ('2bd866d1-1ddd-4225-af7d-0fbb50e1d8ba', 11.902254680171609, 0),
                                                                       ('2bd866d1-1ddd-4225-af7d-0fbb50e1d8ba', 18.392003141343594, 1),
                                                                       ('2bd866d1-1ddd-4225-af7d-0fbb50e1d8ba', 10.81645276863128, 2),
                                                                       ('2bd866d1-1ddd-4225-af7d-0fbb50e1d8ba', 6.753127416595817, 3);







create table route_stations
(
    route_id       varchar(36)  not null,
    stations       varchar(255) null,
    stations_order int          not null,
    primary key (route_id, stations_order)
)
        engine = InnoDB;
INSERT INTO route_stations (route_id, stations, stations_order) VALUES
                                                                    ('e188f469-1e84-4e69-9f7b-ed5c0446fbc9', 'northmarta', 0),
                                                                    ('e188f469-1e84-4e69-9f7b-ed5c0446fbc9', 'eastcicero', 1),
                                                                    ('e188f469-1e84-4e69-9f7b-ed5c0446fbc9', 'northcolbystead', 2),
                                                                    ('e188f469-1e84-4e69-9f7b-ed5c0446fbc9', 'lakeedwinaside', 3),
                                                                    ('2da59f83-8609-4fcf-94f4-8eded3cefba2', 'pollichfurt', 0),
                                                                    ('2da59f83-8609-4fcf-94f4-8eded3cefba2', 'ferryview', 1),
                                                                    ('2da59f83-8609-4fcf-94f4-8eded3cefba2', 'lakejuliancester', 2),
                                                                    ('2da59f83-8609-4fcf-94f4-8eded3cefba2', 'jilliancester', 3),
                                                                    ('dfe8a6bd-0871-46fd-89b5-c9be3de606c9', 'lakekorbin', 0),
                                                                    ('dfe8a6bd-0871-46fd-89b5-c9be3de606c9', 'lorain', 1),
                                                                    ('dfe8a6bd-0871-46fd-89b5-c9be3de606c9', 'hilpertborough', 2),
                                                                    ('dfe8a6bd-0871-46fd-89b5-c9be3de606c9', 'portbrooks', 3),
                                                                    ('aa603774-595f-426c-9e47-b2b8ee526816', 'lakerodrick', 0),
                                                                    ('aa603774-595f-426c-9e47-b2b8ee526816', 'shanelleshire', 1),
                                                                    ('aa603774-595f-426c-9e47-b2b8ee526816', 'southmurl', 2),
                                                                    ('aa603774-595f-426c-9e47-b2b8ee526816', 'ocala', 3),
                                                                    ('2814d18f-501c-4220-8cab-2a372f86e8cc', 'mosheberg', 0),
                                                                    ('2814d18f-501c-4220-8cab-2a372f86e8cc', 'franeckistad', 1),
                                                                    ('2814d18f-501c-4220-8cab-2a372f86e8cc', 'welchcester', 2),
                                                                    ('2814d18f-501c-4220-8cab-2a372f86e8cc', 'southaudreanne', 3),
                                                                    ('256c5c25-bd65-4ccf-8924-35e597649837', 'easterport', 0),
                                                                    ('256c5c25-bd65-4ccf-8924-35e597649837', 'porttristianburgh', 1),
                                                                    ('256c5c25-bd65-4ccf-8924-35e597649837', 'portbridieberg', 2),
                                                                    ('256c5c25-bd65-4ccf-8924-35e597649837', 'eldoradohills', 3),
                                                                    ('7de7ff34-4f2b-454d-b359-08a298ae1503', 'eastollie', 0),
                                                                    ('7de7ff34-4f2b-454d-b359-08a298ae1503', 'ursulaton', 1),
                                                                    ('7de7ff34-4f2b-454d-b359-08a298ae1503', 'southantoniaborough', 2),
                                                                    ('7de7ff34-4f2b-454d-b359-08a298ae1503', 'haleyside', 3),
                                                                    ('b1de0e15-50f4-4199-a159-4d369c59d667', 'newjordiberg', 0),
                                                                    ('b1de0e15-50f4-4199-a159-4d369c59d667', 'lakeaditya', 1),
                                                                    ('b1de0e15-50f4-4199-a159-4d369c59d667', 'hilllside', 2),
                                                                    ('b1de0e15-50f4-4199-a159-4d369c59d667', 'newhildegardberg', 3),
                                                                    ('b90412df-19fd-4758-b13d-8de7e80cf669', 'heathcotemouth', 0),
                                                                    ('b90412df-19fd-4758-b13d-8de7e80cf669', 'portfloridastead', 1),
                                                                    ('b90412df-19fd-4758-b13d-8de7e80cf669', 'dearborn', 2),
                                                                    ('b90412df-19fd-4758-b13d-8de7e80cf669', 'hintztown', 3),
                                                                    ('cb06157f-3da3-4e96-b8df-34455c98f4c9', 'lakekenton', 0),
                                                                    ('cb06157f-3da3-4e96-b8df-34455c98f4c9', 'eastvinceville', 1),
                                                                    ('cb06157f-3da3-4e96-b8df-34455c98f4c9', 'joelleton', 2),
                                                                    ('cb06157f-3da3-4e96-b8df-34455c98f4c9', 'lakeforest', 3),
                                                                    ('ee55145a-c28a-4c47-866c-cbe9040226c6', 'webershire', 0),
                                                                    ('ee55145a-c28a-4c47-866c-cbe9040226c6', 'vickyfurt', 1),
                                                                    ('ee55145a-c28a-4c47-866c-cbe9040226c6', 'lakemavis', 2),
                                                                    ('ee55145a-c28a-4c47-866c-cbe9040226c6', 'fortisabellport', 3),
                                                                    ('05dc0193-5ed9-482e-ba66-0f134d8422cf', 'nashville-davidson', 0),
                                                                    ('05dc0193-5ed9-482e-ba66-0f134d8422cf', 'portjaydon', 1),
                                                                    ('05dc0193-5ed9-482e-ba66-0f134d8422cf', 'porthertaside', 2),
                                                                    ('05dc0193-5ed9-482e-ba66-0f134d8422cf', 'kareemshire', 3),
                                                                    ('a56adf9d-846b-404f-a206-4aa67e2f5adf', 'mollyside', 0),
                                                                    ('a56adf9d-846b-404f-a206-4aa67e2f5adf', 'eastjarviston', 1),
                                                                    ('a56adf9d-846b-404f-a206-4aa67e2f5adf', 'creminshire', 2),
                                                                    ('a56adf9d-846b-404f-a206-4aa67e2f5adf', 'jeffreyfurt', 3),
                                                                    ('d0e67eaa-f757-4669-9ed9-1af8f4f91b7e', 'bauchfort', 0),
                                                                    ('d0e67eaa-f757-4669-9ed9-1af8f4f91b7e', 'ursulaton', 1),
                                                                    ('d0e67eaa-f757-4669-9ed9-1af8f4f91b7e', 'anaheim', 2),
                                                                    ('d0e67eaa-f757-4669-9ed9-1af8f4f91b7e', 'isadoremouth', 3),
                                                                    ('9f2093c9-7f0f-4653-84ae-a6280800b008', 'newgladys', 0),
                                                                    ('9f2093c9-7f0f-4653-84ae-a6280800b008', 'caguas', 1),
                                                                    ('9f2093c9-7f0f-4653-84ae-a6280800b008', 'grandjunction', 2),
                                                                    ('9f2093c9-7f0f-4653-84ae-a6280800b008', 'framiboro', 3),
                                                                    ('f4236c42-578f-40a3-97b4-8f9d4661bf3c', 'fortgarrison', 0),
                                                                    ('f4236c42-578f-40a3-97b4-8f9d4661bf3c', 'wehnerville', 1),
                                                                    ('f4236c42-578f-40a3-97b4-8f9d4661bf3c', 'macgyverstead', 2),
                                                                    ('f4236c42-578f-40a3-97b4-8f9d4661bf3c', 'newlydia', 3),
                                                                    ('70ca1ae2-8ce0-4a32-8cd3-61c5657c8ff0', 'darrellstad', 0),
                                                                    ('70ca1ae2-8ce0-4a32-8cd3-61c5657c8ff0', 'moline', 1),
                                                                    ('70ca1ae2-8ce0-4a32-8cd3-61c5657c8ff0', 'fortbrett', 2),
                                                                    ('70ca1ae2-8ce0-4a32-8cd3-61c5657c8ff0', 'temple', 3),
                                                                    ('d622d71e-c309-4be7-b03a-7a2414ba021c', 'portgeraldineton', 0),
                                                                    ('d622d71e-c309-4be7-b03a-7a2414ba021c', 'northhollis', 1),
                                                                    ('d622d71e-c309-4be7-b03a-7a2414ba021c', 'marjorieview', 2),
                                                                    ('d622d71e-c309-4be7-b03a-7a2414ba021c', 'buckridgeboro', 3),
                                                                    ('ee35dc0d-4cb5-47fe-bad9-1a140743f565', 'northkeltonburgh', 0),
                                                                    ('ee35dc0d-4cb5-47fe-bad9-1a140743f565', 'redding', 1),
                                                                    ('ee35dc0d-4cb5-47fe-bad9-1a140743f565', 'winston-salem', 2),
                                                                    ('ee35dc0d-4cb5-47fe-bad9-1a140743f565', 'southspencer', 3),
                                                                    ('3bb72a9d-fbef-43f6-bbba-8c1799c3c61e', 'estelside', 0),
                                                                    ('3bb72a9d-fbef-43f6-bbba-8c1799c3c61e', 'westdoyleworth', 1),
                                                                    ('3bb72a9d-fbef-43f6-bbba-8c1799c3c61e', 'westluther', 2),
                                                                    ('3bb72a9d-fbef-43f6-bbba-8c1799c3c61e', 'satterfieldshire', 3),
                                                                    ('aaf26127-bcb1-425c-9c03-9ef8b58812fa', 'malindaburgh', 0),
                                                                    ('aaf26127-bcb1-425c-9c03-9ef8b58812fa', 'ashtynfield', 1),
                                                                    ('aaf26127-bcb1-425c-9c03-9ef8b58812fa', 'russton', 2),
                                                                    ('aaf26127-bcb1-425c-9c03-9ef8b58812fa', 'southcoyfort', 3),
                                                                    ('b4bbe1ca-526e-4963-8170-b5937a660f1a', 'paradise', 0),
                                                                    ('b4bbe1ca-526e-4963-8170-b5937a660f1a', 'waterloo', 1),
                                                                    ('b4bbe1ca-526e-4963-8170-b5937a660f1a', 'northjordanechester', 2),
                                                                    ('b4bbe1ca-526e-4963-8170-b5937a660f1a', 'elnaboro', 3),
                                                                    ('860d7220-8664-4961-a179-84efd7834d37', 'johnsbury', 0),
                                                                    ('860d7220-8664-4961-a179-84efd7834d37', 'jurupavalley', 1),
                                                                    ('860d7220-8664-4961-a179-84efd7834d37', 'eastjermain', 2),
                                                                    ('860d7220-8664-4961-a179-84efd7834d37', 'stoltenbergborough', 3),
                                                                    ('52cf78d0-6406-4a09-bca3-db029a2ba747', 'dubuquebury', 0),
                                                                    ('52cf78d0-6406-4a09-bca3-db029a2ba747', 'goldnerport', 1),
                                                                    ('52cf78d0-6406-4a09-bca3-db029a2ba747', 'mercedeshaven', 2),
                                                                    ('52cf78d0-6406-4a09-bca3-db029a2ba747', 'irving', 3),
                                                                    ('a594b44e-6926-410a-9176-9433b31d7b25', 'jarretworth', 0),
                                                                    ('a594b44e-6926-410a-9176-9433b31d7b25', 'morganhill', 1),
                                                                    ('a594b44e-6926-410a-9176-9433b31d7b25', 'nicoleburgh', 2),
                                                                    ('a594b44e-6926-410a-9176-9433b31d7b25', 'northdayanaview', 3),
                                                                    ('97445236-7d6e-45f4-80cd-027c0945e69a', 'wilfridberg', 0),
                                                                    ('97445236-7d6e-45f4-80cd-027c0945e69a', 'bergebury', 1),
                                                                    ('97445236-7d6e-45f4-80cd-027c0945e69a', 'beahantown', 2),
                                                                    ('97445236-7d6e-45f4-80cd-027c0945e69a', 'northjamarton', 3),
                                                                    ('2c070b9a-6ed6-41b3-8b3a-85f94f43ff33', 'shanahanborough', 0),
                                                                    ('2c070b9a-6ed6-41b3-8b3a-85f94f43ff33', 'lakecoty', 1),
                                                                    ('2c070b9a-6ed6-41b3-8b3a-85f94f43ff33', 'lakegastonfield', 2),
                                                                    ('2c070b9a-6ed6-41b3-8b3a-85f94f43ff33', 'lorenzberg', 3),
                                                                    ('97a66e70-2873-4456-b108-945d6406d49c', 'richland', 0),
                                                                    ('97a66e70-2873-4456-b108-945d6406d49c', 'monroe', 1),
                                                                    ('97a66e70-2873-4456-b108-945d6406d49c', 'sanfordshire', 2),
                                                                    ('97a66e70-2873-4456-b108-945d6406d49c', 'portjuwan', 3),
                                                                    ('91a48951-dc7f-4fe3-99c2-3bc3b21ebf1e', 'mcdermottport', 0),
                                                                    ('91a48951-dc7f-4fe3-99c2-3bc3b21ebf1e', 'klingberg', 1),
                                                                    ('91a48951-dc7f-4fe3-99c2-3bc3b21ebf1e', 'fortalexandreaboro', 2),
                                                                    ('91a48951-dc7f-4fe3-99c2-3bc3b21ebf1e', 'shanellehaven', 3),
                                                                    ('95f9a337-7903-4ccd-9e4e-2e019931a59c', 'evansville', 0),
                                                                    ('95f9a337-7903-4ccd-9e4e-2e019931a59c', 'portaniya', 1),
                                                                    ('95f9a337-7903-4ccd-9e4e-2e019931a59c', 'northrevaview', 2),
                                                                    ('95f9a337-7903-4ccd-9e4e-2e019931a59c', 'georgetown', 3),
                                                                    ('c720f892-d227-47d2-b4a2-3afc203056be', 'northelvie', 0),
                                                                    ('c720f892-d227-47d2-b4a2-3afc203056be', 'thehammocks', 1),
                                                                    ('c720f892-d227-47d2-b4a2-3afc203056be', 'santaclarita', 2),
                                                                    ('c720f892-d227-47d2-b4a2-3afc203056be', 'lakepercivalworth', 3),
                                                                    ('5b488719-2a0c-40af-be80-627c79a8a576', 'gaithersburg', 0),
                                                                    ('5b488719-2a0c-40af-be80-627c79a8a576', 'schoenfort', 1),
                                                                    ('5b488719-2a0c-40af-be80-627c79a8a576', 'margate', 2),
                                                                    ('5b488719-2a0c-40af-be80-627c79a8a576', 'ankundingstad', 3),
                                                                    ('12555eca-1496-49d2-b90b-2edaaaac7cbf', 'westbailee', 0),
                                                                    ('12555eca-1496-49d2-b90b-2edaaaac7cbf', 'fortjillian', 1),
                                                                    ('12555eca-1496-49d2-b90b-2edaaaac7cbf', 'southcolt', 2),
                                                                    ('12555eca-1496-49d2-b90b-2edaaaac7cbf', 'koepphaven', 3),
                                                                    ('2b652d16-bf05-447d-914d-983ea554b3fe', 'lakestevieberg', 0),
                                                                    ('2b652d16-bf05-447d-914d-983ea554b3fe', 'watsicaborough', 1),
                                                                    ('2b652d16-bf05-447d-914d-983ea554b3fe', 'fortbrett', 2),
                                                                    ('2b652d16-bf05-447d-914d-983ea554b3fe', 'nolanfield', 3),
                                                                    ('54e7a4b9-cf23-4166-a84c-da4de9c22a38', 'beckerville', 0),
                                                                    ('54e7a4b9-cf23-4166-a84c-da4de9c22a38', 'porttristianburgh', 1),
                                                                    ('54e7a4b9-cf23-4166-a84c-da4de9c22a38', 'redding', 2),
                                                                    ('54e7a4b9-cf23-4166-a84c-da4de9c22a38', 'forterichboro', 3),
                                                                    ('c672b2f4-1578-403b-afe7-8d7923b78f27', 'portenidmouth', 0),
                                                                    ('c672b2f4-1578-403b-afe7-8d7923b78f27', 'portstanleyworth', 1),
                                                                    ('c672b2f4-1578-403b-afe7-8d7923b78f27', 'marjorieview', 2),
                                                                    ('c672b2f4-1578-403b-afe7-8d7923b78f27', 'hilpertland', 3),
                                                                    ('53047e30-9cb7-4360-a356-1e655a6cdd0d', 'gerholdstead', 0),
                                                                    ('53047e30-9cb7-4360-a356-1e655a6cdd0d', 'lakeolenborough', 1),
                                                                    ('53047e30-9cb7-4360-a356-1e655a6cdd0d', 'northardithville', 2),
                                                                    ('53047e30-9cb7-4360-a356-1e655a6cdd0d', 'schinnerchester', 3),
                                                                    ('38da63f6-af81-4c3a-a699-59778ff6f471', 'rashadmouth', 0),
                                                                    ('38da63f6-af81-4c3a-a699-59778ff6f471', 'bogisichchester', 1),
                                                                    ('38da63f6-af81-4c3a-a699-59778ff6f471', 'northelmotown', 2),
                                                                    ('38da63f6-af81-4c3a-a699-59778ff6f471', 'eastmargareteboro', 3),
                                                                    ('87f1614a-1172-433a-908e-040f6a8c929e', 'kianastad', 0),
                                                                    ('87f1614a-1172-433a-908e-040f6a8c929e', 'portbridgetside', 1),
                                                                    ('87f1614a-1172-433a-908e-040f6a8c929e', 'kelsiboro', 2),
                                                                    ('87f1614a-1172-433a-908e-040f6a8c929e', 'jordonburgh', 3),
                                                                    ('2f38e78d-8071-4d11-94e1-82e3cb8bc071', 'southoral', 0),
                                                                    ('2f38e78d-8071-4d11-94e1-82e3cb8bc071', 'westelda', 1),
                                                                    ('2f38e78d-8071-4d11-94e1-82e3cb8bc071', 'gorczanystad', 2),
                                                                    ('2f38e78d-8071-4d11-94e1-82e3cb8bc071', 'downey', 3),
                                                                    ('48833127-0849-480e-89da-7680bb545cdb', 'southmaye', 0),
                                                                    ('48833127-0849-480e-89da-7680bb545cdb', 'northstefanbury', 1),
                                                                    ('48833127-0849-480e-89da-7680bb545cdb', 'skylarshire', 2),
                                                                    ('48833127-0849-480e-89da-7680bb545cdb', 'daphneystead', 3),
                                                                    ('569291b7-4bc1-4dac-b81b-7b7f1bea09e5', 'northlennie', 0),
                                                                    ('569291b7-4bc1-4dac-b81b-7b7f1bea09e5', 'newgeneralberg', 1),
                                                                    ('569291b7-4bc1-4dac-b81b-7b7f1bea09e5', 'hilllside', 2),
                                                                    ('569291b7-4bc1-4dac-b81b-7b7f1bea09e5', 'washington', 3),
                                                                    ('80b7f3f8-be92-4325-83b0-757ce5aaafb0', 'southarielle', 0),
                                                                    ('80b7f3f8-be92-4325-83b0-757ce5aaafb0', 'lonnieshire', 1),
                                                                    ('80b7f3f8-be92-4325-83b0-757ce5aaafb0', 'milfordworth', 2),
                                                                    ('80b7f3f8-be92-4325-83b0-757ce5aaafb0', 'sanfordbury', 3),
                                                                    ('a3c81fc7-66ff-48c9-ad78-57719d8e9204', 'toledo', 0),
                                                                    ('a3c81fc7-66ff-48c9-ad78-57719d8e9204', 'portchelsey', 1),
                                                                    ('a3c81fc7-66ff-48c9-ad78-57719d8e9204', 'fortthalia', 2),
                                                                    ('a3c81fc7-66ff-48c9-ad78-57719d8e9204', 'lakezechariahfort', 3),
                                                                    ('542ce94e-d403-4df3-b7de-ce5652e567ba', 'daughertyside', 0),
                                                                    ('542ce94e-d403-4df3-b7de-ce5652e567ba', 'arnoldoside', 1),
                                                                    ('542ce94e-d403-4df3-b7de-ce5652e567ba', 'nicolasview', 2),
                                                                    ('542ce94e-d403-4df3-b7de-ce5652e567ba', 'cedarpark', 3),
                                                                    ('7b05a2f6-df8c-42a1-be7e-b74ec1c8e09b', 'waltham', 0),
                                                                    ('7b05a2f6-df8c-42a1-be7e-b74ec1c8e09b', 'newabe', 1),
                                                                    ('7b05a2f6-df8c-42a1-be7e-b74ec1c8e09b', 'southalbinacester', 2),
                                                                    ('7b05a2f6-df8c-42a1-be7e-b74ec1c8e09b', 'fortmarquise', 3),
                                                                    ('b9400633-86d3-47f9-b865-66908a7a5815', 'pierceport', 0),
                                                                    ('b9400633-86d3-47f9-b865-66908a7a5815', 'porthorace', 1),
                                                                    ('b9400633-86d3-47f9-b865-66908a7a5815', 'bloomington', 2),
                                                                    ('b9400633-86d3-47f9-b865-66908a7a5815', 'southhowell', 3),
                                                                    ('f500bd6d-79b6-4d91-bb40-de0f946f8ea7', 'peteboro', 0),
                                                                    ('f500bd6d-79b6-4d91-bb40-de0f946f8ea7', 'joelleton', 1),
                                                                    ('f500bd6d-79b6-4d91-bb40-de0f946f8ea7', 'lorain', 2),
                                                                    ('f500bd6d-79b6-4d91-bb40-de0f946f8ea7', 'weststad', 3),
                                                                    ('780ecc83-b4b2-4f43-a4bf-708259fda30d', 'newluzport', 0),
                                                                    ('780ecc83-b4b2-4f43-a4bf-708259fda30d', 'rochester', 1),
                                                                    ('780ecc83-b4b2-4f43-a4bf-708259fda30d', 'northdeanside', 2),
                                                                    ('780ecc83-b4b2-4f43-a4bf-708259fda30d', 'nashua', 3),
                                                                    ('6942b9de-43f8-456b-940a-02cd4f605569', 'tyshawnchester', 0),
                                                                    ('6942b9de-43f8-456b-940a-02cd4f605569', 'toychester', 1),
                                                                    ('6942b9de-43f8-456b-940a-02cd4f605569', 'fortrylan', 2),
                                                                    ('6942b9de-43f8-456b-940a-02cd4f605569', 'westemerald', 3),
                                                                    ('c8a9f29d-5c63-495f-a3fc-f63da703cfba', 'southansel', 0),
                                                                    ('c8a9f29d-5c63-495f-a3fc-f63da703cfba', 'wilson', 1),
                                                                    ('c8a9f29d-5c63-495f-a3fc-f63da703cfba', 'portfreeda', 2),
                                                                    ('c8a9f29d-5c63-495f-a3fc-f63da703cfba', 'naperville', 3),
                                                                    ('87de4c14-ddc0-481b-a884-4d2c90bcdcf1', 'grahamburgh', 0),
                                                                    ('87de4c14-ddc0-481b-a884-4d2c90bcdcf1', 'schoenboro', 1),
                                                                    ('87de4c14-ddc0-481b-a884-4d2c90bcdcf1', 'rolfsonfort', 2),
                                                                    ('87de4c14-ddc0-481b-a884-4d2c90bcdcf1', 'blancheshire', 3),
                                                                    ('8478c6a7-963a-4261-ae47-d8d2fbf85305', 'kameronmouth', 0),
                                                                    ('8478c6a7-963a-4261-ae47-d8d2fbf85305', 'walshshire', 1),
                                                                    ('8478c6a7-963a-4261-ae47-d8d2fbf85305', 'antonettaboro', 2),
                                                                    ('8478c6a7-963a-4261-ae47-d8d2fbf85305', 'draper', 3),
                                                                    ('5f67df2f-6efc-49d8-ae74-924f07c8aa10', 'fortwatsonmouth', 0),
                                                                    ('5f67df2f-6efc-49d8-ae74-924f07c8aa10', 'nicoleburgh', 1),
                                                                    ('5f67df2f-6efc-49d8-ae74-924f07c8aa10', 'watsicaborough', 2),
                                                                    ('5f67df2f-6efc-49d8-ae74-924f07c8aa10', 'muncie', 3),
                                                                    ('413ed62c-be8b-4bb2-83c9-6f1ed03449b4', 'fortbennettbury', 0),
                                                                    ('413ed62c-be8b-4bb2-83c9-6f1ed03449b4', 'eastvinceville', 1),
                                                                    ('413ed62c-be8b-4bb2-83c9-6f1ed03449b4', 'southalbinacester', 2),
                                                                    ('413ed62c-be8b-4bb2-83c9-6f1ed03449b4', 'fortloyce', 3),
                                                                    ('553255e1-1206-4308-b9ef-6bd73c43a1b0', 'filibertoview', 0),
                                                                    ('553255e1-1206-4308-b9ef-6bd73c43a1b0', 'ankundingbury', 1),
                                                                    ('553255e1-1206-4308-b9ef-6bd73c43a1b0', 'tuscaloosa', 2),
                                                                    ('553255e1-1206-4308-b9ef-6bd73c43a1b0', 'margareteville', 3),
                                                                    ('217156b7-4577-4874-9eee-46cf3354c05b', 'keshaunshire', 0),
                                                                    ('217156b7-4577-4874-9eee-46cf3354c05b', 'lakesantina', 1),
                                                                    ('217156b7-4577-4874-9eee-46cf3354c05b', 'northjordanechester', 2),
                                                                    ('217156b7-4577-4874-9eee-46cf3354c05b', 'newdora', 3),
                                                                    ('a28522b8-20dd-477c-ba3d-2bf66067e366', 'reymundoview', 0),
                                                                    ('a28522b8-20dd-477c-ba3d-2bf66067e366', 'friedastad', 1),
                                                                    ('a28522b8-20dd-477c-ba3d-2bf66067e366', 'fortloyal', 2),
                                                                    ('a28522b8-20dd-477c-ba3d-2bf66067e366', 'taylor', 3),
                                                                    ('8baacc53-b5af-40ae-adaa-b89e55bb20a4', 'southjazmynworth', 0),
                                                                    ('8baacc53-b5af-40ae-adaa-b89e55bb20a4', 'lakemavis', 1),
                                                                    ('8baacc53-b5af-40ae-adaa-b89e55bb20a4', 'moline', 2),
                                                                    ('8baacc53-b5af-40ae-adaa-b89e55bb20a4', 'lakejakayla', 3),
                                                                    ('8665c5e7-5374-44a5-90c6-677a20b7774f', 'gorczanytown', 0),
                                                                    ('8665c5e7-5374-44a5-90c6-677a20b7774f', 'southrigobertoboro', 1),
                                                                    ('8665c5e7-5374-44a5-90c6-677a20b7774f', 'mcallen', 2),
                                                                    ('8665c5e7-5374-44a5-90c6-677a20b7774f', 'lakeglennie', 3),
                                                                    ('ff43674f-748a-4f79-8163-a99599809d13', 'eastbradly', 0),
                                                                    ('ff43674f-748a-4f79-8163-a99599809d13', 'fortgertrude', 1),
                                                                    ('ff43674f-748a-4f79-8163-a99599809d13', 'southcamronburgh', 2),
                                                                    ('ff43674f-748a-4f79-8163-a99599809d13', 'antwanfurt', 3),
                                                                    ('282b30fc-23ee-442d-bc50-80b04d693380', 'southkelvin', 0),
                                                                    ('282b30fc-23ee-442d-bc50-80b04d693380', 'southstefanie', 1),
                                                                    ('282b30fc-23ee-442d-bc50-80b04d693380', 'hamillfurt', 2),
                                                                    ('282b30fc-23ee-442d-bc50-80b04d693380', 'isaiasview', 3),
                                                                    ('d164db4a-91e7-47df-a15e-638ac96acf16', 'guillermostad', 0),
                                                                    ('d164db4a-91e7-47df-a15e-638ac96acf16', 'westloisburgh', 1),
                                                                    ('d164db4a-91e7-47df-a15e-638ac96acf16', 'parisiancester', 2),
                                                                    ('d164db4a-91e7-47df-a15e-638ac96acf16', 'goodwinboro', 3),
                                                                    ('ce09baf6-21e9-4b4c-ad0f-24e28ea97c78', 'westericshire', 0),
                                                                    ('ce09baf6-21e9-4b4c-ad0f-24e28ea97c78', 'myrtisview', 1),
                                                                    ('ce09baf6-21e9-4b4c-ad0f-24e28ea97c78', 'westhaven', 2),
                                                                    ('ce09baf6-21e9-4b4c-ad0f-24e28ea97c78', 'rubencester', 3),
                                                                    ('0f6b6cd1-8a6e-41ce-ab30-cede54b4253f', 'tristianmouth', 0),
                                                                    ('0f6b6cd1-8a6e-41ce-ab30-cede54b4253f', 'lamesa', 1),
                                                                    ('0f6b6cd1-8a6e-41ce-ab30-cede54b4253f', 'atascocita', 2),
                                                                    ('0f6b6cd1-8a6e-41ce-ab30-cede54b4253f', 'southkamryn', 3),
                                                                    ('b88abc4a-5a08-48dd-9897-542904bf1e7b', 'forthughstead', 0),
                                                                    ('b88abc4a-5a08-48dd-9897-542904bf1e7b', 'westoren', 1),
                                                                    ('b88abc4a-5a08-48dd-9897-542904bf1e7b', 'newnia', 2),
                                                                    ('b88abc4a-5a08-48dd-9897-542904bf1e7b', 'marieton', 3),
                                                                    ('26bf9e8f-9a4d-4b58-b477-ba59c4ea02e2', 'lucianomouth', 0),
                                                                    ('26bf9e8f-9a4d-4b58-b477-ba59c4ea02e2', 'northstefanbury', 1),
                                                                    ('26bf9e8f-9a4d-4b58-b477-ba59c4ea02e2', 'northelmotown', 2),
                                                                    ('26bf9e8f-9a4d-4b58-b477-ba59c4ea02e2', 'karliboro', 3),
                                                                    ('8c207566-ba81-4474-9297-70464a8fc96e', 'oberbrunnerview', 0),
                                                                    ('8c207566-ba81-4474-9297-70464a8fc96e', 'starkmouth', 1),
                                                                    ('8c207566-ba81-4474-9297-70464a8fc96e', 'lakejuliancester', 2),
                                                                    ('8c207566-ba81-4474-9297-70464a8fc96e', 'fortmaribelhaven', 3),
                                                                    ('0fb92750-a5dc-410e-a1e1-70bf7d6fae0b', 'westjaunita', 0),
                                                                    ('0fb92750-a5dc-410e-a1e1-70bf7d6fae0b', 'davis', 1),
                                                                    ('0fb92750-a5dc-410e-a1e1-70bf7d6fae0b', 'aidenburgh', 2),
                                                                    ('0fb92750-a5dc-410e-a1e1-70bf7d6fae0b', 'northestefania', 3),
                                                                    ('34f8050b-a4f5-4d13-903d-c6e269799342', 'fortalize', 0),
                                                                    ('34f8050b-a4f5-4d13-903d-c6e269799342', 'harrisonburg', 1),
                                                                    ('34f8050b-a4f5-4d13-903d-c6e269799342', 'nonaport', 2),
                                                                    ('34f8050b-a4f5-4d13-903d-c6e269799342', 'eastlucy', 3),
                                                                    ('7b71dee8-7471-4544-ae96-cce8b659dac3', 'fortsammie', 0),
                                                                    ('7b71dee8-7471-4544-ae96-cce8b659dac3', 'champaign', 1),
                                                                    ('7b71dee8-7471-4544-ae96-cce8b659dac3', 'laketheresaboro', 2),
                                                                    ('7b71dee8-7471-4544-ae96-cce8b659dac3', 'northedison', 3),
                                                                    ('837f462a-eb75-4a2e-93e2-a42a50eafc7e', 'cassinboro', 0),
                                                                    ('837f462a-eb75-4a2e-93e2-a42a50eafc7e', 'moline', 1),
                                                                    ('837f462a-eb75-4a2e-93e2-a42a50eafc7e', 'welchcester', 2),
                                                                    ('837f462a-eb75-4a2e-93e2-a42a50eafc7e', 'portcorene', 3),
                                                                    ('ece453dd-6265-4438-883d-68b3242cefe2', 'marcellaboro', 0),
                                                                    ('ece453dd-6265-4438-883d-68b3242cefe2', 'eastdorrisworth', 1),
                                                                    ('ece453dd-6265-4438-883d-68b3242cefe2', 'portchelsey', 2),
                                                                    ('ece453dd-6265-4438-883d-68b3242cefe2', 'southkayli', 3),
                                                                    ('7753cbff-1a5d-4d56-b526-f98673d1469b', 'lakethorashire', 0),
                                                                    ('7753cbff-1a5d-4d56-b526-f98673d1469b', 'atascocita', 1),
                                                                    ('7753cbff-1a5d-4d56-b526-f98673d1469b', 'clevelandheights', 2),
                                                                    ('7753cbff-1a5d-4d56-b526-f98673d1469b', 'mclean', 3),
                                                                    ('52794550-bc8d-4e10-8728-55adae844c02', 'lakebernard', 0),
                                                                    ('52794550-bc8d-4e10-8728-55adae844c02', 'portbrent', 1),
                                                                    ('52794550-bc8d-4e10-8728-55adae844c02', 'newgeneralberg', 2),
                                                                    ('52794550-bc8d-4e10-8728-55adae844c02', 'carleyland', 3),
                                                                    ('01a14338-632c-4dd1-ba31-46e02c6c274c', 'avisview', 0),
                                                                    ('01a14338-632c-4dd1-ba31-46e02c6c274c', 'northlavonneport', 1),
                                                                    ('01a14338-632c-4dd1-ba31-46e02c6c274c', 'kennediton', 2),
                                                                    ('01a14338-632c-4dd1-ba31-46e02c6c274c', 'newmathilde', 3),
                                                                    ('4dbd0b07-21be-4c23-8b12-399a7ccae589', 'kirlinport', 0),
                                                                    ('4dbd0b07-21be-4c23-8b12-399a7ccae589', 'charlotte', 1),
                                                                    ('4dbd0b07-21be-4c23-8b12-399a7ccae589', 'southbend', 2),
                                                                    ('4dbd0b07-21be-4c23-8b12-399a7ccae589', 'newmargarette', 3),
                                                                    ('a15412e1-a9b1-4480-92aa-33a53ca5ca63', 'pontiac', 0),
                                                                    ('a15412e1-a9b1-4480-92aa-33a53ca5ca63', 'kelsiboro', 1),
                                                                    ('a15412e1-a9b1-4480-92aa-33a53ca5ca63', 'fortthalia', 2),
                                                                    ('a15412e1-a9b1-4480-92aa-33a53ca5ca63', 'newabigayle', 3),
                                                                    ('84b74458-4089-457a-a577-89a039325f99', 'lakejesseville', 0),
                                                                    ('84b74458-4089-457a-a577-89a039325f99', 'kovacekfort', 1),
                                                                    ('84b74458-4089-457a-a577-89a039325f99', 'arnoldoside', 2),
                                                                    ('84b74458-4089-457a-a577-89a039325f99', 'novato', 3),
                                                                    ('b807339f-b45b-4920-8d4a-3d49f58ed78b', 'feeneystad', 0),
                                                                    ('b807339f-b45b-4920-8d4a-3d49f58ed78b', 'kulaschester', 1),
                                                                    ('b807339f-b45b-4920-8d4a-3d49f58ed78b', 'lonnieshire', 2),
                                                                    ('b807339f-b45b-4920-8d4a-3d49f58ed78b', 'doylehaven', 3),
                                                                    ('b1e1264b-9644-4f1a-a0b2-de4daf04f166', 'layneberg', 0),
                                                                    ('b1e1264b-9644-4f1a-a0b2-de4daf04f166', 'salem', 1),
                                                                    ('b1e1264b-9644-4f1a-a0b2-de4daf04f166', 'trompfurt', 2),
                                                                    ('b1e1264b-9644-4f1a-a0b2-de4daf04f166', 'giovannytown', 3),
                                                                    ('b2c1ff3b-5b4b-42c6-a45d-c23400f59dc5', 'collinsboro', 0),
                                                                    ('b2c1ff3b-5b4b-42c6-a45d-c23400f59dc5', 'kettering', 1),
                                                                    ('b2c1ff3b-5b4b-42c6-a45d-c23400f59dc5', 'fortvalentina', 2),
                                                                    ('b2c1ff3b-5b4b-42c6-a45d-c23400f59dc5', 'sanmarcos', 3),
                                                                    ('73ee3d85-cd01-4c50-89b4-caa11ba7b4a2', 'lacey', 0),
                                                                    ('73ee3d85-cd01-4c50-89b4-caa11ba7b4a2', 'simonisville', 1),
                                                                    ('73ee3d85-cd01-4c50-89b4-caa11ba7b4a2', 'osinskiville', 2),
                                                                    ('73ee3d85-cd01-4c50-89b4-caa11ba7b4a2', 'wizamouth', 3),
                                                                    ('b924ec03-b8b1-4508-9da6-f4fd6e6d060b', 'karenmouth', 0),
                                                                    ('b924ec03-b8b1-4508-9da6-f4fd6e6d060b', 'porterville', 1),
                                                                    ('b924ec03-b8b1-4508-9da6-f4fd6e6d060b', 'eastemmalee', 2),
                                                                    ('b924ec03-b8b1-4508-9da6-f4fd6e6d060b', 'rhiannaborough', 3),
                                                                    ('51fc8f56-63aa-4218-9b2c-ff08a8418829', 'kirlinhaven', 0),
                                                                    ('51fc8f56-63aa-4218-9b2c-ff08a8418829', 'kulaschester', 1),
                                                                    ('51fc8f56-63aa-4218-9b2c-ff08a8418829', 'westdarlenestead', 2),
                                                                    ('51fc8f56-63aa-4218-9b2c-ff08a8418829', 'rolfsonmouth', 3),
                                                                    ('9fdce06d-7a53-4d1b-9f2e-71001590fe03', 'hettingerworth', 0),
                                                                    ('9fdce06d-7a53-4d1b-9f2e-71001590fe03', 'portfreeda', 1),
                                                                    ('9fdce06d-7a53-4d1b-9f2e-71001590fe03', 'broomfield', 2),
                                                                    ('9fdce06d-7a53-4d1b-9f2e-71001590fe03', 'eastjessycastad', 3),
                                                                    ('87d0eaf4-0fca-44ff-b6d9-0405ffe09856', 'newestel', 0),
                                                                    ('87d0eaf4-0fca-44ff-b6d9-0405ffe09856', 'portbria', 1),
                                                                    ('87d0eaf4-0fca-44ff-b6d9-0405ffe09856', 'portchelsey', 2),
                                                                    ('87d0eaf4-0fca-44ff-b6d9-0405ffe09856', 'bradenton', 3),
                                                                    ('a7925301-4b3c-4fa0-9d1f-de39fdc217e5', 'clovis', 0),
                                                                    ('a7925301-4b3c-4fa0-9d1f-de39fdc217e5', 'starkmouth', 1),
                                                                    ('a7925301-4b3c-4fa0-9d1f-de39fdc217e5', 'fortgertrude', 2),
                                                                    ('a7925301-4b3c-4fa0-9d1f-de39fdc217e5', 'newsteviehaven', 3),
                                                                    ('e061bf53-361b-4dd2-a458-42a8253786e4', 'lakealverastad', 0),
                                                                    ('e061bf53-361b-4dd2-a458-42a8253786e4', 'treutelfort', 1),
                                                                    ('e061bf53-361b-4dd2-a458-42a8253786e4', 'gerdabury', 2),
                                                                    ('e061bf53-361b-4dd2-a458-42a8253786e4', 'bernieworth', 3),
                                                                    ('f567ad40-f87d-4461-98d9-883a722bb847', 'fortben', 0),
                                                                    ('f567ad40-f87d-4461-98d9-883a722bb847', 'portmargot', 1),
                                                                    ('f567ad40-f87d-4461-98d9-883a722bb847', 'arnoldoside', 2),
                                                                    ('f567ad40-f87d-4461-98d9-883a722bb847', 'champlinfort', 3),
                                                                    ('d23c3d92-fcbf-4bcc-87bc-2fabd19ec529', 'concepcionchester', 0),
                                                                    ('d23c3d92-fcbf-4bcc-87bc-2fabd19ec529', 'fortarchibaldtown', 1),
                                                                    ('d23c3d92-fcbf-4bcc-87bc-2fabd19ec529', 'nolashire', 2),
                                                                    ('d23c3d92-fcbf-4bcc-87bc-2fabd19ec529', 'cassinfort', 3),
                                                                    ('eb8af7e1-265c-493d-95e3-a5de0c60da49', 'lakemajor', 0),
                                                                    ('eb8af7e1-265c-493d-95e3-a5de0c60da49', 'kossshire', 1),
                                                                    ('eb8af7e1-265c-493d-95e3-a5de0c60da49', 'clevelandheights', 2),
                                                                    ('eb8af7e1-265c-493d-95e3-a5de0c60da49', 'newannabelle', 3),
                                                                    ('a5dceff4-95a9-4083-ae51-eaf1225bf095', 'christyfield', 0),
                                                                    ('a5dceff4-95a9-4083-ae51-eaf1225bf095', 'westantwan', 1),
                                                                    ('a5dceff4-95a9-4083-ae51-eaf1225bf095', 'tamiaboro', 2),
                                                                    ('a5dceff4-95a9-4083-ae51-eaf1225bf095', 'malachiborough', 3),
                                                                    ('0c154358-5128-4535-8731-bea5866d94c2', 'lakequeenie', 0),
                                                                    ('0c154358-5128-4535-8731-bea5866d94c2', 'westdarlenestead', 1),
                                                                    ('0c154358-5128-4535-8731-bea5866d94c2', 'lakeavery', 2),
                                                                    ('0c154358-5128-4535-8731-bea5866d94c2', 'o''harastead', 3),
                                                                    ('d73f5dbd-e83d-40ae-9a51-3c451af3c779', 'burke', 0),
                                                                    ('d73f5dbd-e83d-40ae-9a51-3c451af3c779', 'northcolbystead', 1),
                                                                    ('d73f5dbd-e83d-40ae-9a51-3c451af3c779', 'fortjillian', 2),
                                                                    ('d73f5dbd-e83d-40ae-9a51-3c451af3c779', 'genesisfort', 3),
                                                                    ('93ca46da-33ae-4d0e-8b18-6a529e5ca067', 'pollichborough', 0),
                                                                    ('93ca46da-33ae-4d0e-8b18-6a529e5ca067', 'eastjarviston', 1),
                                                                    ('93ca46da-33ae-4d0e-8b18-6a529e5ca067', 'kulaschester', 2),
                                                                    ('93ca46da-33ae-4d0e-8b18-6a529e5ca067', 'portmaxieton', 3),
                                                                    ('fe43aa97-7107-45aa-b42a-1bf4a07283c3', 'trevionport', 0),
                                                                    ('fe43aa97-7107-45aa-b42a-1bf4a07283c3', 'kingsport', 1),
                                                                    ('fe43aa97-7107-45aa-b42a-1bf4a07283c3', 'rochester', 2),
                                                                    ('fe43aa97-7107-45aa-b42a-1bf4a07283c3', 'portkeelyhaven', 3),
                                                                    ('ac9f3011-7932-4e20-96d6-5aadfc572d30', 'gilbert', 0),
                                                                    ('ac9f3011-7932-4e20-96d6-5aadfc572d30', 'jacobifield', 1),
                                                                    ('ac9f3011-7932-4e20-96d6-5aadfc572d30', 'coachella', 2),
                                                                    ('ac9f3011-7932-4e20-96d6-5aadfc572d30', 'southines', 3),
                                                                    ('8fa5dfc5-6ac8-46ac-a080-95f43d18eb77', 'johnsoncity', 0),
                                                                    ('8fa5dfc5-6ac8-46ac-a080-95f43d18eb77', 'lakedino', 1),
                                                                    ('8fa5dfc5-6ac8-46ac-a080-95f43d18eb77', 'westabagail', 2),
                                                                    ('8fa5dfc5-6ac8-46ac-a080-95f43d18eb77', 'worcester', 3),
                                                                    ('2bd866d1-1ddd-4225-af7d-0fbb50e1d8ba', 'schimmelville', 0),
                                                                    ('2bd866d1-1ddd-4225-af7d-0fbb50e1d8ba', 'northclairboro', 1),
                                                                    ('2bd866d1-1ddd-4225-af7d-0fbb50e1d8ba', 'tuscaloosa', 2),
                                                                    ('2bd866d1-1ddd-4225-af7d-0fbb50e1d8ba', 'torphybury', 3);























