create table route
(
    id            varchar(36)  not null
        primary key,
    end_station   varchar(255) null,
    start_station varchar(255) null
)
        engine = InnoDB;
INSERT INTO route (id, end_station, start_station) VALUES
                                                       ('3be0e853-3632-42de-a5ee-f50bc8968196', 'northtristianfurt', 'westderon'),
                                                       ('c366ad60-6c2b-4b78-b25d-48d43169380a', 'athens-clarkecounty', 'fortalberto'),
                                                       ('277ab211-ec02-4758-9308-9f746557f9aa', 'santaclarita', 'liahaven'),
                                                       ('e72f460b-0e08-411c-b646-082b4fcd21b4', 'southchancetown', 'hankmouth'),
                                                       ('6643e754-7266-4ccb-8c83-14caf36a9d19', 'portrandalview', 'porteloisahaven'),
                                                       ('a8cc164c-d018-4cb7-a083-6b18580bae77', 'westbeverly', 'eduardoland'),
                                                       ('cb74efc4-e9b1-4bb1-9b7f-3c92d939b387', 'portrahsaanborough', 'westroxaneville'),
                                                       ('da68cf7a-eeb5-45aa-bcf0-4bfec4e58345', 'carsonton', 'carmelhaven'),
                                                       ('dc54a242-306a-4b2a-b2fd-e09fe7f59de9', 'northjamelville', 'westtroystad'),
                                                       ('d1e78a4b-cb65-48d1-b270-e898a08858b4', 'fortdelaney', 'fortjedidiah'),
                                                       ('2e2d7a28-1460-4b84-980c-a32be5e6192f', 'fortgladyce', 'brownsville'),
                                                       ('887fa246-a1a2-4e62-84ed-cfe26c01ac71', 'westcristina', 'northstephonmouth'),
                                                       ('285c8af1-3c94-4672-bb4a-5b3700cf756d', 'lakeeleonore', 'westdeloresville'),
                                                       ('ff138992-9a76-4526-813c-476bdc15fb0b', 'wymantown', 'casasadobes'),
                                                       ('2e9c938e-f6bb-4416-b4e2-0e00a2533ffc', 'porttobyton', 'eastjarred'),
                                                       ('762700ac-804a-4f31-ac48-5ef9562b1170', 'lakemorrisside', 'kilbackchester'),
                                                       ('772fb6de-4240-4f7b-bd21-9f199c126079', 'eastcarrollburgh', 'portnicole'),
                                                       ('eccc7bfa-4d26-47fe-930f-9257070de2c3', 'mosciskistad', 'viviannefort'),
                                                       ('bdb1a568-4eb4-4a0d-b9a0-0bd6db461ca7', 'robertsbury', 'grimesworth'),
                                                       ('92dfca97-450a-4dab-913d-5f3ddf3e0b32', 'blazefield', 'murrayboro'),
                                                       ('514a0830-ec05-431f-bbf5-10126068c5c9', 'northcharliefield', 'schmidtton'),
                                                       ('995bfa1c-8d2f-496c-8331-d689651582fd', 'northpansy', 'cronaburgh'),
                                                       ('c3f191d1-9bbe-4cf9-9587-c669e345fe96', 'bethesda', 'luettgenborough'),
                                                       ('229e6047-d9f2-4bdf-9450-405953eead13', 'stefanstad', 'southalberto'),
                                                       ('31fc03d3-2463-441e-8cec-6e8e0943a6d7', 'micaelamouth', 'gretchenville'),
                                                       ('65854153-48fa-425d-8260-a96e252be59b', 'newalexzanderport', 'randalview'),
                                                       ('2850fad3-7400-4015-82ff-f94ab7ae7b86', 'mertzboro', 'sanangelo'),
                                                       ('c95ca6bf-7b10-4921-9622-4b24ef49d36e', 'northabagailfield', 'northkim'),
                                                       ('8ecd87a5-632a-456d-9598-d9206c4dc409', 'newkurtis', 'fortdenisstad'),
                                                       ('d8384bd9-f5ce-4347-8f21-06911a54ec98', 'eastmackstad', 'altamontesprings'),
                                                       ('94e838a4-e0ad-4562-a1eb-7889665406f8', 'newrochelle', 'eastidella'),
                                                       ('a701ff14-cd0d-4674-9f2e-7de8ea3de4f4', 'fortlyricborough', 'alfredamouth'),
                                                       ('ae56ef34-dbe3-4879-95de-06e3531341f1', 'kendalelakes', 'dallasfield'),
                                                       ('bd0db548-03ae-458d-9bef-5bccb361f0ef', 'westuriel', 'santamaria'),
                                                       ('2dce08dc-6989-472e-8a12-6bb7270feb6f', 'albertoton', 'edenprairie'),
                                                       ('f16ccb20-c642-4ed2-85ba-413be08153cd', 'champlinfield', 'waukegan'),
                                                       ('6aca6695-6bf6-4652-a11a-27d529b9d9cb', 'yadiraboro', 'lorinefield'),
                                                       ('c4bcddf1-7636-428d-83aa-21e5d5fcbf39', 'corkeryville', 'weimanntown'),
                                                       ('8d1b6a76-4dcb-4319-b9aa-52ccf93fee5d', 'fortkelleystead', 'northstephanfield'),
                                                       ('331345bb-8b1a-4039-8427-9806d5802f54', 'southjeramyfield', 'aufderharmouth'),
                                                       ('5bef4129-66e4-4dc3-8ea6-2ea4636f9ca5', 'colemanland', 'fortmylesview'),
                                                       ('c7f373b5-57fb-4cd5-b215-f002a39ee97f', 'portst.lucie', 'newkeenanburgh'),
                                                       ('cbecd9b9-d31d-421d-b69b-319847a28087', 'sethboro', 'portkody'),
                                                       ('9909fec5-c495-4d5f-bdfb-60e52dd7639c', 'jastworth', 'rosenbaumberg'),
                                                       ('66519ca5-a2d1-4fb4-b011-838d9f77dc0f', 'derekshire', 'schmidtfield'),
                                                       ('5dc5e1d5-8774-4155-8581-c18284c50dc0', 'lakerhett', 'norththadmouth'),
                                                       ('dd71a8c8-2f04-4644-abfd-5f8b25c1a195', 'westmonroefort', 'ondrickabury'),
                                                       ('b9280271-fe83-4df8-bb52-6c4f3512d658', 'westlaurieborough', 'montyton'),
                                                       ('5b7cfd3d-a49a-488c-bf4b-b9e5404f1cd7', 'piperville', 'charleston'),
                                                       ('a19f754b-acec-4d73-8c68-d1415488fa55', 'mariahside', 'fortellie'),
                                                       ('68a69969-8874-42f8-ad92-2097bde38b9a', 'bothell', 'southconorberg'),
                                                       ('78aae877-c639-40d2-86b5-a111682160c5', 'eldoradohills', 'southmarty'),
                                                       ('c41b8019-ae72-4a53-950f-48ccccafe9c9', 'verniceborough', 'portjimmy'),
                                                       ('16c7ee84-3527-4dd6-8f52-e00839ea2bfb', 'newvalentina', 'northdoyle'),
                                                       ('5ae42010-8ed9-4ef7-ba87-f1baa891b74c', 'northalejandrinhaven', 'norwalk'),
                                                       ('080336ed-dd6f-4a6f-8637-6c80089c7bd4', 'portmortimer', 'mountainview'),
                                                       ('ed947b61-f9ee-4968-8087-a84ad7f6fa24', 'jackfurt', 'eliezerfurt'),
                                                       ('ed53c3b7-0f36-45e1-8fe0-bf70e0f6bb52', 'katlynncester', 'lakenorene'),
                                                       ('6140d770-cacb-42bf-ae20-8c6f8be956f7', 'wunschbury', 'hackensack'),
                                                       ('1bf6113c-8e27-427e-8284-7c2006077939', 'pabloborough', 'allentown'),
                                                       ('d5eabd0e-3326-4c50-8558-b226664b89e5', 'ziemeland', 'ritchiestead'),
                                                       ('cbf9fe7e-b739-4d91-a95a-4331c2c13913', 'kevenmouth', 'eastnarcisoborough'),
                                                       ('03261cfb-a260-4d4c-b2fa-5656d5c2a9a2', 'northjolie', 'schowalterton'),
                                                       ('3c855511-2f8f-4098-83e5-f36ea200fcd4', 'northdiana', 'portmoriahworth'),
                                                       ('b036c85b-8de1-4035-99a9-34d1b20c5dc7', 'rosenbaumtown', 'maximoberg'),
                                                       ('1af79269-d1fc-428c-8b62-e8dbb2d98361', 'gastonia', 'macejkovicburgh'),
                                                       ('28376070-42c1-4b5e-bfc8-1ebf5c80f3e0', 'rosemead', 'kodytown'),
                                                       ('68ab3876-9591-4554-90b5-5622bd1db447', 'newocie', 'chasityhaven'),
                                                       ('f9d31969-5bab-4f1c-a3e8-8c8e3063563f', 'westevangelineview', 'university'),
                                                       ('ef5f72a9-7ee1-41a3-8b0d-ace1b17257fa', 'westkiara', 'philipfurt'),
                                                       ('87d41cb5-9bc2-4ffb-b696-ced9f7a1573e', 'northgraham', 'bridgeport'),
                                                       ('d430aed9-cef7-4289-908f-497ee15f62a0', 'st.george', 'littlerock'),
                                                       ('3b8080ba-f4fa-49f9-afad-e3a646f4a203', 'greggbury', 'havenburgh'),
                                                       ('1dc21eee-6661-4483-956a-12478e3c8897', 'littelmouth', 'newchristopton'),
                                                       ('da493448-067a-47ec-84d0-533c72005d7f', 'millsfield', 'hoseafurt'),
                                                       ('ff77e57f-63b6-481a-8d73-7520c0a5ec10', 'fortramon', 'raynorfort'),
                                                       ('8337d486-a7d2-45e5-88e9-9e92bb579343', 'ellsworthstad', 'lakelanden'),
                                                       ('22223da1-3220-417b-99ff-64876511bf1a', 'sanluisobispo', 'newlarissacester'),
                                                       ('bad392f2-bdbb-41a6-ac9e-c5f28f94c3e7', 'bowie', 'weston'),
                                                       ('21dc116c-8b60-4655-afb5-e6b8260eab14', 'fortbrianne', 'ferminberg'),
                                                       ('89321f88-0f09-4f97-a889-049c4a0aa71b', 'lynn', 'fortkodyworth'),
                                                       ('72523326-61f8-4a27-bb20-3c452add8889', 'sanfordfort', 'nellachester'),
                                                       ('26489d8b-5dda-467d-8546-c428dc3a8779', 'lakemakayla', 'rowlandheights'),
                                                       ('22fc360d-bfa6-49a0-af05-20afecf42e91', 'berkeley', 'marksburgh'),
                                                       ('a615e0fa-936a-4948-bb89-59b889b5fc80', 'westpipershire', 'hymanton'),
                                                       ('c574ec9c-dd0b-4fb6-be1f-45e8afce5054', 'eastearleneside', 'kulasbury'),
                                                       ('b574887a-6e7a-4888-a01e-07fd285cf46e', 'gradyshire', 'nicolasfield'),
                                                       ('8c44dde2-c0bd-4c4d-ab97-1ce1f9b5520b', 'rockford', 'conradborough'),
                                                       ('a46c90cd-08a1-45d8-9526-836c248e710d', 'huntsville', 'eastalysonfort'),
                                                       ('a6343e86-a104-455d-ac03-a2fea9558bc6', 'sebastianberg', 'eastdaphneyport'),
                                                       ('f320c9c5-28ae-4fcb-a273-f2b8a6d12b49', 'bahringerville', 'lewisville'),
                                                       ('9f395354-5443-4b7a-8b10-69f33348aeb3', 'redmond', 'edinburg'),
                                                       ('e08417a8-61b9-4c30-b0a3-b84ef2f7a90d', 'pollichburgh', 'lakerudyfort'),
                                                       ('c3904a2b-c076-4507-ab5e-e3c845e20299', 'santabarbara', 'fortrex'),
                                                       ('a8739aff-60fc-492f-adf1-16ebcfcba148', 'cuyahogafalls', 'eastgwencester'),
                                                       ('b3cb3496-508b-423f-93f7-3c878a0e76f6', 'savannah', 'nolanbury'),
                                                       ('4c6d6eb6-b4da-44ca-9786-adae80225423', 'marinastad', 'westjoshbury'),
                                                       ('bfd50324-cb21-4fd6-8c7d-4383f6824a63', 'fortagustina', 'howellville'),
                                                       ('83f31826-174b-4801-9d12-a0f2e2da8803', 'southsheilaboro', 'visalia'),
                                                       ('bcde199b-648a-4d07-9546-f67f7ef533f4', 'davismouth', 'alexysbury');









create table route_distances
(
    route_id        varchar(36) not null,
    distances       int         null,
    distances_order int         not null,
    primary key (route_id, distances_order)
)
        engine = InnoDB;
INSERT INTO route_distances (route_id, distances, distances_order) VALUES
                                                                       ('3be0e853-3632-42de-a5ee-f50bc8968196', 51.0438690893352, 0),
                                                                       ('3be0e853-3632-42de-a5ee-f50bc8968196', 76.76661943551153, 1),
                                                                       ('3be0e853-3632-42de-a5ee-f50bc8968196', 35.47839419916272, 2),
                                                                       ('3be0e853-3632-42de-a5ee-f50bc8968196', 85.46148897148669, 3),
                                                                       ('c366ad60-6c2b-4b78-b25d-48d43169380a', 23.067090893164277, 0),
                                                                       ('c366ad60-6c2b-4b78-b25d-48d43169380a', 91.33075620047748, 1),
                                                                       ('c366ad60-6c2b-4b78-b25d-48d43169380a', 75.3566934959963, 2),
                                                                       ('c366ad60-6c2b-4b78-b25d-48d43169380a', 33.560111350379884, 3),
                                                                       ('277ab211-ec02-4758-9308-9f746557f9aa', 32.75342129636556, 0),
                                                                       ('277ab211-ec02-4758-9308-9f746557f9aa', 83.85390425100923, 1),
                                                                       ('277ab211-ec02-4758-9308-9f746557f9aa', 37.39275746047497, 2),
                                                                       ('277ab211-ec02-4758-9308-9f746557f9aa', 63.60753932967782, 3),
                                                                       ('e72f460b-0e08-411c-b646-082b4fcd21b4', 27.441890677437186, 0),
                                                                       ('e72f460b-0e08-411c-b646-082b4fcd21b4', 30.572190275415778, 1),
                                                                       ('e72f460b-0e08-411c-b646-082b4fcd21b4', 93.31940985284746, 2),
                                                                       ('e72f460b-0e08-411c-b646-082b4fcd21b4', 95.23427605163306, 3),
                                                                       ('6643e754-7266-4ccb-8c83-14caf36a9d19', 99.71639458090067, 0),
                                                                       ('6643e754-7266-4ccb-8c83-14caf36a9d19', 47.06347179599106, 1),
                                                                       ('6643e754-7266-4ccb-8c83-14caf36a9d19', 39.62933321017772, 2),
                                                                       ('6643e754-7266-4ccb-8c83-14caf36a9d19', 85.21059376653284, 3),
                                                                       ('a8cc164c-d018-4cb7-a083-6b18580bae77', 23.760900180786848, 0),
                                                                       ('a8cc164c-d018-4cb7-a083-6b18580bae77', 82.09611184429377, 1),
                                                                       ('a8cc164c-d018-4cb7-a083-6b18580bae77', 17.414603102952242, 2),
                                                                       ('a8cc164c-d018-4cb7-a083-6b18580bae77', 64.96477976907045, 3),
                                                                       ('cb74efc4-e9b1-4bb1-9b7f-3c92d939b387', 77.66014116350561, 0),
                                                                       ('cb74efc4-e9b1-4bb1-9b7f-3c92d939b387', 90.19294425379485, 1),
                                                                       ('cb74efc4-e9b1-4bb1-9b7f-3c92d939b387', 36.67911174707115, 2),
                                                                       ('cb74efc4-e9b1-4bb1-9b7f-3c92d939b387', 23.290527286008, 3),
                                                                       ('da68cf7a-eeb5-45aa-bcf0-4bfec4e58345', 20.41428063530475, 0),
                                                                       ('da68cf7a-eeb5-45aa-bcf0-4bfec4e58345', 71.0483439033851, 1),
                                                                       ('da68cf7a-eeb5-45aa-bcf0-4bfec4e58345', 51.73537863884121, 2),
                                                                       ('da68cf7a-eeb5-45aa-bcf0-4bfec4e58345', 51.17238932289183, 3),
                                                                       ('dc54a242-306a-4b2a-b2fd-e09fe7f59de9', 93.44016090035439, 0),
                                                                       ('dc54a242-306a-4b2a-b2fd-e09fe7f59de9', 60.285673290491104, 1),
                                                                       ('dc54a242-306a-4b2a-b2fd-e09fe7f59de9', 54.19333823956549, 2),
                                                                       ('dc54a242-306a-4b2a-b2fd-e09fe7f59de9', 56.94651114754379, 3),
                                                                       ('d1e78a4b-cb65-48d1-b270-e898a08858b4', 73.06463338900357, 0),
                                                                       ('d1e78a4b-cb65-48d1-b270-e898a08858b4', 41.75541556905955, 1),
                                                                       ('d1e78a4b-cb65-48d1-b270-e898a08858b4', 73.37465404998511, 2),
                                                                       ('d1e78a4b-cb65-48d1-b270-e898a08858b4', 48.11599045060575, 3),
                                                                       ('2e2d7a28-1460-4b84-980c-a32be5e6192f', 6.771445111371577, 0),
                                                                       ('2e2d7a28-1460-4b84-980c-a32be5e6192f', 54.81461579911411, 1),
                                                                       ('2e2d7a28-1460-4b84-980c-a32be5e6192f', 61.97949240449816, 2),
                                                                       ('2e2d7a28-1460-4b84-980c-a32be5e6192f', 91.20968522038311, 3),
                                                                       ('887fa246-a1a2-4e62-84ed-cfe26c01ac71', 64.00873090606183, 0),
                                                                       ('887fa246-a1a2-4e62-84ed-cfe26c01ac71', 56.40155428554863, 1),
                                                                       ('887fa246-a1a2-4e62-84ed-cfe26c01ac71', 9.353173593990505, 2),
                                                                       ('887fa246-a1a2-4e62-84ed-cfe26c01ac71', 82.69824050366879, 3),
                                                                       ('285c8af1-3c94-4672-bb4a-5b3700cf756d', 83.51598279550672, 0),
                                                                       ('285c8af1-3c94-4672-bb4a-5b3700cf756d', 8.167244726791978, 1),
                                                                       ('285c8af1-3c94-4672-bb4a-5b3700cf756d', 53.68636958301067, 2),
                                                                       ('285c8af1-3c94-4672-bb4a-5b3700cf756d', 19.92811425589025, 3),
                                                                       ('ff138992-9a76-4526-813c-476bdc15fb0b', 96.56129495706409, 0),
                                                                       ('ff138992-9a76-4526-813c-476bdc15fb0b', 81.43789519090205, 1),
                                                                       ('ff138992-9a76-4526-813c-476bdc15fb0b', 36.145799374207854, 2),
                                                                       ('ff138992-9a76-4526-813c-476bdc15fb0b', 15.99003323353827, 3),
                                                                       ('2e9c938e-f6bb-4416-b4e2-0e00a2533ffc', 38.419947237707675, 0),
                                                                       ('2e9c938e-f6bb-4416-b4e2-0e00a2533ffc', 79.58965199068189, 1),
                                                                       ('2e9c938e-f6bb-4416-b4e2-0e00a2533ffc', 15.76004580128938, 2),
                                                                       ('2e9c938e-f6bb-4416-b4e2-0e00a2533ffc', 61.57008127775043, 3),
                                                                       ('762700ac-804a-4f31-ac48-5ef9562b1170', 80.17762801609933, 0),
                                                                       ('762700ac-804a-4f31-ac48-5ef9562b1170', 11.640710919164121, 1),
                                                                       ('762700ac-804a-4f31-ac48-5ef9562b1170', 89.79681446217, 2),
                                                                       ('762700ac-804a-4f31-ac48-5ef9562b1170', 84.0918303700164, 3),
                                                                       ('772fb6de-4240-4f7b-bd21-9f199c126079', 74.50618844013661, 0),
                                                                       ('772fb6de-4240-4f7b-bd21-9f199c126079', 35.37594424560666, 1),
                                                                       ('772fb6de-4240-4f7b-bd21-9f199c126079', 21.322642429731786, 2),
                                                                       ('772fb6de-4240-4f7b-bd21-9f199c126079', 37.27904453407973, 3),
                                                                       ('eccc7bfa-4d26-47fe-930f-9257070de2c3', 55.43128442950547, 0),
                                                                       ('eccc7bfa-4d26-47fe-930f-9257070de2c3', 10.643246886320412, 1),
                                                                       ('eccc7bfa-4d26-47fe-930f-9257070de2c3', 17.456262349151075, 2),
                                                                       ('eccc7bfa-4d26-47fe-930f-9257070de2c3', 4.503472917713225, 3),
                                                                       ('bdb1a568-4eb4-4a0d-b9a0-0bd6db461ca7', 24.0880653494969, 0),
                                                                       ('bdb1a568-4eb4-4a0d-b9a0-0bd6db461ca7', 87.5551707809791, 1),
                                                                       ('bdb1a568-4eb4-4a0d-b9a0-0bd6db461ca7', 9.402389638125896, 2),
                                                                       ('bdb1a568-4eb4-4a0d-b9a0-0bd6db461ca7', 83.95423085894436, 3),
                                                                       ('92dfca97-450a-4dab-913d-5f3ddf3e0b32', 99.78317429777235, 0),
                                                                       ('92dfca97-450a-4dab-913d-5f3ddf3e0b32', 30.78755564056337, 1),
                                                                       ('92dfca97-450a-4dab-913d-5f3ddf3e0b32', 96.19496199302375, 2),
                                                                       ('92dfca97-450a-4dab-913d-5f3ddf3e0b32', 54.80059015098959, 3),
                                                                       ('514a0830-ec05-431f-bbf5-10126068c5c9', 12.868787930347025, 0),
                                                                       ('514a0830-ec05-431f-bbf5-10126068c5c9', 77.0272814668715, 1),
                                                                       ('514a0830-ec05-431f-bbf5-10126068c5c9', 67.00394132640213, 2),
                                                                       ('514a0830-ec05-431f-bbf5-10126068c5c9', 90.68304724059999, 3),
                                                                       ('995bfa1c-8d2f-496c-8331-d689651582fd', 85.6227696640417, 0),
                                                                       ('995bfa1c-8d2f-496c-8331-d689651582fd', 58.89123664237559, 1),
                                                                       ('995bfa1c-8d2f-496c-8331-d689651582fd', 34.919341071508825, 2),
                                                                       ('995bfa1c-8d2f-496c-8331-d689651582fd', 6.847745482809842, 3),
                                                                       ('c3f191d1-9bbe-4cf9-9587-c669e345fe96', 67.04421378672123, 0),
                                                                       ('c3f191d1-9bbe-4cf9-9587-c669e345fe96', 17.28722909465432, 1),
                                                                       ('c3f191d1-9bbe-4cf9-9587-c669e345fe96', 91.80954569019377, 2),
                                                                       ('c3f191d1-9bbe-4cf9-9587-c669e345fe96', 65.08749779313803, 3),
                                                                       ('229e6047-d9f2-4bdf-9450-405953eead13', 64.14135640952736, 0),
                                                                       ('229e6047-d9f2-4bdf-9450-405953eead13', 59.437960176728666, 1),
                                                                       ('229e6047-d9f2-4bdf-9450-405953eead13', 54.771520383656025, 2),
                                                                       ('229e6047-d9f2-4bdf-9450-405953eead13', 42.37946306820959, 3),
                                                                       ('31fc03d3-2463-441e-8cec-6e8e0943a6d7', 23.699354869313538, 0),
                                                                       ('31fc03d3-2463-441e-8cec-6e8e0943a6d7', 70.28092895634472, 1),
                                                                       ('31fc03d3-2463-441e-8cec-6e8e0943a6d7', 45.66498356871307, 2),
                                                                       ('31fc03d3-2463-441e-8cec-6e8e0943a6d7', 23.865650920197368, 3),
                                                                       ('65854153-48fa-425d-8260-a96e252be59b', 84.25809012260288, 0),
                                                                       ('65854153-48fa-425d-8260-a96e252be59b', 73.25068456120789, 1),
                                                                       ('65854153-48fa-425d-8260-a96e252be59b', 79.16941663715988, 2),
                                                                       ('65854153-48fa-425d-8260-a96e252be59b', 7.366321445442736, 3),
                                                                       ('2850fad3-7400-4015-82ff-f94ab7ae7b86', 92.42164639290422, 0),
                                                                       ('2850fad3-7400-4015-82ff-f94ab7ae7b86', 96.49594742804766, 1),
                                                                       ('2850fad3-7400-4015-82ff-f94ab7ae7b86', 25.62429253011942, 2),
                                                                       ('2850fad3-7400-4015-82ff-f94ab7ae7b86', 75.38641137070954, 3),
                                                                       ('c95ca6bf-7b10-4921-9622-4b24ef49d36e', 72.15366018936038, 0),
                                                                       ('c95ca6bf-7b10-4921-9622-4b24ef49d36e', 10.27954628225416, 1),
                                                                       ('c95ca6bf-7b10-4921-9622-4b24ef49d36e', 96.69479827862233, 2),
                                                                       ('c95ca6bf-7b10-4921-9622-4b24ef49d36e', 52.09675636142492, 3),
                                                                       ('8ecd87a5-632a-456d-9598-d9206c4dc409', 43.195712799206376, 0),
                                                                       ('8ecd87a5-632a-456d-9598-d9206c4dc409', 43.34557177498937, 1),
                                                                       ('8ecd87a5-632a-456d-9598-d9206c4dc409', 33.35811919532716, 2),
                                                                       ('8ecd87a5-632a-456d-9598-d9206c4dc409', 71.13087801262736, 3),
                                                                       ('d8384bd9-f5ce-4347-8f21-06911a54ec98', 71.9715746352449, 0),
                                                                       ('d8384bd9-f5ce-4347-8f21-06911a54ec98', 63.25539234094322, 1),
                                                                       ('d8384bd9-f5ce-4347-8f21-06911a54ec98', 94.72601949237287, 2),
                                                                       ('d8384bd9-f5ce-4347-8f21-06911a54ec98', 36.51860000099987, 3),
                                                                       ('94e838a4-e0ad-4562-a1eb-7889665406f8', 50.8633092045784, 0),
                                                                       ('94e838a4-e0ad-4562-a1eb-7889665406f8', 88.00080283544958, 1),
                                                                       ('94e838a4-e0ad-4562-a1eb-7889665406f8', 85.8707680599764, 2),
                                                                       ('94e838a4-e0ad-4562-a1eb-7889665406f8', 72.34711390919983, 3),
                                                                       ('a701ff14-cd0d-4674-9f2e-7de8ea3de4f4', 0.8066809037700295, 0),
                                                                       ('a701ff14-cd0d-4674-9f2e-7de8ea3de4f4', 55.317501979880035, 1),
                                                                       ('a701ff14-cd0d-4674-9f2e-7de8ea3de4f4', 5.658133747056127, 2),
                                                                       ('a701ff14-cd0d-4674-9f2e-7de8ea3de4f4', 31.177088641561568, 3),
                                                                       ('ae56ef34-dbe3-4879-95de-06e3531341f1', 31.736311549320817, 0),
                                                                       ('ae56ef34-dbe3-4879-95de-06e3531341f1', 27.718060347251594, 1),
                                                                       ('ae56ef34-dbe3-4879-95de-06e3531341f1', 93.83463037665933, 2),
                                                                       ('ae56ef34-dbe3-4879-95de-06e3531341f1', 48.67162052541971, 3),
                                                                       ('bd0db548-03ae-458d-9bef-5bccb361f0ef', 51.06224988121539, 0),
                                                                       ('bd0db548-03ae-458d-9bef-5bccb361f0ef', 36.204046197235584, 1),
                                                                       ('bd0db548-03ae-458d-9bef-5bccb361f0ef', 37.870498513802886, 2),
                                                                       ('bd0db548-03ae-458d-9bef-5bccb361f0ef', 51.22482995502651, 3),
                                                                       ('2dce08dc-6989-472e-8a12-6bb7270feb6f', 35.946809919551015, 0),
                                                                       ('2dce08dc-6989-472e-8a12-6bb7270feb6f', 92.26658737752587, 1),
                                                                       ('2dce08dc-6989-472e-8a12-6bb7270feb6f', 14.402651879936457, 2),
                                                                       ('2dce08dc-6989-472e-8a12-6bb7270feb6f', 59.40777496434748, 3),
                                                                       ('f16ccb20-c642-4ed2-85ba-413be08153cd', 98.43231444247067, 0),
                                                                       ('f16ccb20-c642-4ed2-85ba-413be08153cd', 21.453117369674146, 1),
                                                                       ('f16ccb20-c642-4ed2-85ba-413be08153cd', 15.353605546988547, 2),
                                                                       ('f16ccb20-c642-4ed2-85ba-413be08153cd', 20.706400414928794, 3),
                                                                       ('6aca6695-6bf6-4652-a11a-27d529b9d9cb', 98.12250055838376, 0),
                                                                       ('6aca6695-6bf6-4652-a11a-27d529b9d9cb', 61.70135820284486, 1),
                                                                       ('6aca6695-6bf6-4652-a11a-27d529b9d9cb', 75.58836368843913, 2),
                                                                       ('6aca6695-6bf6-4652-a11a-27d529b9d9cb', 62.40613495465368, 3),
                                                                       ('c4bcddf1-7636-428d-83aa-21e5d5fcbf39', 34.31448214687407, 0),
                                                                       ('c4bcddf1-7636-428d-83aa-21e5d5fcbf39', 13.811232708394527, 1),
                                                                       ('c4bcddf1-7636-428d-83aa-21e5d5fcbf39', 59.70993912778795, 2),
                                                                       ('c4bcddf1-7636-428d-83aa-21e5d5fcbf39', 29.98088712338358, 3),
                                                                       ('8d1b6a76-4dcb-4319-b9aa-52ccf93fee5d', 67.2339033568278, 0),
                                                                       ('8d1b6a76-4dcb-4319-b9aa-52ccf93fee5d', 19.952031248249114, 1),
                                                                       ('8d1b6a76-4dcb-4319-b9aa-52ccf93fee5d', 83.10994661878794, 2),
                                                                       ('8d1b6a76-4dcb-4319-b9aa-52ccf93fee5d', 47.65439946204424, 3),
                                                                       ('331345bb-8b1a-4039-8427-9806d5802f54', 49.14225640241057, 0),
                                                                       ('331345bb-8b1a-4039-8427-9806d5802f54', 20.958789181895554, 1),
                                                                       ('331345bb-8b1a-4039-8427-9806d5802f54', 24.97295388020575, 2),
                                                                       ('331345bb-8b1a-4039-8427-9806d5802f54', 25.652262661606073, 3),
                                                                       ('5bef4129-66e4-4dc3-8ea6-2ea4636f9ca5', 86.13440624903888, 0),
                                                                       ('5bef4129-66e4-4dc3-8ea6-2ea4636f9ca5', 83.92308230977505, 1),
                                                                       ('5bef4129-66e4-4dc3-8ea6-2ea4636f9ca5', 59.217646438628435, 2),
                                                                       ('5bef4129-66e4-4dc3-8ea6-2ea4636f9ca5', 25.209587533026934, 3),
                                                                       ('c7f373b5-57fb-4cd5-b215-f002a39ee97f', 80.85368855390698, 0),
                                                                       ('c7f373b5-57fb-4cd5-b215-f002a39ee97f', 55.87969194166362, 1),
                                                                       ('c7f373b5-57fb-4cd5-b215-f002a39ee97f', 68.87349765747786, 2),
                                                                       ('c7f373b5-57fb-4cd5-b215-f002a39ee97f', 3.8403972517699003, 3),
                                                                       ('cbecd9b9-d31d-421d-b69b-319847a28087', 96.10163324978203, 0),
                                                                       ('cbecd9b9-d31d-421d-b69b-319847a28087', 0.18624328076839447, 1),
                                                                       ('cbecd9b9-d31d-421d-b69b-319847a28087', 12.747701490297914, 2),
                                                                       ('cbecd9b9-d31d-421d-b69b-319847a28087', 26.148788328282535, 3),
                                                                       ('9909fec5-c495-4d5f-bdfb-60e52dd7639c', 62.60174410417676, 0),
                                                                       ('9909fec5-c495-4d5f-bdfb-60e52dd7639c', 8.769270405173302, 1),
                                                                       ('9909fec5-c495-4d5f-bdfb-60e52dd7639c', 83.78418630454689, 2),
                                                                       ('9909fec5-c495-4d5f-bdfb-60e52dd7639c', 36.20531840715557, 3),
                                                                       ('66519ca5-a2d1-4fb4-b011-838d9f77dc0f', 32.627243152819574, 0),
                                                                       ('66519ca5-a2d1-4fb4-b011-838d9f77dc0f', 45.761411846615374, 1),
                                                                       ('66519ca5-a2d1-4fb4-b011-838d9f77dc0f', 32.09728125948459, 2),
                                                                       ('66519ca5-a2d1-4fb4-b011-838d9f77dc0f', 14.526782697066665, 3),
                                                                       ('5dc5e1d5-8774-4155-8581-c18284c50dc0', 30.94734384212643, 0),
                                                                       ('5dc5e1d5-8774-4155-8581-c18284c50dc0', 98.74391439370811, 1),
                                                                       ('5dc5e1d5-8774-4155-8581-c18284c50dc0', 26.196470367722213, 2),
                                                                       ('5dc5e1d5-8774-4155-8581-c18284c50dc0', 28.952046297490597, 3),
                                                                       ('dd71a8c8-2f04-4644-abfd-5f8b25c1a195', 28.925101971253753, 0),
                                                                       ('dd71a8c8-2f04-4644-abfd-5f8b25c1a195', 83.42337934300303, 1),
                                                                       ('dd71a8c8-2f04-4644-abfd-5f8b25c1a195', 83.18302584812045, 2),
                                                                       ('dd71a8c8-2f04-4644-abfd-5f8b25c1a195', 46.579763386398554, 3),
                                                                       ('b9280271-fe83-4df8-bb52-6c4f3512d658', 9.816722804680467, 0),
                                                                       ('b9280271-fe83-4df8-bb52-6c4f3512d658', 68.80241432227194, 1),
                                                                       ('b9280271-fe83-4df8-bb52-6c4f3512d658', 82.66769868787378, 2),
                                                                       ('b9280271-fe83-4df8-bb52-6c4f3512d658', 0.4747482016682625, 3),
                                                                       ('5b7cfd3d-a49a-488c-bf4b-b9e5404f1cd7', 48.35726597812027, 0),
                                                                       ('5b7cfd3d-a49a-488c-bf4b-b9e5404f1cd7', 78.92671434674412, 1),
                                                                       ('5b7cfd3d-a49a-488c-bf4b-b9e5404f1cd7', 3.5754789132624865, 2),
                                                                       ('5b7cfd3d-a49a-488c-bf4b-b9e5404f1cd7', 25.848881318233907, 3),
                                                                       ('a19f754b-acec-4d73-8c68-d1415488fa55', 48.94707158673555, 0),
                                                                       ('a19f754b-acec-4d73-8c68-d1415488fa55', 34.192356397397816, 1),
                                                                       ('a19f754b-acec-4d73-8c68-d1415488fa55', 48.551240493543446, 2),
                                                                       ('a19f754b-acec-4d73-8c68-d1415488fa55', 52.91038875002414, 3),
                                                                       ('68a69969-8874-42f8-ad92-2097bde38b9a', 16.4763341890648, 0),
                                                                       ('68a69969-8874-42f8-ad92-2097bde38b9a', 69.92960963398218, 1),
                                                                       ('68a69969-8874-42f8-ad92-2097bde38b9a', 30.249451682902873, 2),
                                                                       ('68a69969-8874-42f8-ad92-2097bde38b9a', 51.61516841035336, 3),
                                                                       ('78aae877-c639-40d2-86b5-a111682160c5', 30.333896027877927, 0),
                                                                       ('78aae877-c639-40d2-86b5-a111682160c5', 52.33094450086355, 1),
                                                                       ('78aae877-c639-40d2-86b5-a111682160c5', 74.66632018331438, 2),
                                                                       ('78aae877-c639-40d2-86b5-a111682160c5', 0.9930000640451908, 3),
                                                                       ('c41b8019-ae72-4a53-950f-48ccccafe9c9', 47.10015126038343, 0),
                                                                       ('c41b8019-ae72-4a53-950f-48ccccafe9c9', 17.914054193533957, 1),
                                                                       ('c41b8019-ae72-4a53-950f-48ccccafe9c9', 78.45326662063599, 2),
                                                                       ('c41b8019-ae72-4a53-950f-48ccccafe9c9', 10.051025915890932, 3),
                                                                       ('16c7ee84-3527-4dd6-8f52-e00839ea2bfb', 74.31327593512833, 0),
                                                                       ('16c7ee84-3527-4dd6-8f52-e00839ea2bfb', 16.003259923309088, 1),
                                                                       ('16c7ee84-3527-4dd6-8f52-e00839ea2bfb', 21.59239302854985, 2),
                                                                       ('16c7ee84-3527-4dd6-8f52-e00839ea2bfb', 76.63534781895578, 3),
                                                                       ('5ae42010-8ed9-4ef7-ba87-f1baa891b74c', 86.29533112980425, 0),
                                                                       ('5ae42010-8ed9-4ef7-ba87-f1baa891b74c', 10.982942907139659, 1),
                                                                       ('5ae42010-8ed9-4ef7-ba87-f1baa891b74c', 6.882570264860988, 2),
                                                                       ('5ae42010-8ed9-4ef7-ba87-f1baa891b74c', 71.55851973220706, 3),
                                                                       ('080336ed-dd6f-4a6f-8637-6c80089c7bd4', 60.13399683870375, 0),
                                                                       ('080336ed-dd6f-4a6f-8637-6c80089c7bd4', 39.243602426722646, 1),
                                                                       ('080336ed-dd6f-4a6f-8637-6c80089c7bd4', 14.299039542675018, 2),
                                                                       ('080336ed-dd6f-4a6f-8637-6c80089c7bd4', 28.005369612947106, 3),
                                                                       ('ed947b61-f9ee-4968-8087-a84ad7f6fa24', 61.64273056201637, 0),
                                                                       ('ed947b61-f9ee-4968-8087-a84ad7f6fa24', 72.62199118267745, 1),
                                                                       ('ed947b61-f9ee-4968-8087-a84ad7f6fa24', 86.0538037493825, 2),
                                                                       ('ed947b61-f9ee-4968-8087-a84ad7f6fa24', 53.21624733041972, 3),
                                                                       ('ed53c3b7-0f36-45e1-8fe0-bf70e0f6bb52', 1.2490025954321027, 0),
                                                                       ('ed53c3b7-0f36-45e1-8fe0-bf70e0f6bb52', 47.507340274751186, 1),
                                                                       ('ed53c3b7-0f36-45e1-8fe0-bf70e0f6bb52', 98.82296898867935, 2),
                                                                       ('ed53c3b7-0f36-45e1-8fe0-bf70e0f6bb52', 9.685032558627427, 3),
                                                                       ('6140d770-cacb-42bf-ae20-8c6f8be956f7', 76.44044272601604, 0),
                                                                       ('6140d770-cacb-42bf-ae20-8c6f8be956f7', 73.86162753682584, 1),
                                                                       ('6140d770-cacb-42bf-ae20-8c6f8be956f7', 33.22476877365261, 2),
                                                                       ('6140d770-cacb-42bf-ae20-8c6f8be956f7', 70.57179079856724, 3),
                                                                       ('1bf6113c-8e27-427e-8284-7c2006077939', 5.740157677792013, 0),
                                                                       ('1bf6113c-8e27-427e-8284-7c2006077939', 44.51810058671981, 1),
                                                                       ('1bf6113c-8e27-427e-8284-7c2006077939', 99.16681828908622, 2),
                                                                       ('1bf6113c-8e27-427e-8284-7c2006077939', 66.3112505339086, 3),
                                                                       ('d5eabd0e-3326-4c50-8558-b226664b89e5', 29.67108841985464, 0),
                                                                       ('d5eabd0e-3326-4c50-8558-b226664b89e5', 49.990330496802926, 1),
                                                                       ('d5eabd0e-3326-4c50-8558-b226664b89e5', 89.20127626042813, 2),
                                                                       ('d5eabd0e-3326-4c50-8558-b226664b89e5', 31.1546609736979, 3),
                                                                       ('cbf9fe7e-b739-4d91-a95a-4331c2c13913', 8.231889409944415, 0),
                                                                       ('cbf9fe7e-b739-4d91-a95a-4331c2c13913', 50.472526089288294, 1),
                                                                       ('cbf9fe7e-b739-4d91-a95a-4331c2c13913', 7.171466923318803, 2),
                                                                       ('cbf9fe7e-b739-4d91-a95a-4331c2c13913', 76.73416074831039, 3),
                                                                       ('03261cfb-a260-4d4c-b2fa-5656d5c2a9a2', 85.59690709225833, 0),
                                                                       ('03261cfb-a260-4d4c-b2fa-5656d5c2a9a2', 77.89162355475128, 1),
                                                                       ('03261cfb-a260-4d4c-b2fa-5656d5c2a9a2', 18.6829783488065, 2),
                                                                       ('03261cfb-a260-4d4c-b2fa-5656d5c2a9a2', 44.52797987032682, 3),
                                                                       ('3c855511-2f8f-4098-83e5-f36ea200fcd4', 37.56355224177241, 0),
                                                                       ('3c855511-2f8f-4098-83e5-f36ea200fcd4', 89.2681130208075, 1),
                                                                       ('3c855511-2f8f-4098-83e5-f36ea200fcd4', 49.21676856465638, 2),
                                                                       ('3c855511-2f8f-4098-83e5-f36ea200fcd4', 26.873011933639646, 3),
                                                                       ('b036c85b-8de1-4035-99a9-34d1b20c5dc7', 52.5168179301545, 0),
                                                                       ('b036c85b-8de1-4035-99a9-34d1b20c5dc7', 75.86383139714599, 1),
                                                                       ('b036c85b-8de1-4035-99a9-34d1b20c5dc7', 52.920283493585885, 2),
                                                                       ('b036c85b-8de1-4035-99a9-34d1b20c5dc7', 66.28060357179493, 3),
                                                                       ('1af79269-d1fc-428c-8b62-e8dbb2d98361', 54.73921443335712, 0),
                                                                       ('1af79269-d1fc-428c-8b62-e8dbb2d98361', 30.88834339287132, 1),
                                                                       ('1af79269-d1fc-428c-8b62-e8dbb2d98361', 24.311765981838107, 2),
                                                                       ('1af79269-d1fc-428c-8b62-e8dbb2d98361', 41.95867523085326, 3),
                                                                       ('28376070-42c1-4b5e-bfc8-1ebf5c80f3e0', 77.40107493009418, 0),
                                                                       ('28376070-42c1-4b5e-bfc8-1ebf5c80f3e0', 0.9373324690386653, 1),
                                                                       ('28376070-42c1-4b5e-bfc8-1ebf5c80f3e0', 66.35829827282578, 2),
                                                                       ('28376070-42c1-4b5e-bfc8-1ebf5c80f3e0', 36.6251120576635, 3),
                                                                       ('68ab3876-9591-4554-90b5-5622bd1db447', 66.37235223315656, 0),
                                                                       ('68ab3876-9591-4554-90b5-5622bd1db447', 3.9968189783394337, 1),
                                                                       ('68ab3876-9591-4554-90b5-5622bd1db447', 57.60233751498163, 2),
                                                                       ('68ab3876-9591-4554-90b5-5622bd1db447', 41.63680507335812, 3),
                                                                       ('f9d31969-5bab-4f1c-a3e8-8c8e3063563f', 20.458863419480622, 0),
                                                                       ('f9d31969-5bab-4f1c-a3e8-8c8e3063563f', 69.80881453491747, 1),
                                                                       ('f9d31969-5bab-4f1c-a3e8-8c8e3063563f', 97.76246710680425, 2),
                                                                       ('f9d31969-5bab-4f1c-a3e8-8c8e3063563f', 28.724787198007107, 3),
                                                                       ('ef5f72a9-7ee1-41a3-8b0d-ace1b17257fa', 28.35081536322832, 0),
                                                                       ('ef5f72a9-7ee1-41a3-8b0d-ace1b17257fa', 4.533624486066401, 1),
                                                                       ('ef5f72a9-7ee1-41a3-8b0d-ace1b17257fa', 49.63031024672091, 2),
                                                                       ('ef5f72a9-7ee1-41a3-8b0d-ace1b17257fa', 22.13126001879573, 3),
                                                                       ('87d41cb5-9bc2-4ffb-b696-ced9f7a1573e', 48.691942961886525, 0),
                                                                       ('87d41cb5-9bc2-4ffb-b696-ced9f7a1573e', 89.62398881558329, 1),
                                                                       ('87d41cb5-9bc2-4ffb-b696-ced9f7a1573e', 14.452276332303882, 2),
                                                                       ('87d41cb5-9bc2-4ffb-b696-ced9f7a1573e', 42.1098162420094, 3),
                                                                       ('d430aed9-cef7-4289-908f-497ee15f62a0', 20.157213020138443, 0),
                                                                       ('d430aed9-cef7-4289-908f-497ee15f62a0', 47.52803586889058, 1),
                                                                       ('d430aed9-cef7-4289-908f-497ee15f62a0', 71.28820300567895, 2),
                                                                       ('d430aed9-cef7-4289-908f-497ee15f62a0', 21.325583569705486, 3),
                                                                       ('3b8080ba-f4fa-49f9-afad-e3a646f4a203', 4.874246334657073, 0),
                                                                       ('3b8080ba-f4fa-49f9-afad-e3a646f4a203', 33.0388288712129, 1),
                                                                       ('3b8080ba-f4fa-49f9-afad-e3a646f4a203', 16.801196220330894, 2),
                                                                       ('3b8080ba-f4fa-49f9-afad-e3a646f4a203', 16.54240677598864, 3),
                                                                       ('1dc21eee-6661-4483-956a-12478e3c8897', 23.50692681502551, 0),
                                                                       ('1dc21eee-6661-4483-956a-12478e3c8897', 40.762705891393125, 1),
                                                                       ('1dc21eee-6661-4483-956a-12478e3c8897', 50.44591445475817, 2),
                                                                       ('1dc21eee-6661-4483-956a-12478e3c8897', 15.462866169400513, 3),
                                                                       ('da493448-067a-47ec-84d0-533c72005d7f', 6.2379718059673905, 0),
                                                                       ('da493448-067a-47ec-84d0-533c72005d7f', 92.65509485267103, 1),
                                                                       ('da493448-067a-47ec-84d0-533c72005d7f', 29.068767209537327, 2),
                                                                       ('da493448-067a-47ec-84d0-533c72005d7f', 1.750602526590228, 3),
                                                                       ('ff77e57f-63b6-481a-8d73-7520c0a5ec10', 41.078261635266244, 0),
                                                                       ('ff77e57f-63b6-481a-8d73-7520c0a5ec10', 72.61828137561679, 1),
                                                                       ('ff77e57f-63b6-481a-8d73-7520c0a5ec10', 30.890617216937244, 2),
                                                                       ('ff77e57f-63b6-481a-8d73-7520c0a5ec10', 59.70357148908079, 3),
                                                                       ('8337d486-a7d2-45e5-88e9-9e92bb579343', 46.69570990372449, 0),
                                                                       ('8337d486-a7d2-45e5-88e9-9e92bb579343', 24.568907683715224, 1),
                                                                       ('8337d486-a7d2-45e5-88e9-9e92bb579343', 15.248355059884489, 2),
                                                                       ('8337d486-a7d2-45e5-88e9-9e92bb579343', 68.07907100301236, 3),
                                                                       ('22223da1-3220-417b-99ff-64876511bf1a', 70.090451836586, 0),
                                                                       ('22223da1-3220-417b-99ff-64876511bf1a', 26.293595787137747, 1),
                                                                       ('22223da1-3220-417b-99ff-64876511bf1a', 40.104086976498365, 2),
                                                                       ('22223da1-3220-417b-99ff-64876511bf1a', 75.33444133587182, 3),
                                                                       ('bad392f2-bdbb-41a6-ac9e-c5f28f94c3e7', 54.51898581814021, 0),
                                                                       ('bad392f2-bdbb-41a6-ac9e-c5f28f94c3e7', 91.60939662251621, 1),
                                                                       ('bad392f2-bdbb-41a6-ac9e-c5f28f94c3e7', 50.8946469752118, 2),
                                                                       ('bad392f2-bdbb-41a6-ac9e-c5f28f94c3e7', 32.35216112807393, 3),
                                                                       ('21dc116c-8b60-4655-afb5-e6b8260eab14', 17.965609347447753, 0),
                                                                       ('21dc116c-8b60-4655-afb5-e6b8260eab14', 81.5153817879036, 1),
                                                                       ('21dc116c-8b60-4655-afb5-e6b8260eab14', 16.02971418760717, 2),
                                                                       ('21dc116c-8b60-4655-afb5-e6b8260eab14', 43.3575595729053, 3),
                                                                       ('89321f88-0f09-4f97-a889-049c4a0aa71b', 45.706619578413665, 0),
                                                                       ('89321f88-0f09-4f97-a889-049c4a0aa71b', 67.07394258119166, 1),
                                                                       ('89321f88-0f09-4f97-a889-049c4a0aa71b', 97.35510309692472, 2),
                                                                       ('89321f88-0f09-4f97-a889-049c4a0aa71b', 67.00641810894012, 3),
                                                                       ('72523326-61f8-4a27-bb20-3c452add8889', 29.160362668335438, 0),
                                                                       ('72523326-61f8-4a27-bb20-3c452add8889', 97.84154118970037, 1),
                                                                       ('72523326-61f8-4a27-bb20-3c452add8889', 67.20850286073983, 2),
                                                                       ('72523326-61f8-4a27-bb20-3c452add8889', 89.02261406183243, 3),
                                                                       ('26489d8b-5dda-467d-8546-c428dc3a8779', 22.289461037144065, 0),
                                                                       ('26489d8b-5dda-467d-8546-c428dc3a8779', 40.568911959417164, 1),
                                                                       ('26489d8b-5dda-467d-8546-c428dc3a8779', 6.917184824123979, 2),
                                                                       ('26489d8b-5dda-467d-8546-c428dc3a8779', 72.13922431692481, 3),
                                                                       ('22fc360d-bfa6-49a0-af05-20afecf42e91', 34.1409737477079, 0),
                                                                       ('22fc360d-bfa6-49a0-af05-20afecf42e91', 72.60627208743244, 1),
                                                                       ('22fc360d-bfa6-49a0-af05-20afecf42e91', 98.49077539984137, 2),
                                                                       ('22fc360d-bfa6-49a0-af05-20afecf42e91', 34.55504341982305, 3),
                                                                       ('a615e0fa-936a-4948-bb89-59b889b5fc80', 11.282406188547611, 0),
                                                                       ('a615e0fa-936a-4948-bb89-59b889b5fc80', 62.42066991981119, 1),
                                                                       ('a615e0fa-936a-4948-bb89-59b889b5fc80', 3.4742313204333186, 2),
                                                                       ('a615e0fa-936a-4948-bb89-59b889b5fc80', 83.55077793821692, 3),
                                                                       ('c574ec9c-dd0b-4fb6-be1f-45e8afce5054', 34.58719793707132, 0),
                                                                       ('c574ec9c-dd0b-4fb6-be1f-45e8afce5054', 98.59896784182638, 1),
                                                                       ('c574ec9c-dd0b-4fb6-be1f-45e8afce5054', 62.015125481411815, 2),
                                                                       ('c574ec9c-dd0b-4fb6-be1f-45e8afce5054', 22.473866282962263, 3),
                                                                       ('b574887a-6e7a-4888-a01e-07fd285cf46e', 12.14603481348604, 0),
                                                                       ('b574887a-6e7a-4888-a01e-07fd285cf46e', 19.97669762931764, 1),
                                                                       ('b574887a-6e7a-4888-a01e-07fd285cf46e', 90.31561319716275, 2),
                                                                       ('b574887a-6e7a-4888-a01e-07fd285cf46e', 98.81698100361973, 3),
                                                                       ('8c44dde2-c0bd-4c4d-ab97-1ce1f9b5520b', 48.39927041903138, 0),
                                                                       ('8c44dde2-c0bd-4c4d-ab97-1ce1f9b5520b', 71.69398250989616, 1),
                                                                       ('8c44dde2-c0bd-4c4d-ab97-1ce1f9b5520b', 23.62172792199999, 2),
                                                                       ('8c44dde2-c0bd-4c4d-ab97-1ce1f9b5520b', 66.13005080725998, 3),
                                                                       ('a46c90cd-08a1-45d8-9526-836c248e710d', 93.59949436038733, 0),
                                                                       ('a46c90cd-08a1-45d8-9526-836c248e710d', 56.38825099449605, 1),
                                                                       ('a46c90cd-08a1-45d8-9526-836c248e710d', 27.656668587587774, 2),
                                                                       ('a46c90cd-08a1-45d8-9526-836c248e710d', 59.14941793307662, 3),
                                                                       ('a6343e86-a104-455d-ac03-a2fea9558bc6', 0.01170553732663393, 0),
                                                                       ('a6343e86-a104-455d-ac03-a2fea9558bc6', 51.69251370243728, 1),
                                                                       ('a6343e86-a104-455d-ac03-a2fea9558bc6', 20.84560787770897, 2),
                                                                       ('a6343e86-a104-455d-ac03-a2fea9558bc6', 27.63396818190813, 3),
                                                                       ('f320c9c5-28ae-4fcb-a273-f2b8a6d12b49', 13.547128485515714, 0),
                                                                       ('f320c9c5-28ae-4fcb-a273-f2b8a6d12b49', 22.857427038252354, 1),
                                                                       ('f320c9c5-28ae-4fcb-a273-f2b8a6d12b49', 54.02044754009694, 2),
                                                                       ('f320c9c5-28ae-4fcb-a273-f2b8a6d12b49', 67.65258891973644, 3),
                                                                       ('9f395354-5443-4b7a-8b10-69f33348aeb3', 95.20140988752246, 0),
                                                                       ('9f395354-5443-4b7a-8b10-69f33348aeb3', 62.47008505742997, 1),
                                                                       ('9f395354-5443-4b7a-8b10-69f33348aeb3', 45.494387089274824, 2),
                                                                       ('9f395354-5443-4b7a-8b10-69f33348aeb3', 8.687796723097563, 3),
                                                                       ('e08417a8-61b9-4c30-b0a3-b84ef2f7a90d', 3.362544090487063, 0),
                                                                       ('e08417a8-61b9-4c30-b0a3-b84ef2f7a90d', 43.11848389916122, 1),
                                                                       ('e08417a8-61b9-4c30-b0a3-b84ef2f7a90d', 79.42312802188098, 2),
                                                                       ('e08417a8-61b9-4c30-b0a3-b84ef2f7a90d', 39.765360252931714, 3),
                                                                       ('c3904a2b-c076-4507-ab5e-e3c845e20299', 86.91020933911204, 0),
                                                                       ('c3904a2b-c076-4507-ab5e-e3c845e20299', 34.12906469311565, 1),
                                                                       ('c3904a2b-c076-4507-ab5e-e3c845e20299', 80.64168780110776, 2),
                                                                       ('c3904a2b-c076-4507-ab5e-e3c845e20299', 88.77715154085308, 3),
                                                                       ('a8739aff-60fc-492f-adf1-16ebcfcba148', 38.732126844115555, 0),
                                                                       ('a8739aff-60fc-492f-adf1-16ebcfcba148', 17.3269729828462, 1),
                                                                       ('a8739aff-60fc-492f-adf1-16ebcfcba148', 61.292324983514845, 2),
                                                                       ('a8739aff-60fc-492f-adf1-16ebcfcba148', 93.59090167563409, 3),
                                                                       ('b3cb3496-508b-423f-93f7-3c878a0e76f6', 85.64033838920295, 0),
                                                                       ('b3cb3496-508b-423f-93f7-3c878a0e76f6', 10.73539003264159, 1),
                                                                       ('b3cb3496-508b-423f-93f7-3c878a0e76f6', 91.80651581846178, 2),
                                                                       ('b3cb3496-508b-423f-93f7-3c878a0e76f6', 14.998252782970667, 3),
                                                                       ('4c6d6eb6-b4da-44ca-9786-adae80225423', 40.229756268672645, 0),
                                                                       ('4c6d6eb6-b4da-44ca-9786-adae80225423', 1.5549052972346544, 1),
                                                                       ('4c6d6eb6-b4da-44ca-9786-adae80225423', 67.38140124361962, 2),
                                                                       ('4c6d6eb6-b4da-44ca-9786-adae80225423', 48.584065632894635, 3),
                                                                       ('bfd50324-cb21-4fd6-8c7d-4383f6824a63', 23.033299366943538, 0),
                                                                       ('bfd50324-cb21-4fd6-8c7d-4383f6824a63', 94.95105508249253, 1),
                                                                       ('bfd50324-cb21-4fd6-8c7d-4383f6824a63', 52.194576733745635, 2),
                                                                       ('bfd50324-cb21-4fd6-8c7d-4383f6824a63', 62.68577794544399, 3),
                                                                       ('83f31826-174b-4801-9d12-a0f2e2da8803', 48.9643219858408, 0),
                                                                       ('83f31826-174b-4801-9d12-a0f2e2da8803', 49.501638556830585, 1),
                                                                       ('83f31826-174b-4801-9d12-a0f2e2da8803', 6.329377740621567, 2),
                                                                       ('83f31826-174b-4801-9d12-a0f2e2da8803', 83.96111051551998, 3),
                                                                       ('bcde199b-648a-4d07-9546-f67f7ef533f4', 10.697590955533087, 0),
                                                                       ('bcde199b-648a-4d07-9546-f67f7ef533f4', 56.23787015210837, 1),
                                                                       ('bcde199b-648a-4d07-9546-f67f7ef533f4', 18.212641240097582, 2),
                                                                       ('bcde199b-648a-4d07-9546-f67f7ef533f4', 81.7926729330793, 3);









create table route_stations
(
    route_id       varchar(36)  not null,
    stations       varchar(255) null,
    stations_order int          not null,
    primary key (route_id, stations_order)
)
        engine = InnoDB;
INSERT INTO route_stations (route_id, stations, stations_order) VALUES
                                                                    ('3be0e853-3632-42de-a5ee-f50bc8968196', 'westderon', 0),
                                                                    ('3be0e853-3632-42de-a5ee-f50bc8968196', 'portlois', 1),
                                                                    ('3be0e853-3632-42de-a5ee-f50bc8968196', 'northcorbinshire', 2),
                                                                    ('3be0e853-3632-42de-a5ee-f50bc8968196', 'northtristianfurt', 3),
                                                                    ('c366ad60-6c2b-4b78-b25d-48d43169380a', 'fortalberto', 0),
                                                                    ('c366ad60-6c2b-4b78-b25d-48d43169380a', 'ricofurt', 1),
                                                                    ('c366ad60-6c2b-4b78-b25d-48d43169380a', 'northmelisaburgh', 2),
                                                                    ('c366ad60-6c2b-4b78-b25d-48d43169380a', 'athens-clarkecounty', 3),
                                                                    ('277ab211-ec02-4758-9308-9f746557f9aa', 'liahaven', 0),
                                                                    ('277ab211-ec02-4758-9308-9f746557f9aa', 'westneoma', 1),
                                                                    ('277ab211-ec02-4758-9308-9f746557f9aa', 'portellieside', 2),
                                                                    ('277ab211-ec02-4758-9308-9f746557f9aa', 'santaclarita', 3),
                                                                    ('e72f460b-0e08-411c-b646-082b4fcd21b4', 'hankmouth', 0),
                                                                    ('e72f460b-0e08-411c-b646-082b4fcd21b4', 'newgaston', 1),
                                                                    ('e72f460b-0e08-411c-b646-082b4fcd21b4', 'newnestormouth', 2),
                                                                    ('e72f460b-0e08-411c-b646-082b4fcd21b4', 'southchancetown', 3),
                                                                    ('6643e754-7266-4ccb-8c83-14caf36a9d19', 'porteloisahaven', 0),
                                                                    ('6643e754-7266-4ccb-8c83-14caf36a9d19', 'lakelydia', 1),
                                                                    ('6643e754-7266-4ccb-8c83-14caf36a9d19', 'westdario', 2),
                                                                    ('6643e754-7266-4ccb-8c83-14caf36a9d19', 'portrandalview', 3),
                                                                    ('a8cc164c-d018-4cb7-a083-6b18580bae77', 'eduardoland', 0),
                                                                    ('a8cc164c-d018-4cb7-a083-6b18580bae77', 'lakerylan', 1),
                                                                    ('a8cc164c-d018-4cb7-a083-6b18580bae77', 'westfaustinofurt', 2),
                                                                    ('a8cc164c-d018-4cb7-a083-6b18580bae77', 'westbeverly', 3),
                                                                    ('cb74efc4-e9b1-4bb1-9b7f-3c92d939b387', 'westroxaneville', 0),
                                                                    ('cb74efc4-e9b1-4bb1-9b7f-3c92d939b387', 'eastcarsonstead', 1),
                                                                    ('cb74efc4-e9b1-4bb1-9b7f-3c92d939b387', 'wizaport', 2),
                                                                    ('cb74efc4-e9b1-4bb1-9b7f-3c92d939b387', 'portrahsaanborough', 3),
                                                                    ('da68cf7a-eeb5-45aa-bcf0-4bfec4e58345', 'carmelhaven', 0),
                                                                    ('da68cf7a-eeb5-45aa-bcf0-4bfec4e58345', 'springhill', 1),
                                                                    ('da68cf7a-eeb5-45aa-bcf0-4bfec4e58345', 'northdestinyshire', 2),
                                                                    ('da68cf7a-eeb5-45aa-bcf0-4bfec4e58345', 'carsonton', 3),
                                                                    ('dc54a242-306a-4b2a-b2fd-e09fe7f59de9', 'westtroystad', 0),
                                                                    ('dc54a242-306a-4b2a-b2fd-e09fe7f59de9', 'tucson', 1),
                                                                    ('dc54a242-306a-4b2a-b2fd-e09fe7f59de9', 'westalisafurt', 2),
                                                                    ('dc54a242-306a-4b2a-b2fd-e09fe7f59de9', 'northjamelville', 3),
                                                                    ('d1e78a4b-cb65-48d1-b270-e898a08858b4', 'fortjedidiah', 0),
                                                                    ('d1e78a4b-cb65-48d1-b270-e898a08858b4', 'hanford', 1),
                                                                    ('d1e78a4b-cb65-48d1-b270-e898a08858b4', 'portvincentborough', 2),
                                                                    ('d1e78a4b-cb65-48d1-b270-e898a08858b4', 'fortdelaney', 3),
                                                                    ('2e2d7a28-1460-4b84-980c-a32be5e6192f', 'brownsville', 0),
                                                                    ('2e2d7a28-1460-4b84-980c-a32be5e6192f', 'denver', 1),
                                                                    ('2e2d7a28-1460-4b84-980c-a32be5e6192f', 'westfanniechester', 2),
                                                                    ('2e2d7a28-1460-4b84-980c-a32be5e6192f', 'fortgladyce', 3),
                                                                    ('887fa246-a1a2-4e62-84ed-cfe26c01ac71', 'northstephonmouth', 0),
                                                                    ('887fa246-a1a2-4e62-84ed-cfe26c01ac71', 'greysonberg', 1),
                                                                    ('887fa246-a1a2-4e62-84ed-cfe26c01ac71', 'southokeyfort', 2),
                                                                    ('887fa246-a1a2-4e62-84ed-cfe26c01ac71', 'westcristina', 3),
                                                                    ('285c8af1-3c94-4672-bb4a-5b3700cf756d', 'westdeloresville', 0),
                                                                    ('285c8af1-3c94-4672-bb4a-5b3700cf756d', 'westfanniechester', 1),
                                                                    ('285c8af1-3c94-4672-bb4a-5b3700cf756d', 'grantworth', 2),
                                                                    ('285c8af1-3c94-4672-bb4a-5b3700cf756d', 'lakeeleonore', 3),
                                                                    ('ff138992-9a76-4526-813c-476bdc15fb0b', 'casasadobes', 0),
                                                                    ('ff138992-9a76-4526-813c-476bdc15fb0b', 'stanmouth', 1),
                                                                    ('ff138992-9a76-4526-813c-476bdc15fb0b', 'tampa', 2),
                                                                    ('ff138992-9a76-4526-813c-476bdc15fb0b', 'wymantown', 3),
                                                                    ('2e9c938e-f6bb-4416-b4e2-0e00a2533ffc', 'eastjarred', 0),
                                                                    ('2e9c938e-f6bb-4416-b4e2-0e00a2533ffc', 'cathedralcity', 1),
                                                                    ('2e9c938e-f6bb-4416-b4e2-0e00a2533ffc', 'klockoboro', 2),
                                                                    ('2e9c938e-f6bb-4416-b4e2-0e00a2533ffc', 'porttobyton', 3),
                                                                    ('762700ac-804a-4f31-ac48-5ef9562b1170', 'kilbackchester', 0),
                                                                    ('762700ac-804a-4f31-ac48-5ef9562b1170', 'kenner', 1),
                                                                    ('762700ac-804a-4f31-ac48-5ef9562b1170', 'naperville', 2),
                                                                    ('762700ac-804a-4f31-ac48-5ef9562b1170', 'lakemorrisside', 3),
                                                                    ('772fb6de-4240-4f7b-bd21-9f199c126079', 'portnicole', 0),
                                                                    ('772fb6de-4240-4f7b-bd21-9f199c126079', 'lianahaven', 1),
                                                                    ('772fb6de-4240-4f7b-bd21-9f199c126079', 'lakerylan', 2),
                                                                    ('772fb6de-4240-4f7b-bd21-9f199c126079', 'eastcarrollburgh', 3),
                                                                    ('eccc7bfa-4d26-47fe-930f-9257070de2c3', 'viviannefort', 0),
                                                                    ('eccc7bfa-4d26-47fe-930f-9257070de2c3', 'eastlonniestad', 1),
                                                                    ('eccc7bfa-4d26-47fe-930f-9257070de2c3', 'reston', 2),
                                                                    ('eccc7bfa-4d26-47fe-930f-9257070de2c3', 'mosciskistad', 3),
                                                                    ('bdb1a568-4eb4-4a0d-b9a0-0bd6db461ca7', 'grimesworth', 0),
                                                                    ('bdb1a568-4eb4-4a0d-b9a0-0bd6db461ca7', 'christianfort', 1),
                                                                    ('bdb1a568-4eb4-4a0d-b9a0-0bd6db461ca7', 'eastkentonton', 2),
                                                                    ('bdb1a568-4eb4-4a0d-b9a0-0bd6db461ca7', 'robertsbury', 3),
                                                                    ('92dfca97-450a-4dab-913d-5f3ddf3e0b32', 'murrayboro', 0),
                                                                    ('92dfca97-450a-4dab-913d-5f3ddf3e0b32', 'eastemely', 1),
                                                                    ('92dfca97-450a-4dab-913d-5f3ddf3e0b32', 'joannychester', 2),
                                                                    ('92dfca97-450a-4dab-913d-5f3ddf3e0b32', 'blazefield', 3),
                                                                    ('514a0830-ec05-431f-bbf5-10126068c5c9', 'schmidtton', 0),
                                                                    ('514a0830-ec05-431f-bbf5-10126068c5c9', 'reynoldstead', 1),
                                                                    ('514a0830-ec05-431f-bbf5-10126068c5c9', 'eastkentonton', 2),
                                                                    ('514a0830-ec05-431f-bbf5-10126068c5c9', 'northcharliefield', 3),
                                                                    ('995bfa1c-8d2f-496c-8331-d689651582fd', 'cronaburgh', 0),
                                                                    ('995bfa1c-8d2f-496c-8331-d689651582fd', 'corwinfield', 1),
                                                                    ('995bfa1c-8d2f-496c-8331-d689651582fd', 'tampa', 2),
                                                                    ('995bfa1c-8d2f-496c-8331-d689651582fd', 'northpansy', 3),
                                                                    ('c3f191d1-9bbe-4cf9-9587-c669e345fe96', 'luettgenborough', 0),
                                                                    ('c3f191d1-9bbe-4cf9-9587-c669e345fe96', 'northdestinyshire', 1),
                                                                    ('c3f191d1-9bbe-4cf9-9587-c669e345fe96', 'portrubyworth', 2),
                                                                    ('c3f191d1-9bbe-4cf9-9587-c669e345fe96', 'bethesda', 3),
                                                                    ('229e6047-d9f2-4bdf-9450-405953eead13', 'southalberto', 0),
                                                                    ('229e6047-d9f2-4bdf-9450-405953eead13', 'eastlonniestad', 1),
                                                                    ('229e6047-d9f2-4bdf-9450-405953eead13', 'eastdelta', 2),
                                                                    ('229e6047-d9f2-4bdf-9450-405953eead13', 'stefanstad', 3),
                                                                    ('31fc03d3-2463-441e-8cec-6e8e0943a6d7', 'gretchenville', 0),
                                                                    ('31fc03d3-2463-441e-8cec-6e8e0943a6d7', 'hanford', 1),
                                                                    ('31fc03d3-2463-441e-8cec-6e8e0943a6d7', 'reynoldstead', 2),
                                                                    ('31fc03d3-2463-441e-8cec-6e8e0943a6d7', 'micaelamouth', 3),
                                                                    ('65854153-48fa-425d-8260-a96e252be59b', 'randalview', 0),
                                                                    ('65854153-48fa-425d-8260-a96e252be59b', 'hintzshire', 1),
                                                                    ('65854153-48fa-425d-8260-a96e252be59b', 'tamarac', 2),
                                                                    ('65854153-48fa-425d-8260-a96e252be59b', 'newalexzanderport', 3),
                                                                    ('2850fad3-7400-4015-82ff-f94ab7ae7b86', 'sanangelo', 0),
                                                                    ('2850fad3-7400-4015-82ff-f94ab7ae7b86', 'reston', 1),
                                                                    ('2850fad3-7400-4015-82ff-f94ab7ae7b86', 'citrusheights', 2),
                                                                    ('2850fad3-7400-4015-82ff-f94ab7ae7b86', 'mertzboro', 3),
                                                                    ('c95ca6bf-7b10-4921-9622-4b24ef49d36e', 'northkim', 0),
                                                                    ('c95ca6bf-7b10-4921-9622-4b24ef49d36e', 'westalisafurt', 1),
                                                                    ('c95ca6bf-7b10-4921-9622-4b24ef49d36e', 'southmustafaberg', 2),
                                                                    ('c95ca6bf-7b10-4921-9622-4b24ef49d36e', 'northabagailfield', 3),
                                                                    ('8ecd87a5-632a-456d-9598-d9206c4dc409', 'fortdenisstad', 0),
                                                                    ('8ecd87a5-632a-456d-9598-d9206c4dc409', 'westfaustinofurt', 1),
                                                                    ('8ecd87a5-632a-456d-9598-d9206c4dc409', 'westfaustinofurt', 2),
                                                                    ('8ecd87a5-632a-456d-9598-d9206c4dc409', 'newkurtis', 3),
                                                                    ('d8384bd9-f5ce-4347-8f21-06911a54ec98', 'altamontesprings', 0),
                                                                    ('d8384bd9-f5ce-4347-8f21-06911a54ec98', 'northmelisaburgh', 1),
                                                                    ('d8384bd9-f5ce-4347-8f21-06911a54ec98', 'westdario', 2),
                                                                    ('d8384bd9-f5ce-4347-8f21-06911a54ec98', 'eastmackstad', 3),
                                                                    ('94e838a4-e0ad-4562-a1eb-7889665406f8', 'eastidella', 0),
                                                                    ('94e838a4-e0ad-4562-a1eb-7889665406f8', 'bergnaumfort', 1),
                                                                    ('94e838a4-e0ad-4562-a1eb-7889665406f8', 'russellbury', 2),
                                                                    ('94e838a4-e0ad-4562-a1eb-7889665406f8', 'newrochelle', 3),
                                                                    ('a701ff14-cd0d-4674-9f2e-7de8ea3de4f4', 'alfredamouth', 0),
                                                                    ('a701ff14-cd0d-4674-9f2e-7de8ea3de4f4', 'portellieside', 1),
                                                                    ('a701ff14-cd0d-4674-9f2e-7de8ea3de4f4', 'lakerylan', 2),
                                                                    ('a701ff14-cd0d-4674-9f2e-7de8ea3de4f4', 'fortlyricborough', 3),
                                                                    ('ae56ef34-dbe3-4879-95de-06e3531341f1', 'dallasfield', 0),
                                                                    ('ae56ef34-dbe3-4879-95de-06e3531341f1', 'tucson', 1),
                                                                    ('ae56ef34-dbe3-4879-95de-06e3531341f1', 'southkatlynberg', 2),
                                                                    ('ae56ef34-dbe3-4879-95de-06e3531341f1', 'kendalelakes', 3),
                                                                    ('bd0db548-03ae-458d-9bef-5bccb361f0ef', 'santamaria', 0),
                                                                    ('bd0db548-03ae-458d-9bef-5bccb361f0ef', 'hintzshire', 1),
                                                                    ('bd0db548-03ae-458d-9bef-5bccb361f0ef', 'eastleolahaven', 2),
                                                                    ('bd0db548-03ae-458d-9bef-5bccb361f0ef', 'westuriel', 3),
                                                                    ('2dce08dc-6989-472e-8a12-6bb7270feb6f', 'edenprairie', 0),
                                                                    ('2dce08dc-6989-472e-8a12-6bb7270feb6f', 'ernestboro', 1),
                                                                    ('2dce08dc-6989-472e-8a12-6bb7270feb6f', 'newnestormouth', 2),
                                                                    ('2dce08dc-6989-472e-8a12-6bb7270feb6f', 'albertoton', 3),
                                                                    ('f16ccb20-c642-4ed2-85ba-413be08153cd', 'waukegan', 0),
                                                                    ('f16ccb20-c642-4ed2-85ba-413be08153cd', 'montebello', 1),
                                                                    ('f16ccb20-c642-4ed2-85ba-413be08153cd', 'eastdelta', 2),
                                                                    ('f16ccb20-c642-4ed2-85ba-413be08153cd', 'champlinfield', 3),
                                                                    ('6aca6695-6bf6-4652-a11a-27d529b9d9cb', 'lorinefield', 0),
                                                                    ('6aca6695-6bf6-4652-a11a-27d529b9d9cb', 'southcarlosfort', 1),
                                                                    ('6aca6695-6bf6-4652-a11a-27d529b9d9cb', 'tucson', 2),
                                                                    ('6aca6695-6bf6-4652-a11a-27d529b9d9cb', 'yadiraboro', 3),
                                                                    ('c4bcddf1-7636-428d-83aa-21e5d5fcbf39', 'weimanntown', 0),
                                                                    ('c4bcddf1-7636-428d-83aa-21e5d5fcbf39', 'westalisafurt', 1),
                                                                    ('c4bcddf1-7636-428d-83aa-21e5d5fcbf39', 'westneoma', 2),
                                                                    ('c4bcddf1-7636-428d-83aa-21e5d5fcbf39', 'corkeryville', 3),
                                                                    ('8d1b6a76-4dcb-4319-b9aa-52ccf93fee5d', 'northstephanfield', 0),
                                                                    ('8d1b6a76-4dcb-4319-b9aa-52ccf93fee5d', 'treverberg', 1),
                                                                    ('8d1b6a76-4dcb-4319-b9aa-52ccf93fee5d', 'corwinfield', 2),
                                                                    ('8d1b6a76-4dcb-4319-b9aa-52ccf93fee5d', 'fortkelleystead', 3),
                                                                    ('331345bb-8b1a-4039-8427-9806d5802f54', 'aufderharmouth', 0),
                                                                    ('331345bb-8b1a-4039-8427-9806d5802f54', 'jenniferborough', 1),
                                                                    ('331345bb-8b1a-4039-8427-9806d5802f54', 'spinkaberg', 2),
                                                                    ('331345bb-8b1a-4039-8427-9806d5802f54', 'southjeramyfield', 3),
                                                                    ('5bef4129-66e4-4dc3-8ea6-2ea4636f9ca5', 'fortmylesview', 0),
                                                                    ('5bef4129-66e4-4dc3-8ea6-2ea4636f9ca5', 'joannychester', 1),
                                                                    ('5bef4129-66e4-4dc3-8ea6-2ea4636f9ca5', 'joannychester', 2),
                                                                    ('5bef4129-66e4-4dc3-8ea6-2ea4636f9ca5', 'colemanland', 3),
                                                                    ('c7f373b5-57fb-4cd5-b215-f002a39ee97f', 'newkeenanburgh', 0),
                                                                    ('c7f373b5-57fb-4cd5-b215-f002a39ee97f', 'lakeleanne', 1),
                                                                    ('c7f373b5-57fb-4cd5-b215-f002a39ee97f', 'stanmouth', 2),
                                                                    ('c7f373b5-57fb-4cd5-b215-f002a39ee97f', 'portst.lucie', 3),
                                                                    ('cbecd9b9-d31d-421d-b69b-319847a28087', 'portkody', 0),
                                                                    ('cbecd9b9-d31d-421d-b69b-319847a28087', 'portvincentborough', 1),
                                                                    ('cbecd9b9-d31d-421d-b69b-319847a28087', 'tampa', 2),
                                                                    ('cbecd9b9-d31d-421d-b69b-319847a28087', 'sethboro', 3),
                                                                    ('9909fec5-c495-4d5f-bdfb-60e52dd7639c', 'rosenbaumberg', 0),
                                                                    ('9909fec5-c495-4d5f-bdfb-60e52dd7639c', 'montebello', 1),
                                                                    ('9909fec5-c495-4d5f-bdfb-60e52dd7639c', 'elmhurst', 2),
                                                                    ('9909fec5-c495-4d5f-bdfb-60e52dd7639c', 'jastworth', 3),
                                                                    ('66519ca5-a2d1-4fb4-b011-838d9f77dc0f', 'schmidtfield', 0),
                                                                    ('66519ca5-a2d1-4fb4-b011-838d9f77dc0f', 'naperville', 1),
                                                                    ('66519ca5-a2d1-4fb4-b011-838d9f77dc0f', 'kohlerport', 2),
                                                                    ('66519ca5-a2d1-4fb4-b011-838d9f77dc0f', 'derekshire', 3),
                                                                    ('5dc5e1d5-8774-4155-8581-c18284c50dc0', 'norththadmouth', 0),
                                                                    ('5dc5e1d5-8774-4155-8581-c18284c50dc0', 'christianfort', 1),
                                                                    ('5dc5e1d5-8774-4155-8581-c18284c50dc0', 'treverberg', 2),
                                                                    ('5dc5e1d5-8774-4155-8581-c18284c50dc0', 'lakerhett', 3),
                                                                    ('dd71a8c8-2f04-4644-abfd-5f8b25c1a195', 'ondrickabury', 0),
                                                                    ('dd71a8c8-2f04-4644-abfd-5f8b25c1a195', 'lakelydia', 1),
                                                                    ('dd71a8c8-2f04-4644-abfd-5f8b25c1a195', 'montebello', 2),
                                                                    ('dd71a8c8-2f04-4644-abfd-5f8b25c1a195', 'westmonroefort', 3),
                                                                    ('b9280271-fe83-4df8-bb52-6c4f3512d658', 'montyton', 0),
                                                                    ('b9280271-fe83-4df8-bb52-6c4f3512d658', 'newnestormouth', 1),
                                                                    ('b9280271-fe83-4df8-bb52-6c4f3512d658', 'greysonberg', 2),
                                                                    ('b9280271-fe83-4df8-bb52-6c4f3512d658', 'westlaurieborough', 3),
                                                                    ('5b7cfd3d-a49a-488c-bf4b-b9e5404f1cd7', 'charleston', 0),
                                                                    ('5b7cfd3d-a49a-488c-bf4b-b9e5404f1cd7', 'osbaldoworth', 1),
                                                                    ('5b7cfd3d-a49a-488c-bf4b-b9e5404f1cd7', 'greysonberg', 2),
                                                                    ('5b7cfd3d-a49a-488c-bf4b-b9e5404f1cd7', 'piperville', 3),
                                                                    ('a19f754b-acec-4d73-8c68-d1415488fa55', 'fortellie', 0),
                                                                    ('a19f754b-acec-4d73-8c68-d1415488fa55', 'eastjoelleberg', 1),
                                                                    ('a19f754b-acec-4d73-8c68-d1415488fa55', 'lubowitzberg', 2),
                                                                    ('a19f754b-acec-4d73-8c68-d1415488fa55', 'mariahside', 3),
                                                                    ('68a69969-8874-42f8-ad92-2097bde38b9a', 'southconorberg', 0),
                                                                    ('68a69969-8874-42f8-ad92-2097bde38b9a', 'utica', 1),
                                                                    ('68a69969-8874-42f8-ad92-2097bde38b9a', 'hanford', 2),
                                                                    ('68a69969-8874-42f8-ad92-2097bde38b9a', 'bothell', 3),
                                                                    ('78aae877-c639-40d2-86b5-a111682160c5', 'southmarty', 0),
                                                                    ('78aae877-c639-40d2-86b5-a111682160c5', 'ricofurt', 1),
                                                                    ('78aae877-c639-40d2-86b5-a111682160c5', 'eastcarsonstead', 2),
                                                                    ('78aae877-c639-40d2-86b5-a111682160c5', 'eldoradohills', 3),
                                                                    ('c41b8019-ae72-4a53-950f-48ccccafe9c9', 'portjimmy', 0),
                                                                    ('c41b8019-ae72-4a53-950f-48ccccafe9c9', 'kenner', 1),
                                                                    ('c41b8019-ae72-4a53-950f-48ccccafe9c9', 'northmitchell', 2),
                                                                    ('c41b8019-ae72-4a53-950f-48ccccafe9c9', 'verniceborough', 3),
                                                                    ('16c7ee84-3527-4dd6-8f52-e00839ea2bfb', 'northdoyle', 0),
                                                                    ('16c7ee84-3527-4dd6-8f52-e00839ea2bfb', 'lamirada', 1),
                                                                    ('16c7ee84-3527-4dd6-8f52-e00839ea2bfb', 'eastleolahaven', 2),
                                                                    ('16c7ee84-3527-4dd6-8f52-e00839ea2bfb', 'newvalentina', 3),
                                                                    ('5ae42010-8ed9-4ef7-ba87-f1baa891b74c', 'norwalk', 0),
                                                                    ('5ae42010-8ed9-4ef7-ba87-f1baa891b74c', 'bednarburgh', 1),
                                                                    ('5ae42010-8ed9-4ef7-ba87-f1baa891b74c', 'southmustafaberg', 2),
                                                                    ('5ae42010-8ed9-4ef7-ba87-f1baa891b74c', 'northalejandrinhaven', 3),
                                                                    ('080336ed-dd6f-4a6f-8637-6c80089c7bd4', 'mountainview', 0),
                                                                    ('080336ed-dd6f-4a6f-8637-6c80089c7bd4', 'springhill', 1),
                                                                    ('080336ed-dd6f-4a6f-8637-6c80089c7bd4', 'southkatlynberg', 2),
                                                                    ('080336ed-dd6f-4a6f-8637-6c80089c7bd4', 'portmortimer', 3),
                                                                    ('ed947b61-f9ee-4968-8087-a84ad7f6fa24', 'eliezerfurt', 0),
                                                                    ('ed947b61-f9ee-4968-8087-a84ad7f6fa24', 'northmichele', 1),
                                                                    ('ed947b61-f9ee-4968-8087-a84ad7f6fa24', 'treverberg', 2),
                                                                    ('ed947b61-f9ee-4968-8087-a84ad7f6fa24', 'jackfurt', 3),
                                                                    ('ed53c3b7-0f36-45e1-8fe0-bf70e0f6bb52', 'lakenorene', 0),
                                                                    ('ed53c3b7-0f36-45e1-8fe0-bf70e0f6bb52', 'annandale', 1),
                                                                    ('ed53c3b7-0f36-45e1-8fe0-bf70e0f6bb52', 'westfaustinofurt', 2),
                                                                    ('ed53c3b7-0f36-45e1-8fe0-bf70e0f6bb52', 'katlynncester', 3),
                                                                    ('6140d770-cacb-42bf-ae20-8c6f8be956f7', 'hackensack', 0),
                                                                    ('6140d770-cacb-42bf-ae20-8c6f8be956f7', 'westdario', 1),
                                                                    ('6140d770-cacb-42bf-ae20-8c6f8be956f7', 'newdomingo', 2),
                                                                    ('6140d770-cacb-42bf-ae20-8c6f8be956f7', 'wunschbury', 3),
                                                                    ('1bf6113c-8e27-427e-8284-7c2006077939', 'allentown', 0),
                                                                    ('1bf6113c-8e27-427e-8284-7c2006077939', 'tucson', 1),
                                                                    ('1bf6113c-8e27-427e-8284-7c2006077939', 'heathcotechester', 2),
                                                                    ('1bf6113c-8e27-427e-8284-7c2006077939', 'pabloborough', 3),
                                                                    ('d5eabd0e-3326-4c50-8558-b226664b89e5', 'ritchiestead', 0),
                                                                    ('d5eabd0e-3326-4c50-8558-b226664b89e5', 'mollyboro', 1),
                                                                    ('d5eabd0e-3326-4c50-8558-b226664b89e5', 'joannychester', 2),
                                                                    ('d5eabd0e-3326-4c50-8558-b226664b89e5', 'ziemeland', 3),
                                                                    ('cbf9fe7e-b739-4d91-a95a-4331c2c13913', 'eastnarcisoborough', 0),
                                                                    ('cbf9fe7e-b739-4d91-a95a-4331c2c13913', 'kenner', 1),
                                                                    ('cbf9fe7e-b739-4d91-a95a-4331c2c13913', 'hanford', 2),
                                                                    ('cbf9fe7e-b739-4d91-a95a-4331c2c13913', 'kevenmouth', 3),
                                                                    ('03261cfb-a260-4d4c-b2fa-5656d5c2a9a2', 'schowalterton', 0),
                                                                    ('03261cfb-a260-4d4c-b2fa-5656d5c2a9a2', 'northmitchell', 1),
                                                                    ('03261cfb-a260-4d4c-b2fa-5656d5c2a9a2', 'hanford', 2),
                                                                    ('03261cfb-a260-4d4c-b2fa-5656d5c2a9a2', 'northjolie', 3),
                                                                    ('3c855511-2f8f-4098-83e5-f36ea200fcd4', 'portmoriahworth', 0),
                                                                    ('3c855511-2f8f-4098-83e5-f36ea200fcd4', 'eastlonniestad', 1),
                                                                    ('3c855511-2f8f-4098-83e5-f36ea200fcd4', 'kozeyville', 2),
                                                                    ('3c855511-2f8f-4098-83e5-f36ea200fcd4', 'northdiana', 3),
                                                                    ('b036c85b-8de1-4035-99a9-34d1b20c5dc7', 'maximoberg', 0),
                                                                    ('b036c85b-8de1-4035-99a9-34d1b20c5dc7', 'eastkentonton', 1),
                                                                    ('b036c85b-8de1-4035-99a9-34d1b20c5dc7', 'lakelydia', 2),
                                                                    ('b036c85b-8de1-4035-99a9-34d1b20c5dc7', 'rosenbaumtown', 3),
                                                                    ('1af79269-d1fc-428c-8b62-e8dbb2d98361', 'macejkovicburgh', 0),
                                                                    ('1af79269-d1fc-428c-8b62-e8dbb2d98361', 'southmustafaberg', 1),
                                                                    ('1af79269-d1fc-428c-8b62-e8dbb2d98361', 'reston', 2),
                                                                    ('1af79269-d1fc-428c-8b62-e8dbb2d98361', 'gastonia', 3),
                                                                    ('28376070-42c1-4b5e-bfc8-1ebf5c80f3e0', 'kodytown', 0),
                                                                    ('28376070-42c1-4b5e-bfc8-1ebf5c80f3e0', 'southokeyfort', 1),
                                                                    ('28376070-42c1-4b5e-bfc8-1ebf5c80f3e0', 'reston', 2),
                                                                    ('28376070-42c1-4b5e-bfc8-1ebf5c80f3e0', 'rosemead', 3),
                                                                    ('68ab3876-9591-4554-90b5-5622bd1db447', 'chasityhaven', 0),
                                                                    ('68ab3876-9591-4554-90b5-5622bd1db447', 'greysonberg', 1),
                                                                    ('68ab3876-9591-4554-90b5-5622bd1db447', 'virginiaborough', 2),
                                                                    ('68ab3876-9591-4554-90b5-5622bd1db447', 'newocie', 3),
                                                                    ('f9d31969-5bab-4f1c-a3e8-8c8e3063563f', 'university', 0),
                                                                    ('f9d31969-5bab-4f1c-a3e8-8c8e3063563f', 'leesburg', 1),
                                                                    ('f9d31969-5bab-4f1c-a3e8-8c8e3063563f', 'hintzshire', 2),
                                                                    ('f9d31969-5bab-4f1c-a3e8-8c8e3063563f', 'westevangelineview', 3),
                                                                    ('ef5f72a9-7ee1-41a3-8b0d-ace1b17257fa', 'philipfurt', 0),
                                                                    ('ef5f72a9-7ee1-41a3-8b0d-ace1b17257fa', 'tampa', 1),
                                                                    ('ef5f72a9-7ee1-41a3-8b0d-ace1b17257fa', 'portvincentborough', 2),
                                                                    ('ef5f72a9-7ee1-41a3-8b0d-ace1b17257fa', 'westkiara', 3),
                                                                    ('87d41cb5-9bc2-4ffb-b696-ced9f7a1573e', 'bridgeport', 0),
                                                                    ('87d41cb5-9bc2-4ffb-b696-ced9f7a1573e', 'ortizview', 1),
                                                                    ('87d41cb5-9bc2-4ffb-b696-ced9f7a1573e', 'northjohnathonmouth', 2),
                                                                    ('87d41cb5-9bc2-4ffb-b696-ced9f7a1573e', 'northgraham', 3),
                                                                    ('d430aed9-cef7-4289-908f-497ee15f62a0', 'littlerock', 0),
                                                                    ('d430aed9-cef7-4289-908f-497ee15f62a0', 'lakerylan', 1),
                                                                    ('d430aed9-cef7-4289-908f-497ee15f62a0', 'mollyboro', 2),
                                                                    ('d430aed9-cef7-4289-908f-497ee15f62a0', 'st.george', 3),
                                                                    ('3b8080ba-f4fa-49f9-afad-e3a646f4a203', 'havenburgh', 0),
                                                                    ('3b8080ba-f4fa-49f9-afad-e3a646f4a203', 'virginiaborough', 1),
                                                                    ('3b8080ba-f4fa-49f9-afad-e3a646f4a203', 'audieville', 2),
                                                                    ('3b8080ba-f4fa-49f9-afad-e3a646f4a203', 'greggbury', 3),
                                                                    ('1dc21eee-6661-4483-956a-12478e3c8897', 'newchristopton', 0),
                                                                    ('1dc21eee-6661-4483-956a-12478e3c8897', 'westneoma', 1),
                                                                    ('1dc21eee-6661-4483-956a-12478e3c8897', 'tucson', 2),
                                                                    ('1dc21eee-6661-4483-956a-12478e3c8897', 'littelmouth', 3),
                                                                    ('da493448-067a-47ec-84d0-533c72005d7f', 'hoseafurt', 0),
                                                                    ('da493448-067a-47ec-84d0-533c72005d7f', 'wizaport', 1),
                                                                    ('da493448-067a-47ec-84d0-533c72005d7f', 'portpetraworth', 2),
                                                                    ('da493448-067a-47ec-84d0-533c72005d7f', 'millsfield', 3),
                                                                    ('ff77e57f-63b6-481a-8d73-7520c0a5ec10', 'raynorfort', 0),
                                                                    ('ff77e57f-63b6-481a-8d73-7520c0a5ec10', 'lakelydia', 1),
                                                                    ('ff77e57f-63b6-481a-8d73-7520c0a5ec10', 'eastdelta', 2),
                                                                    ('ff77e57f-63b6-481a-8d73-7520c0a5ec10', 'fortramon', 3),
                                                                    ('8337d486-a7d2-45e5-88e9-9e92bb579343', 'lakelanden', 0),
                                                                    ('8337d486-a7d2-45e5-88e9-9e92bb579343', 'portellieside', 1),
                                                                    ('8337d486-a7d2-45e5-88e9-9e92bb579343', 'ortizview', 2),
                                                                    ('8337d486-a7d2-45e5-88e9-9e92bb579343', 'ellsworthstad', 3),
                                                                    ('22223da1-3220-417b-99ff-64876511bf1a', 'newlarissacester', 0),
                                                                    ('22223da1-3220-417b-99ff-64876511bf1a', 'hanford', 1),
                                                                    ('22223da1-3220-417b-99ff-64876511bf1a', 'utica', 2),
                                                                    ('22223da1-3220-417b-99ff-64876511bf1a', 'sanluisobispo', 3),
                                                                    ('bad392f2-bdbb-41a6-ac9e-c5f28f94c3e7', 'weston', 0),
                                                                    ('bad392f2-bdbb-41a6-ac9e-c5f28f94c3e7', 'richland', 1),
                                                                    ('bad392f2-bdbb-41a6-ac9e-c5f28f94c3e7', 'osbaldoworth', 2),
                                                                    ('bad392f2-bdbb-41a6-ac9e-c5f28f94c3e7', 'bowie', 3),
                                                                    ('21dc116c-8b60-4655-afb5-e6b8260eab14', 'ferminberg', 0),
                                                                    ('21dc116c-8b60-4655-afb5-e6b8260eab14', 'treverberg', 1),
                                                                    ('21dc116c-8b60-4655-afb5-e6b8260eab14', 'southmustafaberg', 2),
                                                                    ('21dc116c-8b60-4655-afb5-e6b8260eab14', 'fortbrianne', 3),
                                                                    ('89321f88-0f09-4f97-a889-049c4a0aa71b', 'fortkodyworth', 0),
                                                                    ('89321f88-0f09-4f97-a889-049c4a0aa71b', 'northjohnathonmouth', 1),
                                                                    ('89321f88-0f09-4f97-a889-049c4a0aa71b', 'grantworth', 2),
                                                                    ('89321f88-0f09-4f97-a889-049c4a0aa71b', 'lynn', 3),
                                                                    ('72523326-61f8-4a27-bb20-3c452add8889', 'nellachester', 0),
                                                                    ('72523326-61f8-4a27-bb20-3c452add8889', 'lianahaven', 1),
                                                                    ('72523326-61f8-4a27-bb20-3c452add8889', 'southokeyfort', 2),
                                                                    ('72523326-61f8-4a27-bb20-3c452add8889', 'sanfordfort', 3),
                                                                    ('26489d8b-5dda-467d-8546-c428dc3a8779', 'rowlandheights', 0),
                                                                    ('26489d8b-5dda-467d-8546-c428dc3a8779', 'lakeleanne', 1),
                                                                    ('26489d8b-5dda-467d-8546-c428dc3a8779', 'christianfort', 2),
                                                                    ('26489d8b-5dda-467d-8546-c428dc3a8779', 'lakemakayla', 3),
                                                                    ('22fc360d-bfa6-49a0-af05-20afecf42e91', 'marksburgh', 0),
                                                                    ('22fc360d-bfa6-49a0-af05-20afecf42e91', 'westseneca', 1),
                                                                    ('22fc360d-bfa6-49a0-af05-20afecf42e91', 'newgaston', 2),
                                                                    ('22fc360d-bfa6-49a0-af05-20afecf42e91', 'berkeley', 3),
                                                                    ('a615e0fa-936a-4948-bb89-59b889b5fc80', 'hymanton', 0),
                                                                    ('a615e0fa-936a-4948-bb89-59b889b5fc80', 'elmhurst', 1),
                                                                    ('a615e0fa-936a-4948-bb89-59b889b5fc80', 'ricofurt', 2),
                                                                    ('a615e0fa-936a-4948-bb89-59b889b5fc80', 'westpipershire', 3),
                                                                    ('c574ec9c-dd0b-4fb6-be1f-45e8afce5054', 'kulasbury', 0),
                                                                    ('c574ec9c-dd0b-4fb6-be1f-45e8afce5054', 'portpetraworth', 1),
                                                                    ('c574ec9c-dd0b-4fb6-be1f-45e8afce5054', 'eastkentonton', 2),
                                                                    ('c574ec9c-dd0b-4fb6-be1f-45e8afce5054', 'eastearleneside', 3),
                                                                    ('b574887a-6e7a-4888-a01e-07fd285cf46e', 'nicolasfield', 0),
                                                                    ('b574887a-6e7a-4888-a01e-07fd285cf46e', 'southokeyfort', 1),
                                                                    ('b574887a-6e7a-4888-a01e-07fd285cf46e', 'virginiaborough', 2),
                                                                    ('b574887a-6e7a-4888-a01e-07fd285cf46e', 'gradyshire', 3),
                                                                    ('8c44dde2-c0bd-4c4d-ab97-1ce1f9b5520b', 'conradborough', 0),
                                                                    ('8c44dde2-c0bd-4c4d-ab97-1ce1f9b5520b', 'annandale', 1),
                                                                    ('8c44dde2-c0bd-4c4d-ab97-1ce1f9b5520b', 'fortdelbert', 2),
                                                                    ('8c44dde2-c0bd-4c4d-ab97-1ce1f9b5520b', 'rockford', 3),
                                                                    ('a46c90cd-08a1-45d8-9526-836c248e710d', 'eastalysonfort', 0),
                                                                    ('a46c90cd-08a1-45d8-9526-836c248e710d', 'westfaustinofurt', 1),
                                                                    ('a46c90cd-08a1-45d8-9526-836c248e710d', 'southcarlosfort', 2),
                                                                    ('a46c90cd-08a1-45d8-9526-836c248e710d', 'huntsville', 3),
                                                                    ('a6343e86-a104-455d-ac03-a2fea9558bc6', 'eastdaphneyport', 0),
                                                                    ('a6343e86-a104-455d-ac03-a2fea9558bc6', 'citrusheights', 1),
                                                                    ('a6343e86-a104-455d-ac03-a2fea9558bc6', 'joannychester', 2),
                                                                    ('a6343e86-a104-455d-ac03-a2fea9558bc6', 'sebastianberg', 3),
                                                                    ('f320c9c5-28ae-4fcb-a273-f2b8a6d12b49', 'lewisville', 0),
                                                                    ('f320c9c5-28ae-4fcb-a273-f2b8a6d12b49', 'lakeleanne', 1),
                                                                    ('f320c9c5-28ae-4fcb-a273-f2b8a6d12b49', 'metairie', 2),
                                                                    ('f320c9c5-28ae-4fcb-a273-f2b8a6d12b49', 'bahringerville', 3),
                                                                    ('9f395354-5443-4b7a-8b10-69f33348aeb3', 'edinburg', 0),
                                                                    ('9f395354-5443-4b7a-8b10-69f33348aeb3', 'eastcarsonstead', 1),
                                                                    ('9f395354-5443-4b7a-8b10-69f33348aeb3', 'treverberg', 2),
                                                                    ('9f395354-5443-4b7a-8b10-69f33348aeb3', 'redmond', 3),
                                                                    ('e08417a8-61b9-4c30-b0a3-b84ef2f7a90d', 'lakerudyfort', 0),
                                                                    ('e08417a8-61b9-4c30-b0a3-b84ef2f7a90d', 'portkarinacester', 1),
                                                                    ('e08417a8-61b9-4c30-b0a3-b84ef2f7a90d', 'cathedralcity', 2),
                                                                    ('e08417a8-61b9-4c30-b0a3-b84ef2f7a90d', 'pollichburgh', 3),
                                                                    ('c3904a2b-c076-4507-ab5e-e3c845e20299', 'fortrex', 0),
                                                                    ('c3904a2b-c076-4507-ab5e-e3c845e20299', 'reynoldstead', 1),
                                                                    ('c3904a2b-c076-4507-ab5e-e3c845e20299', 'virginiaborough', 2),
                                                                    ('c3904a2b-c076-4507-ab5e-e3c845e20299', 'santabarbara', 3),
                                                                    ('a8739aff-60fc-492f-adf1-16ebcfcba148', 'eastgwencester', 0),
                                                                    ('a8739aff-60fc-492f-adf1-16ebcfcba148', 'alexandrinefield', 1),
                                                                    ('a8739aff-60fc-492f-adf1-16ebcfcba148', 'southcarlosfort', 2),
                                                                    ('a8739aff-60fc-492f-adf1-16ebcfcba148', 'cuyahogafalls', 3),
                                                                    ('b3cb3496-508b-423f-93f7-3c878a0e76f6', 'nolanbury', 0),
                                                                    ('b3cb3496-508b-423f-93f7-3c878a0e76f6', 'allietown', 1),
                                                                    ('b3cb3496-508b-423f-93f7-3c878a0e76f6', 'southokeyfort', 2),
                                                                    ('b3cb3496-508b-423f-93f7-3c878a0e76f6', 'savannah', 3),
                                                                    ('4c6d6eb6-b4da-44ca-9786-adae80225423', 'westjoshbury', 0),
                                                                    ('4c6d6eb6-b4da-44ca-9786-adae80225423', 'greenfelderville', 1),
                                                                    ('4c6d6eb6-b4da-44ca-9786-adae80225423', 'houston', 2),
                                                                    ('4c6d6eb6-b4da-44ca-9786-adae80225423', 'marinastad', 3),
                                                                    ('bfd50324-cb21-4fd6-8c7d-4383f6824a63', 'howellville', 0),
                                                                    ('bfd50324-cb21-4fd6-8c7d-4383f6824a63', 'mollyboro', 1),
                                                                    ('bfd50324-cb21-4fd6-8c7d-4383f6824a63', 'northcorbinshire', 2),
                                                                    ('bfd50324-cb21-4fd6-8c7d-4383f6824a63', 'fortagustina', 3),
                                                                    ('83f31826-174b-4801-9d12-a0f2e2da8803', 'visalia', 0),
                                                                    ('83f31826-174b-4801-9d12-a0f2e2da8803', 'northcorbinshire', 1),
                                                                    ('83f31826-174b-4801-9d12-a0f2e2da8803', 'metairie', 2),
                                                                    ('83f31826-174b-4801-9d12-a0f2e2da8803', 'southsheilaboro', 3),
                                                                    ('bcde199b-648a-4d07-9546-f67f7ef533f4', 'alexysbury', 0),
                                                                    ('bcde199b-648a-4d07-9546-f67f7ef533f4', 'mesquite', 1),
                                                                    ('bcde199b-648a-4d07-9546-f67f7ef533f4', 'westfaustinofurt', 2),
                                                                    ('bcde199b-648a-4d07-9546-f67f7ef533f4', 'davismouth', 3);

























