create table route
(
    id            varchar(36)  not null
        primary key,
    end_station   varchar(255) null,
    start_station varchar(255) null
)
    engine = MyISAM;
INSERT INTO route (id, end_station, start_station) VALUES
('c2107c8f-2257-42eb-921d-ccfe22f045be', 'konopelskiburgh', 'bashirianborough'),
('5ded5e7c-4ea9-4b84-8e25-1f6d51210554', 'coloradosprings', 'hermanchester'),
('f5869bce-4ef1-46fd-91e2-1aa119787dfd', 'westjoeton', 'seamuschester'),
('396be6fc-df4a-44e1-885e-23c32b5fb80f', 'eastdamarisstad', 'hermannworth'),
('822b0070-c8ff-4fcf-ab24-5f0c96eff0e6', 'burniceburgh', 'southstephonberg'),
('04d34fe4-a54b-4e3e-b60f-399b9bec04cb', 'haaghaven', 'zackeryport'),
('ceba3950-f7a2-4c72-ba4d-7ca0a86561e8', 'hillaryside', 'palmdale'),
('a359e2b7-7745-4a84-b33d-6312d5ccd36f', 'treutelshire', 'fortchanelstad'),
('ac9c416a-9371-4448-8424-d785ab59375d', 'northleon', 'portmeagan'),
('dabef252-7da3-4d18-87ea-d5eb82406183', 'southlanefield', 'watersworth'),
('a90ef365-7e31-4fd8-b243-58ef9e0b1361', 'newlucindaville', 'daviston'),
('8c7bf8b2-e799-4b63-b33e-576cff1262f0', 'davenport', 'eastviolettefort'),
('0df13d8a-8211-4b2a-a3a5-c6c74bc22dab', 'staceyborough', 'deeland'),
('c8fec892-08ae-4855-86aa-182d9ff71d57', 'rhodaport', 'neweverette'),
('6b2dbab1-eb9f-4e40-b387-e7a5c097df71', 'kenosha', 'dorrisville'),
('d25f19dc-0191-44c9-b72d-3cbdd87efe38', 'napa', 'lehnercester'),
('25e23b4b-75d8-48f2-aa3a-a56031013cbe', 'emeryburgh', 'arlington'),
('9f994143-1917-4f77-b6eb-082f45a29bc5', 'northromainefurt', 'eaststevefield'),
('1cebe6db-569c-42d3-8477-c91e007c3e25', 'vestastead', 'highlandsranch'),
('97002f01-bf09-4b61-9a06-9c0a7d099413', 'fortsmith', 'volkmanfort'),
('2725acd0-06fc-4eea-8e0b-1cc6eb511f9f', 'northrubye', 'fortdevon'),
('eda7a1a2-ecb3-4a56-9665-92c70c0dcc97', 'westjudgehaven', 'johnsonworth'),
('28433a5f-2ecf-4c31-941f-dc622f6657b1', 'westlou', 'schoenfield'),
('98580848-f327-4356-82f6-aee8241b82e7', 'southmartin', 'southabner'),
('b2293231-01cd-4563-9049-59a161ad22d3', 'southprestonworth', 'rigobertoton'),
('d3e21e8b-c606-41e9-aea5-67a62fc2733d', 'lakearturo', 'mekhiborough'),
('4a0ca583-04dc-4ce9-a909-b1e469c70217', 'newsage', 'dietrichtown'),
('e44500b6-bd74-425d-8914-f8b0d380f506', 'porttorey', 'newgiovanna'),
('8049c9d4-78df-4f05-8978-1cf4de6b2f76', 'southjuliet', 'sanfordfurt'),
('9af9402d-e438-402b-8816-5e54d019d010', 'schoenport', 'lakemarianne'),
('df46a888-459a-49f6-b3f3-706bba447740', 'newcristobalside', 'ottoshire'),
('86779f28-7ea9-4e26-8424-2d5af9351027', 'rogers', 'eldoradohills'),
('00b55a3b-2026-46b8-bde1-e5ccf4fe3a28', 'fortcandidoborough', 'schoentown'),
('33ad4fc7-3fa6-4f1b-83da-cfe61498c32e', 'santamonica', 'eastdanial'),
('7f21ec40-f3c1-4102-84be-9716a925b8a6', 'anchorage', 'skylaport'),
('a7cdad4c-73d7-4727-a407-5308fd72a021', 'kohlerbury', 'tinleypark'),
('b7c51fe1-cb9d-4e4e-9f08-3c505ab5d5cb', 'southhaliehaven', 'clarksville'),
('da92d6d6-7dee-4dd2-842b-4d9e2b99899d', 'arecibo', 'northirwinton'),
('a08de349-dad7-4319-b745-3096a584feb0', 'melynaview', 'portjenifer'),
('f3e0468e-6c22-45ea-ad34-f7a01e9e10ed', 'fortdashawntown', 'taunton'),
('0309c08e-c0bb-48cf-a9fe-38131a263214', 'northvincentstad', 'kendall'),
('f7ed6d59-b30d-47d3-aeaf-4431402d040e', 'boscofort', 'newmillerville'),
('7d1c8e2c-9c1b-4360-8573-238f774f576d', 'portjadenland', 'eddhaven'),
('1bff9a80-99cb-4a31-93bf-b77f7089222e', 'tremblayside', 'dickihaven'),
('156b43dd-3098-4073-a41a-7f49556d3317', 'lakeclifton', 'northflorenciofort'),
('036746d6-4675-4ada-a159-0bf3a41a501e', 'parismouth', 'rosieshire'),
('e1ae58c3-c7d3-47c9-83b3-136feeab4947', 'boisecity', 'alafaya'),
('c4106d2b-ce3e-41c9-b93f-6a6b4de37b63', 'harleychester', 'northglennie'),
('77992e11-4063-4e8a-babb-ed4f74528370', 'marquardtfort', 'southgwen'),
('1133830b-e71e-4ef0-9b00-a4ef04d1c5b7', 'lomaborough', 'angieville'),
('0c691abc-6a5e-489d-bddd-409d7949d500', 'newlandenshire', 'gilroy'),
('2aed112a-495c-4a21-b22f-7c71373d8e0b', 'schmidtfort', 'portaleneburgh'),
('6884563f-c353-4c85-aed5-1c00866f9378', 'lakeherbert', 'louisville/jeffersoncounty'),
('e544ecb0-4c47-4cdd-af3d-7cde9f33d20c', 'lakealice', 'porthans'),
('ab333660-489c-49c2-b62c-4b3a78a3f915', 'stephanview', 'westhavenfort'),
('8061e236-301e-4a33-b6b2-ac02dab97eae', 'valliechester', 'sparks'),
('9a1088b7-fd28-49de-befe-60c3f69c64f2', 'aniyaville', 'newportbeach'),
('e027013d-5da9-4658-97a2-0a419c30213f', 'northbrettmouth', 'turnerberg'),
('48af1f09-ce78-46cf-924e-334e55127323', 'everett', 'greeley'),
('e41cb7cc-14ad-469a-8fda-d0c6ccc191ab', 'newmajorside', 'zackfurt'),
('bfbdbd08-7183-41dd-8b84-33895a4a4056', 'lakeestellaburgh', 'darianbury'),
('ddad6535-22e1-4e23-a3a8-dc40b73925ed', 'heidenreichside', 'bossiercity'),
('2dd3369b-39f3-44fc-9151-a90b1e50f2cc', 'ambrosebury', 'reichelbury'),
('20af81ac-df92-4b6f-9e66-1b2d7412b58c', 'mountprospect', 'rockymount'),
('5aced36f-39bf-4470-9c63-b618665daad8', 'newkamillefurt', 'fortraphaelcester'),
('fe88acc8-1555-4733-81b6-0e4c76f5816f', 'framiland', 'portannetta'),
('5b5877fe-37cc-448b-8723-acf8bdc5040a', 'gradyview', 'erdmanhaven'),
('d2e193ec-9a91-4fc2-ad75-4fff606fdd1e', 'dayanaberg', 'ryanstad'),
('0a3d321b-434e-4cb7-ac47-39bd2a893184', 'northmadisonchester', 'federalway'),
('c39e5d45-8497-4f38-ac5d-2d4895fd22e1', 'northrichlandhills', 'pearland'),
('50f8fd6e-9ef0-482f-9d00-70e2628a6bc2', 'northaugustusview', 'newdannie'),
('1fbae2a6-9a6c-43ce-9c73-ef633ce996fc', 'easttristianfurt', 'blanchecester'),
('bf91f32d-da10-4770-a22d-8a9bf0c06a8f', 'newalfonsostad', 'camarillo'),
('be0d5c1c-befc-45e1-a170-e1aeabf536c6', 'ondrickafield', 'grandisland'),
('f12183c0-e501-4b1c-a9c4-05f1b4570d9f', 'mosesland', 'jonatantown'),
('a1c1426f-cc91-4db6-8cb4-c46bb57f8f58', 'alafaya', 'hymanmouth'),
('0ba055f4-a344-4ecb-bb7d-7b9253befcf4', 'northivy', 'bridgeport'),
('f150926b-15d5-443d-ab0f-b3102b15362a', 'rennerview', 'eastabdul'),
('70400be6-a1c3-4871-bfa3-d622662a9c54', 'eastjonathonberg', 'westmurphyburgh'),
('cdcb4882-7313-4d71-92ef-0b2459f698b8', 'elliotberg', 'portchester'),
('0aef10c0-2bba-4641-9bf8-1a0578ca0e45', 'hiramport', 'frisco'),
('a4abf7c8-3637-4e70-aa12-8f51c39397fd', 'northpeggieport', 'westdomingoland'),
('923ea7ab-0931-448b-9e43-daad821b8e4c', 'carolinetown', 'grantbury'),
('e1e81dc3-d500-48df-a808-c3d84e904ed6', 'forthorace', 'cummerataborough'),
('5435fca4-68d4-464f-953e-28e4d0ba5a30', 'wolffbury', 'lorain'),
('b91e9f27-a850-49a2-8ce5-7c5af1df8eac', 'watsicashire', 'gayleton'),
('b2360916-be0d-4b4d-b67e-8828fa444e44', 'hollieton', 'shoreline'),
('c133f617-fbe2-4a1d-b40c-a80d4ab1b069', 'fortdomingo', 'littelstead'),
('b57da434-cd0b-4400-8b01-0022632f4969', 'vincenzomouth', 'garthborough'),
('7b3614d9-e0cf-405e-a618-0b48905429b6', 'groverport', 'portevert'),
('f6a891a5-e651-4baf-9b3f-8b4e7d496f88', 'northlucindafort', 'northbobbieboro'),
('b7956305-384e-44ec-87a2-746617d9e5dc', 'muellerfurt', 'murrayville'),
('b9d7c617-add2-4817-94ac-81ab46868055', 'lakeland', 'westroxanneborough'),
('b69bf1e9-6545-4d42-a888-2073684f6730', 'grapevine', 'portvalentinemouth'),
('e00aa751-6bc9-4c4c-81f3-a74766ace56f', 'northaryanna', 'mcdermottburgh'),
('6d900ce5-1fd4-460c-853f-6e43db5bf082', 'collinsfield', 'eastkimborough'),
('001f8b71-1c41-4df9-a684-7d4dabdf1a08', 'clemmieside', 'eastannetta'),
('ac244eb5-8cd2-4dcc-b55e-59f03c56dce0', 'santamonica', 'aidanshire'),
('c2df8f6a-471f-48a7-899a-4dcb7418334b', 'westbonnie', 'catalinafoothills'),
('7010b3c7-a5fc-43dc-bfd6-ec59e8bf5496', 'portcalista', 'schusterboro');

create table route_distances
(
    route_id        varchar(36) not null,
    distances       int         null,
    distances_order int         not null,
    primary key (route_id, distances_order)
)
    engine = MyISAM;
INSERT INTO route_distances (route_id, distances, distances_order) VALUES
('c2107c8f-2257-42eb-921d-ccfe22f045be', 59.1457185568288, 0),
('c2107c8f-2257-42eb-921d-ccfe22f045be', 16.365170595236123, 1),
('5ded5e7c-4ea9-4b84-8e25-1f6d51210554', 33.505333424545825, 0),
('5ded5e7c-4ea9-4b84-8e25-1f6d51210554', 29.0182420052588, 1),
('f5869bce-4ef1-46fd-91e2-1aa119787dfd', 92.65638310462236, 0),
('f5869bce-4ef1-46fd-91e2-1aa119787dfd', 86.76678016781807, 1),
('396be6fc-df4a-44e1-885e-23c32b5fb80f', 10.76280225533992, 0),
('396be6fc-df4a-44e1-885e-23c32b5fb80f', 41.943233856000006, 1),
('822b0070-c8ff-4fcf-ab24-5f0c96eff0e6', 43.3368232101202, 0),
('822b0070-c8ff-4fcf-ab24-5f0c96eff0e6', 48.76376995816827, 1),
('04d34fe4-a54b-4e3e-b60f-399b9bec04cb', 75.40099115576595, 0),
('04d34fe4-a54b-4e3e-b60f-399b9bec04cb', 31.71383016742766, 1),
('ceba3950-f7a2-4c72-ba4d-7ca0a86561e8', 55.45336310751736, 0),
('ceba3950-f7a2-4c72-ba4d-7ca0a86561e8', 94.61873308755457, 1),
('a359e2b7-7745-4a84-b33d-6312d5ccd36f', 55.981530947610736, 0),
('a359e2b7-7745-4a84-b33d-6312d5ccd36f', 12.368389801122248, 1),
('ac9c416a-9371-4448-8424-d785ab59375d', 28.651110944338143, 0),
('ac9c416a-9371-4448-8424-d785ab59375d', 90.52478990051895, 1),
('dabef252-7da3-4d18-87ea-d5eb82406183', 87.33927337452769, 0),
('dabef252-7da3-4d18-87ea-d5eb82406183', 38.95041849464178, 1),
('a90ef365-7e31-4fd8-b243-58ef9e0b1361', 42.65878915321082, 0),
('a90ef365-7e31-4fd8-b243-58ef9e0b1361', 50.23973865900189, 1),
('8c7bf8b2-e799-4b63-b33e-576cff1262f0', 92.64395551290363, 0),
('8c7bf8b2-e799-4b63-b33e-576cff1262f0', 79.9430828075856, 1),
('0df13d8a-8211-4b2a-a3a5-c6c74bc22dab', 59.85427831765264, 0),
('0df13d8a-8211-4b2a-a3a5-c6c74bc22dab', 66.6346016805619, 1),
('c8fec892-08ae-4855-86aa-182d9ff71d57', 4.501753835938871, 0),
('c8fec892-08ae-4855-86aa-182d9ff71d57', 84.97813120484352, 1),
('6b2dbab1-eb9f-4e40-b387-e7a5c097df71', 33.04673535749316, 0),
('6b2dbab1-eb9f-4e40-b387-e7a5c097df71', 90.87251427117735, 1),
('d25f19dc-0191-44c9-b72d-3cbdd87efe38', 20.86221924982965, 0),
('d25f19dc-0191-44c9-b72d-3cbdd87efe38', 84.16720919776708, 1),
('25e23b4b-75d8-48f2-aa3a-a56031013cbe', 86.8937318213284, 0),
('25e23b4b-75d8-48f2-aa3a-a56031013cbe', 22.126344428397715, 1),
('9f994143-1917-4f77-b6eb-082f45a29bc5', 50.138849625363946, 0),
('9f994143-1917-4f77-b6eb-082f45a29bc5', 37.09787942934781, 1),
('1cebe6db-569c-42d3-8477-c91e007c3e25', 45.43321665842086, 0),
('1cebe6db-569c-42d3-8477-c91e007c3e25', 73.47451585810632, 1),
('97002f01-bf09-4b61-9a06-9c0a7d099413', 15.398980863392353, 0),
('97002f01-bf09-4b61-9a06-9c0a7d099413', 15.434675966389477, 1),
('2725acd0-06fc-4eea-8e0b-1cc6eb511f9f', 97.29483651462942, 0),
('2725acd0-06fc-4eea-8e0b-1cc6eb511f9f', 75.07733802776784, 1),
('eda7a1a2-ecb3-4a56-9665-92c70c0dcc97', 91.88505106139928, 0),
('eda7a1a2-ecb3-4a56-9665-92c70c0dcc97', 46.74818841740489, 1),
('28433a5f-2ecf-4c31-941f-dc622f6657b1', 76.52987334877253, 0),
('28433a5f-2ecf-4c31-941f-dc622f6657b1', 47.46549285482615, 1),
('98580848-f327-4356-82f6-aee8241b82e7', 48.679871461354196, 0),
('98580848-f327-4356-82f6-aee8241b82e7', 52.653188072144985, 1),
('b2293231-01cd-4563-9049-59a161ad22d3', 72.12815338280052, 0),
('b2293231-01cd-4563-9049-59a161ad22d3', 69.57499531563371, 1),
('d3e21e8b-c606-41e9-aea5-67a62fc2733d', 80.856192111969, 0),
('d3e21e8b-c606-41e9-aea5-67a62fc2733d', 62.11504426319152, 1),
('4a0ca583-04dc-4ce9-a909-b1e469c70217', 26.745446445420384, 0),
('4a0ca583-04dc-4ce9-a909-b1e469c70217', 88.69779813103378, 1),
('e44500b6-bd74-425d-8914-f8b0d380f506', 9.761119075119495, 0),
('e44500b6-bd74-425d-8914-f8b0d380f506', 12.284722249023616, 1),
('8049c9d4-78df-4f05-8978-1cf4de6b2f76', 86.36930787470192, 0),
('8049c9d4-78df-4f05-8978-1cf4de6b2f76', 9.365747822448611, 1),
('9af9402d-e438-402b-8816-5e54d019d010', 88.96859111264348, 0),
('9af9402d-e438-402b-8816-5e54d019d010', 6.674840534105897, 1),
('df46a888-459a-49f6-b3f3-706bba447740', 28.745692409574986, 0),
('df46a888-459a-49f6-b3f3-706bba447740', 13.105368986725807, 1),
('86779f28-7ea9-4e26-8424-2d5af9351027', 81.2131425132975, 0),
('86779f28-7ea9-4e26-8424-2d5af9351027', 52.63349537272006, 1),
('00b55a3b-2026-46b8-bde1-e5ccf4fe3a28', 9.08249921631068, 0),
('00b55a3b-2026-46b8-bde1-e5ccf4fe3a28', 53.041178989224136, 1),
('33ad4fc7-3fa6-4f1b-83da-cfe61498c32e', 1.8423006404191256, 0),
('33ad4fc7-3fa6-4f1b-83da-cfe61498c32e', 55.51391001790762, 1),
('7f21ec40-f3c1-4102-84be-9716a925b8a6', 25.930168270133436, 0),
('7f21ec40-f3c1-4102-84be-9716a925b8a6', 86.92850421648473, 1),
('a7cdad4c-73d7-4727-a407-5308fd72a021', 50.686002522706985, 0),
('a7cdad4c-73d7-4727-a407-5308fd72a021', 59.46174147538841, 1),
('b7c51fe1-cb9d-4e4e-9f08-3c505ab5d5cb', 14.712026831693947, 0),
('b7c51fe1-cb9d-4e4e-9f08-3c505ab5d5cb', 68.294468941167, 1),
('da92d6d6-7dee-4dd2-842b-4d9e2b99899d', 58.65993706975132, 0),
('da92d6d6-7dee-4dd2-842b-4d9e2b99899d', 99.50300313066691, 1),
('a08de349-dad7-4319-b745-3096a584feb0', 73.50043533369899, 0),
('a08de349-dad7-4319-b745-3096a584feb0', 48.711824510246515, 1),
('f3e0468e-6c22-45ea-ad34-f7a01e9e10ed', 29.803665331564844, 0),
('f3e0468e-6c22-45ea-ad34-f7a01e9e10ed', 51.52029609307647, 1),
('0309c08e-c0bb-48cf-a9fe-38131a263214', 99.2654454195872, 0),
('0309c08e-c0bb-48cf-a9fe-38131a263214', 90.8094413112849, 1),
('f7ed6d59-b30d-47d3-aeaf-4431402d040e', 99.629888497293, 0),
('f7ed6d59-b30d-47d3-aeaf-4431402d040e', 81.56908883247524, 1),
('7d1c8e2c-9c1b-4360-8573-238f774f576d', 62.83923035953194, 0),
('7d1c8e2c-9c1b-4360-8573-238f774f576d', 38.83781903423369, 1),
('1bff9a80-99cb-4a31-93bf-b77f7089222e', 1.0036928812041879, 0),
('1bff9a80-99cb-4a31-93bf-b77f7089222e', 46.97431782260537, 1),
('156b43dd-3098-4073-a41a-7f49556d3317', 29.067769087851048, 0),
('156b43dd-3098-4073-a41a-7f49556d3317', 41.53618118725717, 1),
('036746d6-4675-4ada-a159-0bf3a41a501e', 73.71292903553694, 0),
('036746d6-4675-4ada-a159-0bf3a41a501e', 88.84027563035488, 1),
('e1ae58c3-c7d3-47c9-83b3-136feeab4947', 43.19558423012495, 0),
('e1ae58c3-c7d3-47c9-83b3-136feeab4947', 41.444802354089916, 1),
('c4106d2b-ce3e-41c9-b93f-6a6b4de37b63', 87.87365204188973, 0),
('c4106d2b-ce3e-41c9-b93f-6a6b4de37b63', 0.3153906902298331, 1),
('77992e11-4063-4e8a-babb-ed4f74528370', 29.36345429625362, 0),
('77992e11-4063-4e8a-babb-ed4f74528370', 36.05463562998921, 1),
('1133830b-e71e-4ef0-9b00-a4ef04d1c5b7', 84.67104439623654, 0),
('1133830b-e71e-4ef0-9b00-a4ef04d1c5b7', 92.62301069684327, 1),
('0c691abc-6a5e-489d-bddd-409d7949d500', 38.428598549216986, 0),
('0c691abc-6a5e-489d-bddd-409d7949d500', 24.04130094218999, 1),
('2aed112a-495c-4a21-b22f-7c71373d8e0b', 34.368748660199344, 0),
('2aed112a-495c-4a21-b22f-7c71373d8e0b', 12.776759220287204, 1),
('6884563f-c353-4c85-aed5-1c00866f9378', 20.831476151943207, 0),
('6884563f-c353-4c85-aed5-1c00866f9378', 94.56965180579573, 1),
('e544ecb0-4c47-4cdd-af3d-7cde9f33d20c', 60.337322345003486, 0),
('e544ecb0-4c47-4cdd-af3d-7cde9f33d20c', 88.074533152394, 1),
('ab333660-489c-49c2-b62c-4b3a78a3f915', 83.40219096280634, 0),
('ab333660-489c-49c2-b62c-4b3a78a3f915', 33.69470320176333, 1),
('8061e236-301e-4a33-b6b2-ac02dab97eae', 17.140643927268684, 0),
('8061e236-301e-4a33-b6b2-ac02dab97eae', 65.24399945046753, 1),
('9a1088b7-fd28-49de-befe-60c3f69c64f2', 92.36499429680407, 0),
('9a1088b7-fd28-49de-befe-60c3f69c64f2', 98.63670500926673, 1),
('e027013d-5da9-4658-97a2-0a419c30213f', 59.37240452039987, 0),
('e027013d-5da9-4658-97a2-0a419c30213f', 6.717904773540795, 1),
('48af1f09-ce78-46cf-924e-334e55127323', 51.19230153504759, 0),
('48af1f09-ce78-46cf-924e-334e55127323', 75.4142303718254, 1),
('e41cb7cc-14ad-469a-8fda-d0c6ccc191ab', 85.28571128845215, 0),
('e41cb7cc-14ad-469a-8fda-d0c6ccc191ab', 65.46115765813738, 1),
('bfbdbd08-7183-41dd-8b84-33895a4a4056', 51.42769191879779, 0),
('bfbdbd08-7183-41dd-8b84-33895a4a4056', 23.41439302545041, 1),
('ddad6535-22e1-4e23-a3a8-dc40b73925ed', 0.8062713779509068, 0),
('ddad6535-22e1-4e23-a3a8-dc40b73925ed', 3.8719897158443928, 1),
('2dd3369b-39f3-44fc-9151-a90b1e50f2cc', 95.44543186202645, 0),
('2dd3369b-39f3-44fc-9151-a90b1e50f2cc', 56.65388680063188, 1),
('20af81ac-df92-4b6f-9e66-1b2d7412b58c', 80.95220536924899, 0),
('20af81ac-df92-4b6f-9e66-1b2d7412b58c', 21.499425056390464, 1),
('5aced36f-39bf-4470-9c63-b618665daad8', 53.90916403848678, 0),
('5aced36f-39bf-4470-9c63-b618665daad8', 78.26281685847789, 1),
('fe88acc8-1555-4733-81b6-0e4c76f5816f', 44.61590957362205, 0),
('fe88acc8-1555-4733-81b6-0e4c76f5816f', 2.834395016543567, 1),
('5b5877fe-37cc-448b-8723-acf8bdc5040a', 80.50902544055134, 0),
('5b5877fe-37cc-448b-8723-acf8bdc5040a', 56.880141561850905, 1),
('d2e193ec-9a91-4fc2-ad75-4fff606fdd1e', 67.14345321524888, 0),
('d2e193ec-9a91-4fc2-ad75-4fff606fdd1e', 63.052741112187505, 1),
('0a3d321b-434e-4cb7-ac47-39bd2a893184', 46.480803145095706, 0),
('0a3d321b-434e-4cb7-ac47-39bd2a893184', 68.89409210998565, 1),
('c39e5d45-8497-4f38-ac5d-2d4895fd22e1', 72.58499241434038, 0),
('c39e5d45-8497-4f38-ac5d-2d4895fd22e1', 32.14088729582727, 1),
('50f8fd6e-9ef0-482f-9d00-70e2628a6bc2', 23.04435120895505, 0),
('50f8fd6e-9ef0-482f-9d00-70e2628a6bc2', 22.449282882735133, 1),
('1fbae2a6-9a6c-43ce-9c73-ef633ce996fc', 51.39996102079749, 0),
('1fbae2a6-9a6c-43ce-9c73-ef633ce996fc', 78.3039232250303, 1),
('bf91f32d-da10-4770-a22d-8a9bf0c06a8f', 51.42791273538023, 0),
('bf91f32d-da10-4770-a22d-8a9bf0c06a8f', 23.01897571887821, 1),
('be0d5c1c-befc-45e1-a170-e1aeabf536c6', 12.390415742993355, 0),
('be0d5c1c-befc-45e1-a170-e1aeabf536c6', 12.296413630247116, 1),
('f12183c0-e501-4b1c-a9c4-05f1b4570d9f', 21.39173604082316, 0),
('f12183c0-e501-4b1c-a9c4-05f1b4570d9f', 36.152554443106055, 1),
('a1c1426f-cc91-4db6-8cb4-c46bb57f8f58', 51.633419399149716, 0),
('a1c1426f-cc91-4db6-8cb4-c46bb57f8f58', 64.6753313485533, 1),
('0ba055f4-a344-4ecb-bb7d-7b9253befcf4', 49.136823299340904, 0),
('0ba055f4-a344-4ecb-bb7d-7b9253befcf4', 79.05118849594146, 1),
('f150926b-15d5-443d-ab0f-b3102b15362a', 83.94371862523258, 0),
('f150926b-15d5-443d-ab0f-b3102b15362a', 91.21773722581565, 1),
('70400be6-a1c3-4871-bfa3-d622662a9c54', 53.2881367020309, 0),
('70400be6-a1c3-4871-bfa3-d622662a9c54', 27.937869355082512, 1),
('cdcb4882-7313-4d71-92ef-0b2459f698b8', 23.117733700200915, 0),
('cdcb4882-7313-4d71-92ef-0b2459f698b8', 62.82044954132289, 1),
('0aef10c0-2bba-4641-9bf8-1a0578ca0e45', 49.690195987932384, 0),
('0aef10c0-2bba-4641-9bf8-1a0578ca0e45', 86.03688075672835, 1),
('a4abf7c8-3637-4e70-aa12-8f51c39397fd', 71.59918702673167, 0),
('a4abf7c8-3637-4e70-aa12-8f51c39397fd', 33.47238947171718, 1),
('923ea7ab-0931-448b-9e43-daad821b8e4c', 50.32904336694628, 0),
('923ea7ab-0931-448b-9e43-daad821b8e4c', 30.677947914227843, 1),
('e1e81dc3-d500-48df-a808-c3d84e904ed6', 91.88643519300967, 0),
('e1e81dc3-d500-48df-a808-c3d84e904ed6', 88.83470045402646, 1),
('5435fca4-68d4-464f-953e-28e4d0ba5a30', 91.60204690415412, 0),
('5435fca4-68d4-464f-953e-28e4d0ba5a30', 60.32518877182156, 1),
('b91e9f27-a850-49a2-8ce5-7c5af1df8eac', 55.087694339454174, 0),
('b91e9f27-a850-49a2-8ce5-7c5af1df8eac', 15.100062382407486, 1),
('b2360916-be0d-4b4d-b67e-8828fa444e44', 94.45020817220211, 0),
('b2360916-be0d-4b4d-b67e-8828fa444e44', 6.389758666045964, 1),
('c133f617-fbe2-4a1d-b40c-a80d4ab1b069', 14.369878312572837, 0),
('c133f617-fbe2-4a1d-b40c-a80d4ab1b069', 97.09351435303688, 1),
('b57da434-cd0b-4400-8b01-0022632f4969', 79.68966735061258, 0),
('b57da434-cd0b-4400-8b01-0022632f4969', 25.16731962095946, 1),
('7b3614d9-e0cf-405e-a618-0b48905429b6', 31.33217515423894, 0),
('7b3614d9-e0cf-405e-a618-0b48905429b6', 4.066190170124173, 1),
('f6a891a5-e651-4baf-9b3f-8b4e7d496f88', 23.54576901998371, 0),
('f6a891a5-e651-4baf-9b3f-8b4e7d496f88', 21.73596841748804, 1),
('b7956305-384e-44ec-87a2-746617d9e5dc', 13.700723671354353, 0),
('b7956305-384e-44ec-87a2-746617d9e5dc', 23.101107170805335, 1),
('b9d7c617-add2-4817-94ac-81ab46868055', 72.57183648180217, 0),
('b9d7c617-add2-4817-94ac-81ab46868055', 20.177985192276537, 1),
('b69bf1e9-6545-4d42-a888-2073684f6730', 36.810784484259784, 0),
('b69bf1e9-6545-4d42-a888-2073684f6730', 88.06602335087955, 1),
('e00aa751-6bc9-4c4c-81f3-a74766ace56f', 26.474480773322284, 0),
('e00aa751-6bc9-4c4c-81f3-a74766ace56f', 41.04882723186165, 1),
('6d900ce5-1fd4-460c-853f-6e43db5bf082', 46.72559350728989, 0),
('6d900ce5-1fd4-460c-853f-6e43db5bf082', 81.73505223821849, 1),
('001f8b71-1c41-4df9-a684-7d4dabdf1a08', 39.93399173486978, 0),
('001f8b71-1c41-4df9-a684-7d4dabdf1a08', 85.64956299960613, 1),
('ac244eb5-8cd2-4dcc-b55e-59f03c56dce0', 23.121933569200337, 0),
('ac244eb5-8cd2-4dcc-b55e-59f03c56dce0', 70.44404775369912, 1),
('c2df8f6a-471f-48a7-899a-4dcb7418334b', 67.01430757530034, 0),
('c2df8f6a-471f-48a7-899a-4dcb7418334b', 93.82369047962129, 1),
('7010b3c7-a5fc-43dc-bfd6-ec59e8bf5496', 94.67808979097754, 0),
('7010b3c7-a5fc-43dc-bfd6-ec59e8bf5496', 51.077322103083134, 1);
            
create table route_stations
(
    route_id       varchar(36)  not null,
    stations       varchar(255) null,
    stations_order int          not null,
    primary key (route_id, stations_order)
)
    engine = MyISAM;
INSERT INTO route_stations (route_id, stations, stations_order) VALUES
('c2107c8f-2257-42eb-921d-ccfe22f045be', 'bashirianborough', 0),
('c2107c8f-2257-42eb-921d-ccfe22f045be', 'konopelskiburgh', 1),
('5ded5e7c-4ea9-4b84-8e25-1f6d51210554', 'hermanchester', 0),
('5ded5e7c-4ea9-4b84-8e25-1f6d51210554', 'coloradosprings', 1),
('f5869bce-4ef1-46fd-91e2-1aa119787dfd', 'seamuschester', 0),
('f5869bce-4ef1-46fd-91e2-1aa119787dfd', 'westjoeton', 1),
('396be6fc-df4a-44e1-885e-23c32b5fb80f', 'hermannworth', 0),
('396be6fc-df4a-44e1-885e-23c32b5fb80f', 'eastdamarisstad', 1),
('822b0070-c8ff-4fcf-ab24-5f0c96eff0e6', 'southstephonberg', 0),
('822b0070-c8ff-4fcf-ab24-5f0c96eff0e6', 'burniceburgh', 1),
('04d34fe4-a54b-4e3e-b60f-399b9bec04cb', 'zackeryport', 0),
('04d34fe4-a54b-4e3e-b60f-399b9bec04cb', 'haaghaven', 1),
('ceba3950-f7a2-4c72-ba4d-7ca0a86561e8', 'palmdale', 0),
('ceba3950-f7a2-4c72-ba4d-7ca0a86561e8', 'hillaryside', 1),
('a359e2b7-7745-4a84-b33d-6312d5ccd36f', 'fortchanelstad', 0),
('a359e2b7-7745-4a84-b33d-6312d5ccd36f', 'treutelshire', 1),
('ac9c416a-9371-4448-8424-d785ab59375d', 'portmeagan', 0),
('ac9c416a-9371-4448-8424-d785ab59375d', 'northleon', 1),
('dabef252-7da3-4d18-87ea-d5eb82406183', 'watersworth', 0),
('dabef252-7da3-4d18-87ea-d5eb82406183', 'southlanefield', 1),
('a90ef365-7e31-4fd8-b243-58ef9e0b1361', 'daviston', 0),
('a90ef365-7e31-4fd8-b243-58ef9e0b1361', 'newlucindaville', 1),
('8c7bf8b2-e799-4b63-b33e-576cff1262f0', 'eastviolettefort', 0),
('8c7bf8b2-e799-4b63-b33e-576cff1262f0', 'davenport', 1),
('0df13d8a-8211-4b2a-a3a5-c6c74bc22dab', 'deeland', 0),
('0df13d8a-8211-4b2a-a3a5-c6c74bc22dab', 'staceyborough', 1),
('c8fec892-08ae-4855-86aa-182d9ff71d57', 'neweverette', 0),
('c8fec892-08ae-4855-86aa-182d9ff71d57', 'rhodaport', 1),
('6b2dbab1-eb9f-4e40-b387-e7a5c097df71', 'dorrisville', 0),
('6b2dbab1-eb9f-4e40-b387-e7a5c097df71', 'kenosha', 1),
('d25f19dc-0191-44c9-b72d-3cbdd87efe38', 'lehnercester', 0),
('d25f19dc-0191-44c9-b72d-3cbdd87efe38', 'napa', 1),
('25e23b4b-75d8-48f2-aa3a-a56031013cbe', 'arlington', 0),
('25e23b4b-75d8-48f2-aa3a-a56031013cbe', 'emeryburgh', 1),
('9f994143-1917-4f77-b6eb-082f45a29bc5', 'eaststevefield', 0),
('9f994143-1917-4f77-b6eb-082f45a29bc5', 'northromainefurt', 1),
('1cebe6db-569c-42d3-8477-c91e007c3e25', 'highlandsranch', 0),
('1cebe6db-569c-42d3-8477-c91e007c3e25', 'vestastead', 1),
('97002f01-bf09-4b61-9a06-9c0a7d099413', 'volkmanfort', 0),
('97002f01-bf09-4b61-9a06-9c0a7d099413', 'fortsmith', 1),
('2725acd0-06fc-4eea-8e0b-1cc6eb511f9f', 'fortdevon', 0),
('2725acd0-06fc-4eea-8e0b-1cc6eb511f9f', 'northrubye', 1),
('eda7a1a2-ecb3-4a56-9665-92c70c0dcc97', 'johnsonworth', 0),
('eda7a1a2-ecb3-4a56-9665-92c70c0dcc97', 'westjudgehaven', 1),
('28433a5f-2ecf-4c31-941f-dc622f6657b1', 'schoenfield', 0),
('28433a5f-2ecf-4c31-941f-dc622f6657b1', 'westlou', 1),
('98580848-f327-4356-82f6-aee8241b82e7', 'southabner', 0),
('98580848-f327-4356-82f6-aee8241b82e7', 'southmartin', 1),
('b2293231-01cd-4563-9049-59a161ad22d3', 'rigobertoton', 0),
('b2293231-01cd-4563-9049-59a161ad22d3', 'southprestonworth', 1),
('d3e21e8b-c606-41e9-aea5-67a62fc2733d', 'mekhiborough', 0),
('d3e21e8b-c606-41e9-aea5-67a62fc2733d', 'lakearturo', 1),
('4a0ca583-04dc-4ce9-a909-b1e469c70217', 'dietrichtown', 0),
('4a0ca583-04dc-4ce9-a909-b1e469c70217', 'newsage', 1),
('e44500b6-bd74-425d-8914-f8b0d380f506', 'newgiovanna', 0),
('e44500b6-bd74-425d-8914-f8b0d380f506', 'porttorey', 1),
('8049c9d4-78df-4f05-8978-1cf4de6b2f76', 'sanfordfurt', 0),
('8049c9d4-78df-4f05-8978-1cf4de6b2f76', 'southjuliet', 1),
('9af9402d-e438-402b-8816-5e54d019d010', 'lakemarianne', 0),
('9af9402d-e438-402b-8816-5e54d019d010', 'schoenport', 1),
('df46a888-459a-49f6-b3f3-706bba447740', 'ottoshire', 0),
('df46a888-459a-49f6-b3f3-706bba447740', 'newcristobalside', 1),
('86779f28-7ea9-4e26-8424-2d5af9351027', 'eldoradohills', 0),
('86779f28-7ea9-4e26-8424-2d5af9351027', 'rogers', 1),
('00b55a3b-2026-46b8-bde1-e5ccf4fe3a28', 'schoentown', 0),
('00b55a3b-2026-46b8-bde1-e5ccf4fe3a28', 'fortcandidoborough', 1),
('33ad4fc7-3fa6-4f1b-83da-cfe61498c32e', 'eastdanial', 0),
('33ad4fc7-3fa6-4f1b-83da-cfe61498c32e', 'santamonica', 1),
('7f21ec40-f3c1-4102-84be-9716a925b8a6', 'skylaport', 0),
('7f21ec40-f3c1-4102-84be-9716a925b8a6', 'anchorage', 1),
('a7cdad4c-73d7-4727-a407-5308fd72a021', 'tinleypark', 0),
('a7cdad4c-73d7-4727-a407-5308fd72a021', 'kohlerbury', 1),
('b7c51fe1-cb9d-4e4e-9f08-3c505ab5d5cb', 'clarksville', 0),
('b7c51fe1-cb9d-4e4e-9f08-3c505ab5d5cb', 'southhaliehaven', 1),
('da92d6d6-7dee-4dd2-842b-4d9e2b99899d', 'northirwinton', 0),
('da92d6d6-7dee-4dd2-842b-4d9e2b99899d', 'arecibo', 1),
('a08de349-dad7-4319-b745-3096a584feb0', 'portjenifer', 0),
('a08de349-dad7-4319-b745-3096a584feb0', 'melynaview', 1),
('f3e0468e-6c22-45ea-ad34-f7a01e9e10ed', 'taunton', 0),
('f3e0468e-6c22-45ea-ad34-f7a01e9e10ed', 'fortdashawntown', 1),
('0309c08e-c0bb-48cf-a9fe-38131a263214', 'kendall', 0),
('0309c08e-c0bb-48cf-a9fe-38131a263214', 'northvincentstad', 1),
('f7ed6d59-b30d-47d3-aeaf-4431402d040e', 'newmillerville', 0),
('f7ed6d59-b30d-47d3-aeaf-4431402d040e', 'boscofort', 1),
('7d1c8e2c-9c1b-4360-8573-238f774f576d', 'eddhaven', 0),
('7d1c8e2c-9c1b-4360-8573-238f774f576d', 'portjadenland', 1),
('1bff9a80-99cb-4a31-93bf-b77f7089222e', 'dickihaven', 0),
('1bff9a80-99cb-4a31-93bf-b77f7089222e', 'tremblayside', 1),
('156b43dd-3098-4073-a41a-7f49556d3317', 'northflorenciofort', 0),
('156b43dd-3098-4073-a41a-7f49556d3317', 'lakeclifton', 1),
('036746d6-4675-4ada-a159-0bf3a41a501e', 'rosieshire', 0),
('036746d6-4675-4ada-a159-0bf3a41a501e', 'parismouth', 1),
('e1ae58c3-c7d3-47c9-83b3-136feeab4947', 'alafaya', 0),
('e1ae58c3-c7d3-47c9-83b3-136feeab4947', 'boisecity', 1),
('c4106d2b-ce3e-41c9-b93f-6a6b4de37b63', 'northglennie', 0),
('c4106d2b-ce3e-41c9-b93f-6a6b4de37b63', 'harleychester', 1),
('77992e11-4063-4e8a-babb-ed4f74528370', 'southgwen', 0),
('77992e11-4063-4e8a-babb-ed4f74528370', 'marquardtfort', 1),
('1133830b-e71e-4ef0-9b00-a4ef04d1c5b7', 'angieville', 0),
('1133830b-e71e-4ef0-9b00-a4ef04d1c5b7', 'lomaborough', 1),
('0c691abc-6a5e-489d-bddd-409d7949d500', 'gilroy', 0),
('0c691abc-6a5e-489d-bddd-409d7949d500', 'newlandenshire', 1),
('2aed112a-495c-4a21-b22f-7c71373d8e0b', 'portaleneburgh', 0),
('2aed112a-495c-4a21-b22f-7c71373d8e0b', 'schmidtfort', 1),
('6884563f-c353-4c85-aed5-1c00866f9378', 'louisville/jeffersoncounty', 0),
('6884563f-c353-4c85-aed5-1c00866f9378', 'lakeherbert', 1),
('e544ecb0-4c47-4cdd-af3d-7cde9f33d20c', 'porthans', 0),
('e544ecb0-4c47-4cdd-af3d-7cde9f33d20c', 'lakealice', 1),
('ab333660-489c-49c2-b62c-4b3a78a3f915', 'westhavenfort', 0),
('ab333660-489c-49c2-b62c-4b3a78a3f915', 'stephanview', 1),
('8061e236-301e-4a33-b6b2-ac02dab97eae', 'sparks', 0),
('8061e236-301e-4a33-b6b2-ac02dab97eae', 'valliechester', 1),
('9a1088b7-fd28-49de-befe-60c3f69c64f2', 'newportbeach', 0),
('9a1088b7-fd28-49de-befe-60c3f69c64f2', 'aniyaville', 1),
('e027013d-5da9-4658-97a2-0a419c30213f', 'turnerberg', 0),
('e027013d-5da9-4658-97a2-0a419c30213f', 'northbrettmouth', 1),
('48af1f09-ce78-46cf-924e-334e55127323', 'greeley', 0),
('48af1f09-ce78-46cf-924e-334e55127323', 'everett', 1),
('e41cb7cc-14ad-469a-8fda-d0c6ccc191ab', 'zackfurt', 0),
('e41cb7cc-14ad-469a-8fda-d0c6ccc191ab', 'newmajorside', 1),
('bfbdbd08-7183-41dd-8b84-33895a4a4056', 'darianbury', 0),
('bfbdbd08-7183-41dd-8b84-33895a4a4056', 'lakeestellaburgh', 1),
('ddad6535-22e1-4e23-a3a8-dc40b73925ed', 'bossiercity', 0),
('ddad6535-22e1-4e23-a3a8-dc40b73925ed', 'heidenreichside', 1),
('2dd3369b-39f3-44fc-9151-a90b1e50f2cc', 'reichelbury', 0),
('2dd3369b-39f3-44fc-9151-a90b1e50f2cc', 'ambrosebury', 1),
('20af81ac-df92-4b6f-9e66-1b2d7412b58c', 'rockymount', 0),
('20af81ac-df92-4b6f-9e66-1b2d7412b58c', 'mountprospect', 1),
('5aced36f-39bf-4470-9c63-b618665daad8', 'fortraphaelcester', 0),
('5aced36f-39bf-4470-9c63-b618665daad8', 'newkamillefurt', 1),
('fe88acc8-1555-4733-81b6-0e4c76f5816f', 'portannetta', 0),
('fe88acc8-1555-4733-81b6-0e4c76f5816f', 'framiland', 1),
('5b5877fe-37cc-448b-8723-acf8bdc5040a', 'erdmanhaven', 0),
('5b5877fe-37cc-448b-8723-acf8bdc5040a', 'gradyview', 1),
('d2e193ec-9a91-4fc2-ad75-4fff606fdd1e', 'ryanstad', 0),
('d2e193ec-9a91-4fc2-ad75-4fff606fdd1e', 'dayanaberg', 1),
('0a3d321b-434e-4cb7-ac47-39bd2a893184', 'federalway', 0),
('0a3d321b-434e-4cb7-ac47-39bd2a893184', 'northmadisonchester', 1),
('c39e5d45-8497-4f38-ac5d-2d4895fd22e1', 'pearland', 0),
('c39e5d45-8497-4f38-ac5d-2d4895fd22e1', 'northrichlandhills', 1),
('50f8fd6e-9ef0-482f-9d00-70e2628a6bc2', 'newdannie', 0),
('50f8fd6e-9ef0-482f-9d00-70e2628a6bc2', 'northaugustusview', 1),
('1fbae2a6-9a6c-43ce-9c73-ef633ce996fc', 'blanchecester', 0),
('1fbae2a6-9a6c-43ce-9c73-ef633ce996fc', 'easttristianfurt', 1),
('bf91f32d-da10-4770-a22d-8a9bf0c06a8f', 'camarillo', 0),
('bf91f32d-da10-4770-a22d-8a9bf0c06a8f', 'newalfonsostad', 1),
('be0d5c1c-befc-45e1-a170-e1aeabf536c6', 'grandisland', 0),
('be0d5c1c-befc-45e1-a170-e1aeabf536c6', 'ondrickafield', 1),
('f12183c0-e501-4b1c-a9c4-05f1b4570d9f', 'jonatantown', 0),
('f12183c0-e501-4b1c-a9c4-05f1b4570d9f', 'mosesland', 1),
('a1c1426f-cc91-4db6-8cb4-c46bb57f8f58', 'hymanmouth', 0),
('a1c1426f-cc91-4db6-8cb4-c46bb57f8f58', 'alafaya', 1),
('0ba055f4-a344-4ecb-bb7d-7b9253befcf4', 'bridgeport', 0),
('0ba055f4-a344-4ecb-bb7d-7b9253befcf4', 'northivy', 1),
('f150926b-15d5-443d-ab0f-b3102b15362a', 'eastabdul', 0),
('f150926b-15d5-443d-ab0f-b3102b15362a', 'rennerview', 1),
('70400be6-a1c3-4871-bfa3-d622662a9c54', 'westmurphyburgh', 0),
('70400be6-a1c3-4871-bfa3-d622662a9c54', 'eastjonathonberg', 1),
('cdcb4882-7313-4d71-92ef-0b2459f698b8', 'portchester', 0),
('cdcb4882-7313-4d71-92ef-0b2459f698b8', 'elliotberg', 1),
('0aef10c0-2bba-4641-9bf8-1a0578ca0e45', 'frisco', 0),
('0aef10c0-2bba-4641-9bf8-1a0578ca0e45', 'hiramport', 1),
('a4abf7c8-3637-4e70-aa12-8f51c39397fd', 'westdomingoland', 0),
('a4abf7c8-3637-4e70-aa12-8f51c39397fd', 'northpeggieport', 1),
('923ea7ab-0931-448b-9e43-daad821b8e4c', 'grantbury', 0),
('923ea7ab-0931-448b-9e43-daad821b8e4c', 'carolinetown', 1),
('e1e81dc3-d500-48df-a808-c3d84e904ed6', 'cummerataborough', 0),
('e1e81dc3-d500-48df-a808-c3d84e904ed6', 'forthorace', 1),
('5435fca4-68d4-464f-953e-28e4d0ba5a30', 'lorain', 0),
('5435fca4-68d4-464f-953e-28e4d0ba5a30', 'wolffbury', 1),
('b91e9f27-a850-49a2-8ce5-7c5af1df8eac', 'gayleton', 0),
('b91e9f27-a850-49a2-8ce5-7c5af1df8eac', 'watsicashire', 1),
('b2360916-be0d-4b4d-b67e-8828fa444e44', 'shoreline', 0),
('b2360916-be0d-4b4d-b67e-8828fa444e44', 'hollieton', 1),
('c133f617-fbe2-4a1d-b40c-a80d4ab1b069', 'littelstead', 0),
('c133f617-fbe2-4a1d-b40c-a80d4ab1b069', 'fortdomingo', 1),
('b57da434-cd0b-4400-8b01-0022632f4969', 'garthborough', 0),
('b57da434-cd0b-4400-8b01-0022632f4969', 'vincenzomouth', 1),
('7b3614d9-e0cf-405e-a618-0b48905429b6', 'portevert', 0),
('7b3614d9-e0cf-405e-a618-0b48905429b6', 'groverport', 1),
('f6a891a5-e651-4baf-9b3f-8b4e7d496f88', 'northbobbieboro', 0),
('f6a891a5-e651-4baf-9b3f-8b4e7d496f88', 'northlucindafort', 1),
('b7956305-384e-44ec-87a2-746617d9e5dc', 'murrayville', 0),
('b7956305-384e-44ec-87a2-746617d9e5dc', 'muellerfurt', 1),
('b9d7c617-add2-4817-94ac-81ab46868055', 'westroxanneborough', 0),
('b9d7c617-add2-4817-94ac-81ab46868055', 'lakeland', 1),
('b69bf1e9-6545-4d42-a888-2073684f6730', 'portvalentinemouth', 0),
('b69bf1e9-6545-4d42-a888-2073684f6730', 'grapevine', 1),
('e00aa751-6bc9-4c4c-81f3-a74766ace56f', 'mcdermottburgh', 0),
('e00aa751-6bc9-4c4c-81f3-a74766ace56f', 'northaryanna', 1),
('6d900ce5-1fd4-460c-853f-6e43db5bf082', 'eastkimborough', 0),
('6d900ce5-1fd4-460c-853f-6e43db5bf082', 'collinsfield', 1),
('001f8b71-1c41-4df9-a684-7d4dabdf1a08', 'eastannetta', 0),
('001f8b71-1c41-4df9-a684-7d4dabdf1a08', 'clemmieside', 1),
('ac244eb5-8cd2-4dcc-b55e-59f03c56dce0', 'aidanshire', 0),
('ac244eb5-8cd2-4dcc-b55e-59f03c56dce0', 'santamonica', 1),
('c2df8f6a-471f-48a7-899a-4dcb7418334b', 'catalinafoothills', 0),
('c2df8f6a-471f-48a7-899a-4dcb7418334b', 'westbonnie', 1),
('7010b3c7-a5fc-43dc-bfd6-ec59e8bf5496', 'schusterboro', 0),
('7010b3c7-a5fc-43dc-bfd6-ec59e8bf5496', 'portcalista', 1);
