create table route
(
    id            varchar(36)  not null
        primary key,
    end_station   varchar(255) null,
    start_station varchar(255) null
)
        engine = InnoDB;
INSERT INTO route (id, end_station, start_station) VALUES
                                                       ('754e6770-df04-48d7-bb51-28cde2c012e7', 'schenectady', 'riverton'),
                                                       ('1e42f08a-1ce3-453d-8a2e-214c5fdd1d28', 'schowalterfurt', 'lakekenya'),
                                                       ('d66d23e9-cf43-454b-870b-bb8c501ae007', 'eastjosianeboro', 'westkristina'),
                                                       ('1dee3ec5-508c-4843-8df5-9c3b237b83fc', 'newhavenboro', 'mireyatown'),
                                                       ('6652df36-0013-455e-97d8-6b941dadc6f6', 'osinskiville', 'careyland'),
                                                       ('35c8b38d-1f53-4fa8-aff5-6db7ff832acf', 'waterston', 'watersberg'),
                                                       ('29a2d23f-dddc-4ed4-83b1-b21f925b6143', 'whiteshire', 'newalbertboro'),
                                                       ('070e452c-16ac-46e8-9ef6-4e4c154f5028', 'salem', 'northwilla'),
                                                       ('3de325b3-b560-464c-978e-5aa9a1250c64', 'stammtown', 'weststephanieburgh'),
                                                       ('dc2b5222-347c-4919-9075-95120cd8193a', 'portjazmynworth', 'bergnaumton'),
                                                       ('8ed2cdd9-c062-43a3-804c-012eecd23cd8', 'redmond', 'bertramfield'),
                                                       ('03f7f60f-c482-487e-97df-66ec00a8e927', 'metairie', 'frederiquehaven'),
                                                       ('c43a8a32-e3d1-46f8-aa01-f95e8089f548', 'westkareemfield', 'osvaldofurt'),
                                                       ('cc282fd9-1a61-4301-b054-7cc8cf797533', 'lakechris', 'zemlakport'),
                                                       ('55c7f5c7-17b8-46be-9d72-7b0bf3f78e48', 'olsonburgh', 'kassulkefield'),
                                                       ('52e46fc2-c73a-4b4f-9ef8-27bffdf6c516', 'northcassiestad', 'portbeth'),
                                                       ('a1f3629d-7534-44c1-81c7-65899811caef', 'southaimeecester', 'northdereck'),
                                                       ('8cbf409a-644e-4fac-8eb9-1b19718a6bfe', 'patsyfort', 'hahnland'),
                                                       ('3583ebf2-fa66-4857-a465-b80c3a4b92ec', 'gaithersburg', 'newverniecester'),
                                                       ('2796803f-fee4-40f9-9c13-135b306e5804', 'morarchester', 'westmistyville'),
                                                       ('1d32feaf-28ec-473e-96d4-b29231178c6a', 'lakeaisha', 'lehnerport'),
                                                       ('af09b8d6-2005-4bb3-893c-9eaa05d7ad2e', 'odacester', 'lakeoralburgh'),
                                                       ('7ee4a46d-d472-4aef-957e-ddc69c474e4a', 'southjaqueline', 'eastmarcelino'),
                                                       ('355d1190-07cf-4f36-a69b-e974eefaae6d', 'olathe', 'novaboro'),
                                                       ('6550a817-cae1-4781-9e60-50b768a3342e', 'jenifershire', 'kayleeside'),
                                                       ('708d238d-b78c-442f-b6e4-9a8a372bc8ea', 'rapidcity', 'westvincentberg'),
                                                       ('a64802f9-a065-4685-af82-54d513081cf7', 'patrickboro', 'neweunice'),
                                                       ('c97ea664-60b8-4fb9-965b-fba00a9e9c3f', 'fortbobbyburgh', 'northtrinityborough'),
                                                       ('330db1e9-e6ef-49dc-94b7-1634686b8eac', 'northivorycester', 'northrosendoborough'),
                                                       ('502655b9-221c-4e69-956e-23c0dc6c6bd9', 'mullerfield', 'lakejohnathonborough'),
                                                       ('2c2c4d70-fc1f-40a0-82fb-90f32d92737f', 'vadaport', 'binsberg'),
                                                       ('9f3938e8-06c1-456a-96eb-9a2f84ed5426', 'turlock', 'eastmarjolaine'),
                                                       ('6be49800-f9cc-4e73-8c2e-895dfc122b59', 'drakeborough', 'reston'),
                                                       ('d045c6ae-ecd8-4082-92b7-988ace281480', 'kertzmannshire', 'burbank'),
                                                       ('de6e6dbf-32e0-4cd9-959e-acefbb6fced5', 'milpitas', 'rockford'),
                                                       ('006f32e7-c346-4f2e-9670-1151df0482eb', 'portmireyabury', 'faheyburgh'),
                                                       ('992ebaa1-8980-4c22-b83c-4f5359f7756d', 'octaviaburgh', 'braunmouth'),
                                                       ('dc109436-1120-47a1-9e48-b2b0d23e493b', 'marksside', 'spinkatown'),
                                                       ('2b23948b-eb26-4de9-94c5-d594f9a5b7b5', 'lakezula', 'westrafaelview'),
                                                       ('613498f1-4dd3-4bd4-b3f7-7ce44e47e6d7', 'westjaclyn', 'brockton'),
                                                       ('07d6aefb-10eb-49ac-8f99-5a1fb0633c70', 'aniyaland', 'faheyborough'),
                                                       ('6e128823-04b1-48c8-bbb1-67f18baf09c8', 'hawthorne', 'newbobbiestad'),
                                                       ('c36d148a-1dd6-48c9-98e9-196f8f8dbd82', 'bergefield', 'southlynnbury'),
                                                       ('154e958d-9541-47d8-9ac6-c4e1b31d3511', 'northbrandonville', 'northlouisaborough'),
                                                       ('600f595c-7585-4b04-8316-5d59a18ec205', 'westmafaldaville', 'northyvonne'),
                                                       ('1abdb2ea-2e69-45cf-9c78-e1cb6ef97d73', 'portearl', 'newnia'),
                                                       ('f7d6305f-0adf-4849-a119-956c16b05f01', 'northlennyfield', 'lakecarissa'),
                                                       ('52db17ee-761f-4f7e-ab54-4272799aab4e', 'heloisestad', 'siouxfalls'),
                                                       ('19924903-8b1f-4dd6-8eff-2fedc258b257', 'whittier', 'eastsagechester'),
                                                       ('e4fa2d6c-9149-4936-8752-23cb67ed7d78', 'greensboro', 'lakemisty'),
                                                       ('81472c2c-89ce-4dcd-b501-ef2541d8d88d', 'juliuston', 'willisborough'),
                                                       ('d548a7ef-e622-4f69-a6ef-a9b8df9df193', 'braunshire', 'brokenarrow'),
                                                       ('b7c9cd8c-274c-4101-b8a4-98a398ebd506', 'sanford', 'jazminfurt'),
                                                       ('cfe36e65-8f0a-4cba-91a0-5bd67023b917', 'fortroslynbury', 'westelyse'),
                                                       ('67470839-cdc6-4ef1-9b22-3de3f0a79b11', 'maciechester', 'lakehavasucity'),
                                                       ('97742974-a724-4584-9183-97275e7fe6b6', 'portevert', 'northdomingo'),
                                                       ('53d5baaf-0ec0-41d4-abe0-cb2af8ab830c', 'westlaury', 'eastgreg'),
                                                       ('99013775-c8b3-404c-ae05-14dc5bdd7960', 'ziemannworth', 'racine'),
                                                       ('b3e9b6c6-a230-4e37-bf5b-0c2e6cf95564', 'missionviejo', 'marcelinoside'),
                                                       ('47536bb9-91f3-4924-98fd-0ea2ae7323ba', 'schowalterborough', 'lakemaynardfurt'),
                                                       ('56ef2a63-21f7-4e47-bb49-1f74d6c3dd2c', 'juddhaven', 'newsandyshire'),
                                                       ('2574d1b0-20df-4dad-a782-2ddd1a2e4b9b', 'fortbridgetshire', 'southsibyl'),
                                                       ('7fc3f7e3-6dc2-48b0-a42b-d4ffbd9ac16c', 'fortcamryn', 'millscester'),
                                                       ('04d62df6-467b-46a0-b13b-008ccd2f0c6d', 'deerfieldbeach', 'guytown'),
                                                       ('999f37c4-ce8a-4356-a4ad-40067e533c49', 'southvalley', 'wymanmouth'),
                                                       ('f50a44e8-256c-42ba-8eb0-96c78273c189', 'southburdetteberg', 'westaliza'),
                                                       ('90fd455b-e37b-4120-9171-81ed2ee5c718', 'anchorage', 'portaugustabury'),
                                                       ('392901b7-c952-42fa-a364-6c082728ec06', 'portjocelyncester', 'maymieshire'),
                                                       ('733dd64a-5df2-4a3c-8a93-f62d4cb0d7e2', 'asheville', 'fabianmouth'),
                                                       ('b9557ed1-c783-44d6-bf3f-f9c2a83930d7', 'kalliecester', 'emmanuellefield'),
                                                       ('198b61ca-3241-4af7-8905-e77dcb0337ee', 'osbornehaven', 'rauburgh'),
                                                       ('41b6a1dd-ffdb-4caa-a6fa-ae7bfcfe0693', 'elsieside', 'newamanda'),
                                                       ('901cc4f4-5cf0-4c30-bd0f-45238c579e86', 'northjerroldcester', 'southjayson'),
                                                       ('44dfc5b4-1d60-476e-be1b-87d3928f8724', 'reichelburgh', 'lakejaleel'),
                                                       ('ab0941e7-3a32-4600-8614-1df06c269a7e', 'hillltown', 'koreyberg'),
                                                       ('fbe3bc22-589e-44ca-bfae-418973501a54', 'kobeborough', 'eastsheridanstad'),
                                                       ('247a51af-d2a8-426c-9fde-567cdf66af70', 'moniqueworth', 'westbriana'),
                                                       ('884d9388-4e2a-44a5-865e-05a2b99f0be3', 'lakesalvador', 'funkland'),
                                                       ('18d0287e-3677-46fd-85ef-b06aa7d8a9a0', 'johnsonshire', 'azusa'),
                                                       ('e8c3af83-6377-4e9c-bfec-a629a8dcb25b', 'lamirada', 'zoemouth'),
                                                       ('df0a1745-7a39-46e9-a392-d0980a0a4fc7', 'portfrances', 'fortjamarcusfurt'),
                                                       ('e982ff88-abc4-43b9-8bec-5ec250f1f763', 'coreneberg', 'cedarhill'),
                                                       ('e9f40e93-65b6-416a-af05-1d487219e50c', 'swaniawskifield', 'katrinehaven'),
                                                       ('7949d476-e901-46ed-a1d8-3fc1cb6c02cd', 'aloha', 'beattyton'),
                                                       ('adf018a5-ccf7-4f84-8978-e94cfb2febe8', 'strosinville', 'mcglynntown'),
                                                       ('9eb7f821-ce22-47e1-8a91-ab4432f9b8f8', 'westhilmaburgh', 'christianacester'),
                                                       ('3e940294-404f-4db1-85b5-429f2427576c', 'kirstenfort', 'highlandsranch'),
                                                       ('ac7ef868-dea2-4249-aa11-72551badc7ee', 'westkailey', 'northmossieside'),
                                                       ('b2cf99b3-5c0b-423a-a854-20150fcadd56', 'binghamton', 'angelland'),
                                                       ('e616df0e-d575-47dd-8bd2-fb8215d84128', 'westniko', 'fortellis'),
                                                       ('4f652b91-0e70-4eff-906b-978fcb14e7d8', 'portmarionport', 'filomenaborough'),
                                                       ('02ff9513-bdd4-48f1-9390-8f87e2c8bfdd', 'southgregg', 'ames'),
                                                       ('467382ca-0906-4a50-a715-ca51c5f175a7', 'burlington', 'brennonport'),
                                                       ('5da07424-2ca1-4ec9-8ba0-bd18f7e86ef9', 'mckenziechester', 'westlupebury'),
                                                       ('f0b025c2-e615-4057-bcb2-577f5347eaeb', 'newjaleeltown', 'newjohnathon'),
                                                       ('7c73a144-9e8a-492c-a3cc-7991671a9273', 'northmaybelleport', 'chulavista'),
                                                       ('e566409d-f932-4444-b2da-c4f9b7d3b23f', 'gussieville', 'newvada'),
                                                       ('16dfc610-100c-419d-b8e0-ca3bc24d3ef4', 'fortgarnet', 'dedricbury'),
                                                       ('32665fc9-d563-42fd-9b17-505716c38aba', 'westashton', 'brakusworth'),
                                                       ('70a38107-1282-4fa3-a688-2825a4b37c94', 'uptonfurt', 'jerseycity');




create table route_distances
(
    route_id        varchar(36) not null,
    distances       int         null,
    distances_order int         not null,
    primary key (route_id, distances_order)
)
        engine = InnoDB;
INSERT INTO route_distances (route_id, distances, distances_order) VALUES
                                                                       ('754e6770-df04-48d7-bb51-28cde2c012e7', 7.626207685098052, 0),
                                                                       ('754e6770-df04-48d7-bb51-28cde2c012e7', 43.76133696641773, 1),
                                                                       ('754e6770-df04-48d7-bb51-28cde2c012e7', 85.52933279424906, 2),
                                                                       ('754e6770-df04-48d7-bb51-28cde2c012e7', 50.21930921357125, 3),
                                                                       ('1e42f08a-1ce3-453d-8a2e-214c5fdd1d28', 58.49763157311827, 0),
                                                                       ('1e42f08a-1ce3-453d-8a2e-214c5fdd1d28', 41.0076534608379, 1),
                                                                       ('1e42f08a-1ce3-453d-8a2e-214c5fdd1d28', 83.0014236504212, 2),
                                                                       ('1e42f08a-1ce3-453d-8a2e-214c5fdd1d28', 69.20436134096235, 3),
                                                                       ('d66d23e9-cf43-454b-870b-bb8c501ae007', 42.904680548235774, 0),
                                                                       ('d66d23e9-cf43-454b-870b-bb8c501ae007', 89.08222070895135, 1),
                                                                       ('d66d23e9-cf43-454b-870b-bb8c501ae007', 49.0482367342338, 2),
                                                                       ('d66d23e9-cf43-454b-870b-bb8c501ae007', 26.472940272651613, 3),
                                                                       ('1dee3ec5-508c-4843-8df5-9c3b237b83fc', 39.06136970035732, 0),
                                                                       ('1dee3ec5-508c-4843-8df5-9c3b237b83fc', 5.115763307549059, 1),
                                                                       ('1dee3ec5-508c-4843-8df5-9c3b237b83fc', 14.293777523562312, 2),
                                                                       ('1dee3ec5-508c-4843-8df5-9c3b237b83fc', 79.60588370915502, 3),
                                                                       ('6652df36-0013-455e-97d8-6b941dadc6f6', 64.92304634302855, 0),
                                                                       ('6652df36-0013-455e-97d8-6b941dadc6f6', 90.94979546498507, 1),
                                                                       ('6652df36-0013-455e-97d8-6b941dadc6f6', 38.30174217000604, 2),
                                                                       ('6652df36-0013-455e-97d8-6b941dadc6f6', 62.75372940581292, 3),
                                                                       ('35c8b38d-1f53-4fa8-aff5-6db7ff832acf', 78.08293215930462, 0),
                                                                       ('35c8b38d-1f53-4fa8-aff5-6db7ff832acf', 39.71816918347031, 1),
                                                                       ('35c8b38d-1f53-4fa8-aff5-6db7ff832acf', 91.87559939455241, 2),
                                                                       ('35c8b38d-1f53-4fa8-aff5-6db7ff832acf', 34.217774448916316, 3),
                                                                       ('29a2d23f-dddc-4ed4-83b1-b21f925b6143', 29.065335262566805, 0),
                                                                       ('29a2d23f-dddc-4ed4-83b1-b21f925b6143', 48.90251324977726, 1),
                                                                       ('29a2d23f-dddc-4ed4-83b1-b21f925b6143', 18.139455327764153, 2),
                                                                       ('29a2d23f-dddc-4ed4-83b1-b21f925b6143', 34.79789157863706, 3),
                                                                       ('070e452c-16ac-46e8-9ef6-4e4c154f5028', 25.628698500804603, 0),
                                                                       ('070e452c-16ac-46e8-9ef6-4e4c154f5028', 41.89552871976048, 1),
                                                                       ('070e452c-16ac-46e8-9ef6-4e4c154f5028', 97.88237193133682, 2),
                                                                       ('070e452c-16ac-46e8-9ef6-4e4c154f5028', 66.35671923868358, 3),
                                                                       ('3de325b3-b560-464c-978e-5aa9a1250c64', 6.313512334600091, 0),
                                                                       ('3de325b3-b560-464c-978e-5aa9a1250c64', 14.544244017452002, 1),
                                                                       ('3de325b3-b560-464c-978e-5aa9a1250c64', 7.02338982373476, 2),
                                                                       ('3de325b3-b560-464c-978e-5aa9a1250c64', 58.451055898331106, 3),
                                                                       ('dc2b5222-347c-4919-9075-95120cd8193a', 41.70802617445588, 0),
                                                                       ('dc2b5222-347c-4919-9075-95120cd8193a', 50.843499321490526, 1),
                                                                       ('dc2b5222-347c-4919-9075-95120cd8193a', 4.674450447782874, 2),
                                                                       ('dc2b5222-347c-4919-9075-95120cd8193a', 88.55802507605404, 3),
                                                                       ('8ed2cdd9-c062-43a3-804c-012eecd23cd8', 63.98486278485507, 0),
                                                                       ('8ed2cdd9-c062-43a3-804c-012eecd23cd8', 1.3228900032117963, 1),
                                                                       ('8ed2cdd9-c062-43a3-804c-012eecd23cd8', 10.494202584959567, 2),
                                                                       ('8ed2cdd9-c062-43a3-804c-012eecd23cd8', 64.10144388210028, 3),
                                                                       ('03f7f60f-c482-487e-97df-66ec00a8e927', 9.281232231296599, 0),
                                                                       ('03f7f60f-c482-487e-97df-66ec00a8e927', 44.92947917897254, 1),
                                                                       ('03f7f60f-c482-487e-97df-66ec00a8e927', 23.820197861641645, 2),
                                                                       ('03f7f60f-c482-487e-97df-66ec00a8e927', 34.42334309220314, 3),
                                                                       ('c43a8a32-e3d1-46f8-aa01-f95e8089f548', 95.1539775589481, 0),
                                                                       ('c43a8a32-e3d1-46f8-aa01-f95e8089f548', 52.712038648314774, 1),
                                                                       ('c43a8a32-e3d1-46f8-aa01-f95e8089f548', 70.61453021597117, 2),
                                                                       ('c43a8a32-e3d1-46f8-aa01-f95e8089f548', 75.64617737662047, 3),
                                                                       ('cc282fd9-1a61-4301-b054-7cc8cf797533', 3.903023083694279, 0),
                                                                       ('cc282fd9-1a61-4301-b054-7cc8cf797533', 43.79403539933264, 1),
                                                                       ('cc282fd9-1a61-4301-b054-7cc8cf797533', 29.831923497840762, 2),
                                                                       ('cc282fd9-1a61-4301-b054-7cc8cf797533', 94.56846721004695, 3),
                                                                       ('55c7f5c7-17b8-46be-9d72-7b0bf3f78e48', 58.3391168853268, 0),
                                                                       ('55c7f5c7-17b8-46be-9d72-7b0bf3f78e48', 37.4868132872507, 1),
                                                                       ('55c7f5c7-17b8-46be-9d72-7b0bf3f78e48', 8.30876708496362, 2),
                                                                       ('55c7f5c7-17b8-46be-9d72-7b0bf3f78e48', 45.58877334930003, 3),
                                                                       ('52e46fc2-c73a-4b4f-9ef8-27bffdf6c516', 65.2320503955707, 0),
                                                                       ('52e46fc2-c73a-4b4f-9ef8-27bffdf6c516', 52.848359290510416, 1),
                                                                       ('52e46fc2-c73a-4b4f-9ef8-27bffdf6c516', 66.54492625966668, 2),
                                                                       ('52e46fc2-c73a-4b4f-9ef8-27bffdf6c516', 65.85664818994701, 3),
                                                                       ('a1f3629d-7534-44c1-81c7-65899811caef', 75.5448549753055, 0),
                                                                       ('a1f3629d-7534-44c1-81c7-65899811caef', 43.728638580068946, 1),
                                                                       ('a1f3629d-7534-44c1-81c7-65899811caef', 44.2854467080906, 2),
                                                                       ('a1f3629d-7534-44c1-81c7-65899811caef', 44.748296262696385, 3),
                                                                       ('8cbf409a-644e-4fac-8eb9-1b19718a6bfe', 48.70599687565118, 0),
                                                                       ('8cbf409a-644e-4fac-8eb9-1b19718a6bfe', 29.623566707596183, 1),
                                                                       ('8cbf409a-644e-4fac-8eb9-1b19718a6bfe', 72.72291765548289, 2),
                                                                       ('8cbf409a-644e-4fac-8eb9-1b19718a6bfe', 83.06613368913531, 3),
                                                                       ('3583ebf2-fa66-4857-a465-b80c3a4b92ec', 63.63055626861751, 0),
                                                                       ('3583ebf2-fa66-4857-a465-b80c3a4b92ec', 83.20614704862237, 1),
                                                                       ('3583ebf2-fa66-4857-a465-b80c3a4b92ec', 91.95100900251418, 2),
                                                                       ('3583ebf2-fa66-4857-a465-b80c3a4b92ec', 74.23165717627853, 3),
                                                                       ('2796803f-fee4-40f9-9c13-135b306e5804', 95.07363510783762, 0),
                                                                       ('2796803f-fee4-40f9-9c13-135b306e5804', 27.514536143280566, 1),
                                                                       ('2796803f-fee4-40f9-9c13-135b306e5804', 70.6601622980088, 2),
                                                                       ('2796803f-fee4-40f9-9c13-135b306e5804', 6.015974096953869, 3),
                                                                       ('1d32feaf-28ec-473e-96d4-b29231178c6a', 29.31702674832195, 0),
                                                                       ('1d32feaf-28ec-473e-96d4-b29231178c6a', 50.9171198355034, 1),
                                                                       ('1d32feaf-28ec-473e-96d4-b29231178c6a', 40.751985530368984, 2),
                                                                       ('1d32feaf-28ec-473e-96d4-b29231178c6a', 58.925697952508926, 3),
                                                                       ('af09b8d6-2005-4bb3-893c-9eaa05d7ad2e', 58.05658488534391, 0),
                                                                       ('af09b8d6-2005-4bb3-893c-9eaa05d7ad2e', 36.763436696492136, 1),
                                                                       ('af09b8d6-2005-4bb3-893c-9eaa05d7ad2e', 42.58383712731302, 2),
                                                                       ('af09b8d6-2005-4bb3-893c-9eaa05d7ad2e', 68.32694809418172, 3),
                                                                       ('7ee4a46d-d472-4aef-957e-ddc69c474e4a', 58.09551819693297, 0),
                                                                       ('7ee4a46d-d472-4aef-957e-ddc69c474e4a', 35.838310746476054, 1),
                                                                       ('7ee4a46d-d472-4aef-957e-ddc69c474e4a', 3.147475584410131, 2),
                                                                       ('7ee4a46d-d472-4aef-957e-ddc69c474e4a', 49.108971282839775, 3),
                                                                       ('355d1190-07cf-4f36-a69b-e974eefaae6d', 69.54048953484744, 0),
                                                                       ('355d1190-07cf-4f36-a69b-e974eefaae6d', 99.98748532962054, 1),
                                                                       ('355d1190-07cf-4f36-a69b-e974eefaae6d', 84.40358538646251, 2),
                                                                       ('355d1190-07cf-4f36-a69b-e974eefaae6d', 91.59001996740699, 3),
                                                                       ('6550a817-cae1-4781-9e60-50b768a3342e', 89.38170711044222, 0),
                                                                       ('6550a817-cae1-4781-9e60-50b768a3342e', 1.776479627005756, 1),
                                                                       ('6550a817-cae1-4781-9e60-50b768a3342e', 50.332753849215806, 2),
                                                                       ('6550a817-cae1-4781-9e60-50b768a3342e', 49.253215617500246, 3),
                                                                       ('708d238d-b78c-442f-b6e4-9a8a372bc8ea', 1.5653055161237717, 0),
                                                                       ('708d238d-b78c-442f-b6e4-9a8a372bc8ea', 19.945211126469076, 1),
                                                                       ('708d238d-b78c-442f-b6e4-9a8a372bc8ea', 70.78326134942472, 2),
                                                                       ('708d238d-b78c-442f-b6e4-9a8a372bc8ea', 25.75197310652584, 3),
                                                                       ('a64802f9-a065-4685-af82-54d513081cf7', 0.4568725358694792, 0),
                                                                       ('a64802f9-a065-4685-af82-54d513081cf7', 50.638386607170105, 1),
                                                                       ('a64802f9-a065-4685-af82-54d513081cf7', 33.31994840409607, 2),
                                                                       ('a64802f9-a065-4685-af82-54d513081cf7', 79.76168009918183, 3),
                                                                       ('c97ea664-60b8-4fb9-965b-fba00a9e9c3f', 52.97377468086779, 0),
                                                                       ('c97ea664-60b8-4fb9-965b-fba00a9e9c3f', 9.629587829113007, 1),
                                                                       ('c97ea664-60b8-4fb9-965b-fba00a9e9c3f', 90.30868243426085, 2),
                                                                       ('c97ea664-60b8-4fb9-965b-fba00a9e9c3f', 71.69784323778003, 3),
                                                                       ('330db1e9-e6ef-49dc-94b7-1634686b8eac', 25.243729632347822, 0),
                                                                       ('330db1e9-e6ef-49dc-94b7-1634686b8eac', 38.923989166505635, 1),
                                                                       ('330db1e9-e6ef-49dc-94b7-1634686b8eac', 18.649546592496336, 2),
                                                                       ('330db1e9-e6ef-49dc-94b7-1634686b8eac', 24.628730048425496, 3),
                                                                       ('502655b9-221c-4e69-956e-23c0dc6c6bd9', 90.29698646627367, 0),
                                                                       ('502655b9-221c-4e69-956e-23c0dc6c6bd9', 42.79851713217795, 1),
                                                                       ('502655b9-221c-4e69-956e-23c0dc6c6bd9', 98.94159154500812, 2),
                                                                       ('502655b9-221c-4e69-956e-23c0dc6c6bd9', 70.72169692255557, 3),
                                                                       ('2c2c4d70-fc1f-40a0-82fb-90f32d92737f', 13.077155826613307, 0),
                                                                       ('2c2c4d70-fc1f-40a0-82fb-90f32d92737f', 71.30551203154027, 1),
                                                                       ('2c2c4d70-fc1f-40a0-82fb-90f32d92737f', 63.715563993901014, 2),
                                                                       ('2c2c4d70-fc1f-40a0-82fb-90f32d92737f', 89.43701842799783, 3),
                                                                       ('9f3938e8-06c1-456a-96eb-9a2f84ed5426', 56.592342630028725, 0),
                                                                       ('9f3938e8-06c1-456a-96eb-9a2f84ed5426', 56.770488317124546, 1),
                                                                       ('9f3938e8-06c1-456a-96eb-9a2f84ed5426', 22.59897869080305, 2),
                                                                       ('9f3938e8-06c1-456a-96eb-9a2f84ed5426', 4.892200301401317, 3),
                                                                       ('6be49800-f9cc-4e73-8c2e-895dfc122b59', 5.484518432058394, 0),
                                                                       ('6be49800-f9cc-4e73-8c2e-895dfc122b59', 32.87471202202141, 1),
                                                                       ('6be49800-f9cc-4e73-8c2e-895dfc122b59', 3.4683100413531065, 2),
                                                                       ('6be49800-f9cc-4e73-8c2e-895dfc122b59', 63.63271474838257, 3),
                                                                       ('d045c6ae-ecd8-4082-92b7-988ace281480', 28.741835220716894, 0),
                                                                       ('d045c6ae-ecd8-4082-92b7-988ace281480', 11.415144428610802, 1),
                                                                       ('d045c6ae-ecd8-4082-92b7-988ace281480', 99.53763540834188, 2),
                                                                       ('d045c6ae-ecd8-4082-92b7-988ace281480', 2.578128967434168, 3),
                                                                       ('de6e6dbf-32e0-4cd9-959e-acefbb6fced5', 58.80878164898604, 0),
                                                                       ('de6e6dbf-32e0-4cd9-959e-acefbb6fced5', 73.79289721138775, 1),
                                                                       ('de6e6dbf-32e0-4cd9-959e-acefbb6fced5', 96.08544171787798, 2),
                                                                       ('de6e6dbf-32e0-4cd9-959e-acefbb6fced5', 74.41195342689753, 3),
                                                                       ('006f32e7-c346-4f2e-9670-1151df0482eb', 13.731059827841818, 0),
                                                                       ('006f32e7-c346-4f2e-9670-1151df0482eb', 64.99380064196885, 1),
                                                                       ('006f32e7-c346-4f2e-9670-1151df0482eb', 94.73560797050595, 2),
                                                                       ('006f32e7-c346-4f2e-9670-1151df0482eb', 90.81979980692267, 3),
                                                                       ('992ebaa1-8980-4c22-b83c-4f5359f7756d', 74.01813487522304, 0),
                                                                       ('992ebaa1-8980-4c22-b83c-4f5359f7756d', 71.0503363981843, 1),
                                                                       ('992ebaa1-8980-4c22-b83c-4f5359f7756d', 45.21111352369189, 2),
                                                                       ('992ebaa1-8980-4c22-b83c-4f5359f7756d', 60.98864257801324, 3),
                                                                       ('dc109436-1120-47a1-9e48-b2b0d23e493b', 62.96280245296657, 0),
                                                                       ('dc109436-1120-47a1-9e48-b2b0d23e493b', 90.38813686929643, 1),
                                                                       ('dc109436-1120-47a1-9e48-b2b0d23e493b', 57.67648695036769, 2),
                                                                       ('dc109436-1120-47a1-9e48-b2b0d23e493b', 15.4371167300269, 3),
                                                                       ('2b23948b-eb26-4de9-94c5-d594f9a5b7b5', 92.59797562845051, 0),
                                                                       ('2b23948b-eb26-4de9-94c5-d594f9a5b7b5', 18.18785408977419, 1),
                                                                       ('2b23948b-eb26-4de9-94c5-d594f9a5b7b5', 49.07530478667468, 2),
                                                                       ('2b23948b-eb26-4de9-94c5-d594f9a5b7b5', 66.19777677115053, 3),
                                                                       ('613498f1-4dd3-4bd4-b3f7-7ce44e47e6d7', 39.41823390778154, 0),
                                                                       ('613498f1-4dd3-4bd4-b3f7-7ce44e47e6d7', 0.605100323446095, 1),
                                                                       ('613498f1-4dd3-4bd4-b3f7-7ce44e47e6d7', 42.88458323571831, 2),
                                                                       ('613498f1-4dd3-4bd4-b3f7-7ce44e47e6d7', 31.854888843372464, 3),
                                                                       ('07d6aefb-10eb-49ac-8f99-5a1fb0633c70', 90.48832664266229, 0),
                                                                       ('07d6aefb-10eb-49ac-8f99-5a1fb0633c70', 72.65235919039696, 1),
                                                                       ('07d6aefb-10eb-49ac-8f99-5a1fb0633c70', 91.85348683968186, 2),
                                                                       ('07d6aefb-10eb-49ac-8f99-5a1fb0633c70', 22.81383234076202, 3),
                                                                       ('6e128823-04b1-48c8-bbb1-67f18baf09c8', 50.70441672578454, 0),
                                                                       ('6e128823-04b1-48c8-bbb1-67f18baf09c8', 79.14807037450373, 1),
                                                                       ('6e128823-04b1-48c8-bbb1-67f18baf09c8', 37.2562465025112, 2),
                                                                       ('6e128823-04b1-48c8-bbb1-67f18baf09c8', 9.06015932559967, 3),
                                                                       ('c36d148a-1dd6-48c9-98e9-196f8f8dbd82', 5.389010882936418, 0),
                                                                       ('c36d148a-1dd6-48c9-98e9-196f8f8dbd82', 79.40695593133569, 1),
                                                                       ('c36d148a-1dd6-48c9-98e9-196f8f8dbd82', 68.8395660603419, 2),
                                                                       ('c36d148a-1dd6-48c9-98e9-196f8f8dbd82', 19.433385180309415, 3),
                                                                       ('154e958d-9541-47d8-9ac6-c4e1b31d3511', 95.72396802250296, 0),
                                                                       ('154e958d-9541-47d8-9ac6-c4e1b31d3511', 59.74088960792869, 1),
                                                                       ('154e958d-9541-47d8-9ac6-c4e1b31d3511', 70.82591962534934, 2),
                                                                       ('154e958d-9541-47d8-9ac6-c4e1b31d3511', 19.129433552734554, 3),
                                                                       ('600f595c-7585-4b04-8316-5d59a18ec205', 94.94240984786302, 0),
                                                                       ('600f595c-7585-4b04-8316-5d59a18ec205', 62.45791958644986, 1),
                                                                       ('600f595c-7585-4b04-8316-5d59a18ec205', 88.60126326326281, 2),
                                                                       ('600f595c-7585-4b04-8316-5d59a18ec205', 37.214299221523106, 3),
                                                                       ('1abdb2ea-2e69-45cf-9c78-e1cb6ef97d73', 37.31060444843024, 0),
                                                                       ('1abdb2ea-2e69-45cf-9c78-e1cb6ef97d73', 89.1247246414423, 1),
                                                                       ('1abdb2ea-2e69-45cf-9c78-e1cb6ef97d73', 27.919808658771217, 2),
                                                                       ('1abdb2ea-2e69-45cf-9c78-e1cb6ef97d73', 7.376955356448889, 3),
                                                                       ('f7d6305f-0adf-4849-a119-956c16b05f01', 65.39658927358687, 0),
                                                                       ('f7d6305f-0adf-4849-a119-956c16b05f01', 58.33247760310769, 1),
                                                                       ('f7d6305f-0adf-4849-a119-956c16b05f01', 38.20281464140862, 2),
                                                                       ('f7d6305f-0adf-4849-a119-956c16b05f01', 52.65977680683136, 3),
                                                                       ('52db17ee-761f-4f7e-ab54-4272799aab4e', 88.67572981398553, 0),
                                                                       ('52db17ee-761f-4f7e-ab54-4272799aab4e', 73.49492167122662, 1),
                                                                       ('52db17ee-761f-4f7e-ab54-4272799aab4e', 56.8701894255355, 2),
                                                                       ('52db17ee-761f-4f7e-ab54-4272799aab4e', 24.285899242386222, 3),
                                                                       ('19924903-8b1f-4dd6-8eff-2fedc258b257', 53.996234526857734, 0),
                                                                       ('19924903-8b1f-4dd6-8eff-2fedc258b257', 94.34905555099249, 1),
                                                                       ('19924903-8b1f-4dd6-8eff-2fedc258b257', 83.2445025909692, 2),
                                                                       ('19924903-8b1f-4dd6-8eff-2fedc258b257', 22.68039968330413, 3),
                                                                       ('e4fa2d6c-9149-4936-8752-23cb67ed7d78', 42.933077341876924, 0),
                                                                       ('e4fa2d6c-9149-4936-8752-23cb67ed7d78', 71.5672214049846, 1),
                                                                       ('e4fa2d6c-9149-4936-8752-23cb67ed7d78', 20.747098536230624, 2),
                                                                       ('e4fa2d6c-9149-4936-8752-23cb67ed7d78', 9.35915820300579, 3),
                                                                       ('81472c2c-89ce-4dcd-b501-ef2541d8d88d', 85.67036569584161, 0),
                                                                       ('81472c2c-89ce-4dcd-b501-ef2541d8d88d', 90.411934745498, 1),
                                                                       ('81472c2c-89ce-4dcd-b501-ef2541d8d88d', 47.79392492491752, 2),
                                                                       ('81472c2c-89ce-4dcd-b501-ef2541d8d88d', 48.64207128994167, 3),
                                                                       ('d548a7ef-e622-4f69-a6ef-a9b8df9df193', 3.8928247522562742, 0),
                                                                       ('d548a7ef-e622-4f69-a6ef-a9b8df9df193', 47.14161318261176, 1),
                                                                       ('d548a7ef-e622-4f69-a6ef-a9b8df9df193', 92.6849108422175, 2),
                                                                       ('d548a7ef-e622-4f69-a6ef-a9b8df9df193', 87.85782339982688, 3),
                                                                       ('b7c9cd8c-274c-4101-b8a4-98a398ebd506', 53.28780838754028, 0),
                                                                       ('b7c9cd8c-274c-4101-b8a4-98a398ebd506', 25.103754410520196, 1),
                                                                       ('b7c9cd8c-274c-4101-b8a4-98a398ebd506', 69.86335816327482, 2),
                                                                       ('b7c9cd8c-274c-4101-b8a4-98a398ebd506', 45.42031204327941, 3),
                                                                       ('cfe36e65-8f0a-4cba-91a0-5bd67023b917', 10.035401000641286, 0),
                                                                       ('cfe36e65-8f0a-4cba-91a0-5bd67023b917', 55.20466212183237, 1),
                                                                       ('cfe36e65-8f0a-4cba-91a0-5bd67023b917', 3.354435763321817, 2),
                                                                       ('cfe36e65-8f0a-4cba-91a0-5bd67023b917', 95.73458433151245, 3),
                                                                       ('67470839-cdc6-4ef1-9b22-3de3f0a79b11', 50.6996501237154, 0),
                                                                       ('67470839-cdc6-4ef1-9b22-3de3f0a79b11', 23.420205200091004, 1),
                                                                       ('67470839-cdc6-4ef1-9b22-3de3f0a79b11', 76.74782387912273, 2),
                                                                       ('67470839-cdc6-4ef1-9b22-3de3f0a79b11', 24.575714068487287, 3),
                                                                       ('97742974-a724-4584-9183-97275e7fe6b6', 47.085067187435925, 0),
                                                                       ('97742974-a724-4584-9183-97275e7fe6b6', 94.7464284254238, 1),
                                                                       ('97742974-a724-4584-9183-97275e7fe6b6', 13.902850891463459, 2),
                                                                       ('97742974-a724-4584-9183-97275e7fe6b6', 74.31675677653402, 3),
                                                                       ('53d5baaf-0ec0-41d4-abe0-cb2af8ab830c', 31.57236916013062, 0),
                                                                       ('53d5baaf-0ec0-41d4-abe0-cb2af8ab830c', 30.695363297127187, 1),
                                                                       ('53d5baaf-0ec0-41d4-abe0-cb2af8ab830c', 32.552515575662255, 2),
                                                                       ('53d5baaf-0ec0-41d4-abe0-cb2af8ab830c', 50.121155800297856, 3),
                                                                       ('99013775-c8b3-404c-ae05-14dc5bdd7960', 27.922139945439994, 0),
                                                                       ('99013775-c8b3-404c-ae05-14dc5bdd7960', 73.07440731674433, 1),
                                                                       ('99013775-c8b3-404c-ae05-14dc5bdd7960', 90.18030136357993, 2),
                                                                       ('99013775-c8b3-404c-ae05-14dc5bdd7960', 38.237566337920725, 3),
                                                                       ('b3e9b6c6-a230-4e37-bf5b-0c2e6cf95564', 28.89388760086149, 0),
                                                                       ('b3e9b6c6-a230-4e37-bf5b-0c2e6cf95564', 61.616262374445796, 1),
                                                                       ('b3e9b6c6-a230-4e37-bf5b-0c2e6cf95564', 60.09094777982682, 2),
                                                                       ('b3e9b6c6-a230-4e37-bf5b-0c2e6cf95564', 73.87246107682586, 3),
                                                                       ('47536bb9-91f3-4924-98fd-0ea2ae7323ba', 93.4230015380308, 0),
                                                                       ('47536bb9-91f3-4924-98fd-0ea2ae7323ba', 61.06709577143192, 1),
                                                                       ('47536bb9-91f3-4924-98fd-0ea2ae7323ba', 30.088129173964262, 2),
                                                                       ('47536bb9-91f3-4924-98fd-0ea2ae7323ba', 67.88075882941484, 3),
                                                                       ('56ef2a63-21f7-4e47-bb49-1f74d6c3dd2c', 86.26428437419236, 0),
                                                                       ('56ef2a63-21f7-4e47-bb49-1f74d6c3dd2c', 39.09435987006873, 1),
                                                                       ('56ef2a63-21f7-4e47-bb49-1f74d6c3dd2c', 12.718696612864733, 2),
                                                                       ('56ef2a63-21f7-4e47-bb49-1f74d6c3dd2c', 43.295386410318315, 3),
                                                                       ('2574d1b0-20df-4dad-a782-2ddd1a2e4b9b', 35.72147027589381, 0),
                                                                       ('2574d1b0-20df-4dad-a782-2ddd1a2e4b9b', 20.16878549475223, 1),
                                                                       ('2574d1b0-20df-4dad-a782-2ddd1a2e4b9b', 77.95360782183707, 2),
                                                                       ('2574d1b0-20df-4dad-a782-2ddd1a2e4b9b', 56.59610014408827, 3),
                                                                       ('7fc3f7e3-6dc2-48b0-a42b-d4ffbd9ac16c', 54.772301530465484, 0),
                                                                       ('7fc3f7e3-6dc2-48b0-a42b-d4ffbd9ac16c', 33.24032328091562, 1),
                                                                       ('7fc3f7e3-6dc2-48b0-a42b-d4ffbd9ac16c', 39.38877198379487, 2),
                                                                       ('7fc3f7e3-6dc2-48b0-a42b-d4ffbd9ac16c', 29.93956229183823, 3),
                                                                       ('04d62df6-467b-46a0-b13b-008ccd2f0c6d', 81.94712838158011, 0),
                                                                       ('04d62df6-467b-46a0-b13b-008ccd2f0c6d', 35.34992812201381, 1),
                                                                       ('04d62df6-467b-46a0-b13b-008ccd2f0c6d', 79.24209744669497, 2),
                                                                       ('04d62df6-467b-46a0-b13b-008ccd2f0c6d', 32.337785977870226, 3),
                                                                       ('999f37c4-ce8a-4356-a4ad-40067e533c49', 57.09104952402413, 0),
                                                                       ('999f37c4-ce8a-4356-a4ad-40067e533c49', 50.44864756055176, 1),
                                                                       ('999f37c4-ce8a-4356-a4ad-40067e533c49', 49.06321812886745, 2),
                                                                       ('999f37c4-ce8a-4356-a4ad-40067e533c49', 62.070510536432266, 3),
                                                                       ('f50a44e8-256c-42ba-8eb0-96c78273c189', 82.07781524397433, 0),
                                                                       ('f50a44e8-256c-42ba-8eb0-96c78273c189', 37.793979654088616, 1),
                                                                       ('f50a44e8-256c-42ba-8eb0-96c78273c189', 73.42732578981668, 2),
                                                                       ('f50a44e8-256c-42ba-8eb0-96c78273c189', 19.338465109467506, 3),
                                                                       ('90fd455b-e37b-4120-9171-81ed2ee5c718', 2.6415323140099645, 0),
                                                                       ('90fd455b-e37b-4120-9171-81ed2ee5c718', 75.55351043120027, 1),
                                                                       ('90fd455b-e37b-4120-9171-81ed2ee5c718', 33.294470398686826, 2),
                                                                       ('90fd455b-e37b-4120-9171-81ed2ee5c718', 4.975294950418174, 3),
                                                                       ('392901b7-c952-42fa-a364-6c082728ec06', 99.92767388466746, 0),
                                                                       ('392901b7-c952-42fa-a364-6c082728ec06', 56.21176043059677, 1),
                                                                       ('392901b7-c952-42fa-a364-6c082728ec06', 21.736184507608414, 2),
                                                                       ('392901b7-c952-42fa-a364-6c082728ec06', 5.7809337973594666, 3),
                                                                       ('733dd64a-5df2-4a3c-8a93-f62d4cb0d7e2', 82.03449330758303, 0),
                                                                       ('733dd64a-5df2-4a3c-8a93-f62d4cb0d7e2', 50.91639386955649, 1),
                                                                       ('733dd64a-5df2-4a3c-8a93-f62d4cb0d7e2', 41.14119403529912, 2),
                                                                       ('733dd64a-5df2-4a3c-8a93-f62d4cb0d7e2', 63.78263928927481, 3),
                                                                       ('b9557ed1-c783-44d6-bf3f-f9c2a83930d7', 33.4081701701507, 0),
                                                                       ('b9557ed1-c783-44d6-bf3f-f9c2a83930d7', 86.0770910512656, 1),
                                                                       ('b9557ed1-c783-44d6-bf3f-f9c2a83930d7', 31.890590908005834, 2),
                                                                       ('b9557ed1-c783-44d6-bf3f-f9c2a83930d7', 38.328444701619446, 3),
                                                                       ('198b61ca-3241-4af7-8905-e77dcb0337ee', 53.786931675858796, 0),
                                                                       ('198b61ca-3241-4af7-8905-e77dcb0337ee', 26.7657887423411, 1),
                                                                       ('198b61ca-3241-4af7-8905-e77dcb0337ee', 55.55993521120399, 2),
                                                                       ('198b61ca-3241-4af7-8905-e77dcb0337ee', 70.09963558521122, 3),
                                                                       ('41b6a1dd-ffdb-4caa-a6fa-ae7bfcfe0693', 4.4721669517457485, 0),
                                                                       ('41b6a1dd-ffdb-4caa-a6fa-ae7bfcfe0693', 80.18376913387328, 1),
                                                                       ('41b6a1dd-ffdb-4caa-a6fa-ae7bfcfe0693', 82.5172598240897, 2),
                                                                       ('41b6a1dd-ffdb-4caa-a6fa-ae7bfcfe0693', 58.091995981521904, 3),
                                                                       ('901cc4f4-5cf0-4c30-bd0f-45238c579e86', 52.08596042357385, 0),
                                                                       ('901cc4f4-5cf0-4c30-bd0f-45238c579e86', 97.03876001294702, 1),
                                                                       ('901cc4f4-5cf0-4c30-bd0f-45238c579e86', 95.8376533119008, 2),
                                                                       ('901cc4f4-5cf0-4c30-bd0f-45238c579e86', 5.215549119748175, 3),
                                                                       ('44dfc5b4-1d60-476e-be1b-87d3928f8724', 25.305338972248137, 0),
                                                                       ('44dfc5b4-1d60-476e-be1b-87d3928f8724', 50.32991881016642, 1),
                                                                       ('44dfc5b4-1d60-476e-be1b-87d3928f8724', 30.410571512766182, 2),
                                                                       ('44dfc5b4-1d60-476e-be1b-87d3928f8724', 74.87039444968104, 3),
                                                                       ('ab0941e7-3a32-4600-8614-1df06c269a7e', 70.50279877148569, 0),
                                                                       ('ab0941e7-3a32-4600-8614-1df06c269a7e', 17.4324611434713, 1),
                                                                       ('ab0941e7-3a32-4600-8614-1df06c269a7e', 75.82345681730658, 2),
                                                                       ('ab0941e7-3a32-4600-8614-1df06c269a7e', 5.186874279752374, 3),
                                                                       ('fbe3bc22-589e-44ca-bfae-418973501a54', 16.43873897846788, 0),
                                                                       ('fbe3bc22-589e-44ca-bfae-418973501a54', 16.31528581492603, 1),
                                                                       ('fbe3bc22-589e-44ca-bfae-418973501a54', 57.91826550848782, 2),
                                                                       ('fbe3bc22-589e-44ca-bfae-418973501a54', 84.30273097474128, 3),
                                                                       ('247a51af-d2a8-426c-9fde-567cdf66af70', 70.9834696026519, 0),
                                                                       ('247a51af-d2a8-426c-9fde-567cdf66af70', 32.01242161449045, 1),
                                                                       ('247a51af-d2a8-426c-9fde-567cdf66af70', 80.7104631094262, 2),
                                                                       ('247a51af-d2a8-426c-9fde-567cdf66af70', 68.21601593401283, 3),
                                                                       ('884d9388-4e2a-44a5-865e-05a2b99f0be3', 45.66149821039289, 0),
                                                                       ('884d9388-4e2a-44a5-865e-05a2b99f0be3', 80.41665814816952, 1),
                                                                       ('884d9388-4e2a-44a5-865e-05a2b99f0be3', 85.61691141221672, 2),
                                                                       ('884d9388-4e2a-44a5-865e-05a2b99f0be3', 96.5261832345277, 3),
                                                                       ('18d0287e-3677-46fd-85ef-b06aa7d8a9a0', 17.37481311429292, 0),
                                                                       ('18d0287e-3677-46fd-85ef-b06aa7d8a9a0', 74.43483308888972, 1),
                                                                       ('18d0287e-3677-46fd-85ef-b06aa7d8a9a0', 3.812657459639013, 2),
                                                                       ('18d0287e-3677-46fd-85ef-b06aa7d8a9a0', 4.480086686089635, 3),
                                                                       ('e8c3af83-6377-4e9c-bfec-a629a8dcb25b', 69.51506938785315, 0),
                                                                       ('e8c3af83-6377-4e9c-bfec-a629a8dcb25b', 87.68773868214339, 1),
                                                                       ('e8c3af83-6377-4e9c-bfec-a629a8dcb25b', 90.3509302996099, 2),
                                                                       ('e8c3af83-6377-4e9c-bfec-a629a8dcb25b', 6.0201829532161355, 3),
                                                                       ('df0a1745-7a39-46e9-a392-d0980a0a4fc7', 6.533828633837402, 0),
                                                                       ('df0a1745-7a39-46e9-a392-d0980a0a4fc7', 73.86888233013451, 1),
                                                                       ('df0a1745-7a39-46e9-a392-d0980a0a4fc7', 37.024883879348636, 2),
                                                                       ('df0a1745-7a39-46e9-a392-d0980a0a4fc7', 11.517942720092833, 3),
                                                                       ('e982ff88-abc4-43b9-8bec-5ec250f1f763', 62.289755628444254, 0),
                                                                       ('e982ff88-abc4-43b9-8bec-5ec250f1f763', 41.616944246925414, 1),
                                                                       ('e982ff88-abc4-43b9-8bec-5ec250f1f763', 6.886731367558241, 2),
                                                                       ('e982ff88-abc4-43b9-8bec-5ec250f1f763', 42.03218326438218, 3),
                                                                       ('e9f40e93-65b6-416a-af05-1d487219e50c', 8.26504067517817, 0),
                                                                       ('e9f40e93-65b6-416a-af05-1d487219e50c', 54.38430497888476, 1),
                                                                       ('e9f40e93-65b6-416a-af05-1d487219e50c', 79.64846766553819, 2),
                                                                       ('e9f40e93-65b6-416a-af05-1d487219e50c', 14.00047386996448, 3),
                                                                       ('7949d476-e901-46ed-a1d8-3fc1cb6c02cd', 46.1570494575426, 0),
                                                                       ('7949d476-e901-46ed-a1d8-3fc1cb6c02cd', 65.18215232063085, 1),
                                                                       ('7949d476-e901-46ed-a1d8-3fc1cb6c02cd', 45.94915772322565, 2),
                                                                       ('7949d476-e901-46ed-a1d8-3fc1cb6c02cd', 3.0441354494541883, 3),
                                                                       ('adf018a5-ccf7-4f84-8978-e94cfb2febe8', 55.04702292382717, 0),
                                                                       ('adf018a5-ccf7-4f84-8978-e94cfb2febe8', 13.668752065859735, 1),
                                                                       ('adf018a5-ccf7-4f84-8978-e94cfb2febe8', 61.2542913062498, 2),
                                                                       ('adf018a5-ccf7-4f84-8978-e94cfb2febe8', 33.044678438454866, 3),
                                                                       ('9eb7f821-ce22-47e1-8a91-ab4432f9b8f8', 18.129458464682102, 0),
                                                                       ('9eb7f821-ce22-47e1-8a91-ab4432f9b8f8', 27.08876442629844, 1),
                                                                       ('9eb7f821-ce22-47e1-8a91-ab4432f9b8f8', 20.072485599666834, 2),
                                                                       ('9eb7f821-ce22-47e1-8a91-ab4432f9b8f8', 97.99866233952343, 3),
                                                                       ('3e940294-404f-4db1-85b5-429f2427576c', 72.23038235679269, 0),
                                                                       ('3e940294-404f-4db1-85b5-429f2427576c', 98.93616910558194, 1),
                                                                       ('3e940294-404f-4db1-85b5-429f2427576c', 96.07029731851071, 2),
                                                                       ('3e940294-404f-4db1-85b5-429f2427576c', 61.475566984154284, 3),
                                                                       ('ac7ef868-dea2-4249-aa11-72551badc7ee', 51.40011503826827, 0),
                                                                       ('ac7ef868-dea2-4249-aa11-72551badc7ee', 77.14371392503381, 1),
                                                                       ('ac7ef868-dea2-4249-aa11-72551badc7ee', 80.51125549245626, 2),
                                                                       ('ac7ef868-dea2-4249-aa11-72551badc7ee', 11.519920243881643, 3),
                                                                       ('b2cf99b3-5c0b-423a-a854-20150fcadd56', 35.420608217827976, 0),
                                                                       ('b2cf99b3-5c0b-423a-a854-20150fcadd56', 91.85390307102352, 1),
                                                                       ('b2cf99b3-5c0b-423a-a854-20150fcadd56', 29.573897877708077, 2),
                                                                       ('b2cf99b3-5c0b-423a-a854-20150fcadd56', 5.310721974819899, 3),
                                                                       ('e616df0e-d575-47dd-8bd2-fb8215d84128', 29.558627121150494, 0),
                                                                       ('e616df0e-d575-47dd-8bd2-fb8215d84128', 11.327379778958857, 1),
                                                                       ('e616df0e-d575-47dd-8bd2-fb8215d84128', 37.95546214096248, 2),
                                                                       ('e616df0e-d575-47dd-8bd2-fb8215d84128', 54.402796691283584, 3),
                                                                       ('4f652b91-0e70-4eff-906b-978fcb14e7d8', 86.97342600207776, 0),
                                                                       ('4f652b91-0e70-4eff-906b-978fcb14e7d8', 85.38036537356675, 1),
                                                                       ('4f652b91-0e70-4eff-906b-978fcb14e7d8', 40.78506496734917, 2),
                                                                       ('4f652b91-0e70-4eff-906b-978fcb14e7d8', 23.12023809645325, 3),
                                                                       ('02ff9513-bdd4-48f1-9390-8f87e2c8bfdd', 62.541244202293456, 0),
                                                                       ('02ff9513-bdd4-48f1-9390-8f87e2c8bfdd', 55.45013376977295, 1),
                                                                       ('02ff9513-bdd4-48f1-9390-8f87e2c8bfdd', 31.986034009605646, 2),
                                                                       ('02ff9513-bdd4-48f1-9390-8f87e2c8bfdd', 89.61810015607625, 3),
                                                                       ('467382ca-0906-4a50-a715-ca51c5f175a7', 69.74524520337582, 0),
                                                                       ('467382ca-0906-4a50-a715-ca51c5f175a7', 79.09610725473613, 1),
                                                                       ('467382ca-0906-4a50-a715-ca51c5f175a7', 29.895106912590563, 2),
                                                                       ('467382ca-0906-4a50-a715-ca51c5f175a7', 61.041171196848154, 3),
                                                                       ('5da07424-2ca1-4ec9-8ba0-bd18f7e86ef9', 29.950266145169735, 0),
                                                                       ('5da07424-2ca1-4ec9-8ba0-bd18f7e86ef9', 67.32777960132807, 1),
                                                                       ('5da07424-2ca1-4ec9-8ba0-bd18f7e86ef9', 84.33891255408525, 2),
                                                                       ('5da07424-2ca1-4ec9-8ba0-bd18f7e86ef9', 92.38463703077286, 3),
                                                                       ('f0b025c2-e615-4057-bcb2-577f5347eaeb', 96.99823972769082, 0),
                                                                       ('f0b025c2-e615-4057-bcb2-577f5347eaeb', 0.5262402351945639, 1),
                                                                       ('f0b025c2-e615-4057-bcb2-577f5347eaeb', 41.05192611459643, 2),
                                                                       ('f0b025c2-e615-4057-bcb2-577f5347eaeb', 91.79830325301737, 3),
                                                                       ('7c73a144-9e8a-492c-a3cc-7991671a9273', 42.96222331468016, 0),
                                                                       ('7c73a144-9e8a-492c-a3cc-7991671a9273', 75.09254307951778, 1),
                                                                       ('7c73a144-9e8a-492c-a3cc-7991671a9273', 24.037814373150468, 2),
                                                                       ('7c73a144-9e8a-492c-a3cc-7991671a9273', 42.26670793723315, 3),
                                                                       ('e566409d-f932-4444-b2da-c4f9b7d3b23f', 4.239859874360263, 0),
                                                                       ('e566409d-f932-4444-b2da-c4f9b7d3b23f', 81.13114095758647, 1),
                                                                       ('e566409d-f932-4444-b2da-c4f9b7d3b23f', 31.544014532119036, 2),
                                                                       ('e566409d-f932-4444-b2da-c4f9b7d3b23f', 8.909834316000342, 3),
                                                                       ('16dfc610-100c-419d-b8e0-ca3bc24d3ef4', 7.823241408914328, 0),
                                                                       ('16dfc610-100c-419d-b8e0-ca3bc24d3ef4', 90.61620763968676, 1),
                                                                       ('16dfc610-100c-419d-b8e0-ca3bc24d3ef4', 47.57339234929532, 2),
                                                                       ('16dfc610-100c-419d-b8e0-ca3bc24d3ef4', 94.36326187569648, 3),
                                                                       ('32665fc9-d563-42fd-9b17-505716c38aba', 53.83171995636076, 0),
                                                                       ('32665fc9-d563-42fd-9b17-505716c38aba', 6.994080520235002, 1),
                                                                       ('32665fc9-d563-42fd-9b17-505716c38aba', 22.434148262254894, 2),
                                                                       ('32665fc9-d563-42fd-9b17-505716c38aba', 90.80748562701046, 3),
                                                                       ('70a38107-1282-4fa3-a688-2825a4b37c94', 56.090161856263876, 0),
                                                                       ('70a38107-1282-4fa3-a688-2825a4b37c94', 37.741239252500236, 1),
                                                                       ('70a38107-1282-4fa3-a688-2825a4b37c94', 4.5421118615195155, 2),
                                                                       ('70a38107-1282-4fa3-a688-2825a4b37c94', 70.46094418037683, 3);





create table route_stations
(
    route_id       varchar(36)  not null,
    stations       varchar(255) null,
    stations_order int          not null,
    primary key (route_id, stations_order)
)
        engine = InnoDB;
INSERT INTO route_stations (route_id, stations, stations_order) VALUES
                                                                    ('754e6770-df04-48d7-bb51-28cde2c012e7', 'riverton', 0),
                                                                    ('754e6770-df04-48d7-bb51-28cde2c012e7', 'westnorene', 1),
                                                                    ('754e6770-df04-48d7-bb51-28cde2c012e7', 'fayworth', 2),
                                                                    ('754e6770-df04-48d7-bb51-28cde2c012e7', 'schenectady', 3),
                                                                    ('1e42f08a-1ce3-453d-8a2e-214c5fdd1d28', 'lakekenya', 0),
                                                                    ('1e42f08a-1ce3-453d-8a2e-214c5fdd1d28', 'kayabury', 1),
                                                                    ('1e42f08a-1ce3-453d-8a2e-214c5fdd1d28', 'kshlerinboro', 2),
                                                                    ('1e42f08a-1ce3-453d-8a2e-214c5fdd1d28', 'schowalterfurt', 3),
                                                                    ('d66d23e9-cf43-454b-870b-bb8c501ae007', 'westkristina', 0),
                                                                    ('d66d23e9-cf43-454b-870b-bb8c501ae007', 'westnorene', 1),
                                                                    ('d66d23e9-cf43-454b-870b-bb8c501ae007', 'ziemestad', 2),
                                                                    ('d66d23e9-cf43-454b-870b-bb8c501ae007', 'eastjosianeboro', 3),
                                                                    ('1dee3ec5-508c-4843-8df5-9c3b237b83fc', 'mireyatown', 0),
                                                                    ('1dee3ec5-508c-4843-8df5-9c3b237b83fc', 'westleonelside', 1),
                                                                    ('1dee3ec5-508c-4843-8df5-9c3b237b83fc', 'northrussel', 2),
                                                                    ('1dee3ec5-508c-4843-8df5-9c3b237b83fc', 'newhavenboro', 3),
                                                                    ('6652df36-0013-455e-97d8-6b941dadc6f6', 'careyland', 0),
                                                                    ('6652df36-0013-455e-97d8-6b941dadc6f6', 'schaeferland', 1),
                                                                    ('6652df36-0013-455e-97d8-6b941dadc6f6', 'lakenicolettefield', 2),
                                                                    ('6652df36-0013-455e-97d8-6b941dadc6f6', 'osinskiville', 3),
                                                                    ('35c8b38d-1f53-4fa8-aff5-6db7ff832acf', 'watersberg', 0),
                                                                    ('35c8b38d-1f53-4fa8-aff5-6db7ff832acf', 'fortkurt', 1),
                                                                    ('35c8b38d-1f53-4fa8-aff5-6db7ff832acf', 'southlindsey', 2),
                                                                    ('35c8b38d-1f53-4fa8-aff5-6db7ff832acf', 'waterston', 3),
                                                                    ('29a2d23f-dddc-4ed4-83b1-b21f925b6143', 'newalbertboro', 0),
                                                                    ('29a2d23f-dddc-4ed4-83b1-b21f925b6143', 'fortfavian', 1),
                                                                    ('29a2d23f-dddc-4ed4-83b1-b21f925b6143', 'westnorene', 2),
                                                                    ('29a2d23f-dddc-4ed4-83b1-b21f925b6143', 'whiteshire', 3),
                                                                    ('070e452c-16ac-46e8-9ef6-4e4c154f5028', 'northwilla', 0),
                                                                    ('070e452c-16ac-46e8-9ef6-4e4c154f5028', 'rodriguezmouth', 1),
                                                                    ('070e452c-16ac-46e8-9ef6-4e4c154f5028', 'ziemestad', 2),
                                                                    ('070e452c-16ac-46e8-9ef6-4e4c154f5028', 'salem', 3),
                                                                    ('3de325b3-b560-464c-978e-5aa9a1250c64', 'weststephanieburgh', 0),
                                                                    ('3de325b3-b560-464c-978e-5aa9a1250c64', 'schaeferland', 1),
                                                                    ('3de325b3-b560-464c-978e-5aa9a1250c64', 'hilllville', 2),
                                                                    ('3de325b3-b560-464c-978e-5aa9a1250c64', 'stammtown', 3),
                                                                    ('dc2b5222-347c-4919-9075-95120cd8193a', 'bergnaumton', 0),
                                                                    ('dc2b5222-347c-4919-9075-95120cd8193a', 'eastgregoria', 1),
                                                                    ('dc2b5222-347c-4919-9075-95120cd8193a', 'santaclarita', 2),
                                                                    ('dc2b5222-347c-4919-9075-95120cd8193a', 'portjazmynworth', 3),
                                                                    ('8ed2cdd9-c062-43a3-804c-012eecd23cd8', 'bertramfield', 0),
                                                                    ('8ed2cdd9-c062-43a3-804c-012eecd23cd8', 'westnorene', 1),
                                                                    ('8ed2cdd9-c062-43a3-804c-012eecd23cd8', 'southdallinworth', 2),
                                                                    ('8ed2cdd9-c062-43a3-804c-012eecd23cd8', 'redmond', 3),
                                                                    ('03f7f60f-c482-487e-97df-66ec00a8e927', 'frederiquehaven', 0),
                                                                    ('03f7f60f-c482-487e-97df-66ec00a8e927', 'westnorene', 1),
                                                                    ('03f7f60f-c482-487e-97df-66ec00a8e927', 'newdorian', 2),
                                                                    ('03f7f60f-c482-487e-97df-66ec00a8e927', 'metairie', 3),
                                                                    ('c43a8a32-e3d1-46f8-aa01-f95e8089f548', 'osvaldofurt', 0),
                                                                    ('c43a8a32-e3d1-46f8-aa01-f95e8089f548', 'southkhalid', 1),
                                                                    ('c43a8a32-e3d1-46f8-aa01-f95e8089f548', 'lakefatimaland', 2),
                                                                    ('c43a8a32-e3d1-46f8-aa01-f95e8089f548', 'westkareemfield', 3),
                                                                    ('cc282fd9-1a61-4301-b054-7cc8cf797533', 'zemlakport', 0),
                                                                    ('cc282fd9-1a61-4301-b054-7cc8cf797533', 'schaeferland', 1),
                                                                    ('cc282fd9-1a61-4301-b054-7cc8cf797533', 'southdallinworth', 2),
                                                                    ('cc282fd9-1a61-4301-b054-7cc8cf797533', 'lakechris', 3),
                                                                    ('55c7f5c7-17b8-46be-9d72-7b0bf3f78e48', 'kassulkefield', 0),
                                                                    ('55c7f5c7-17b8-46be-9d72-7b0bf3f78e48', 'missoula', 1),
                                                                    ('55c7f5c7-17b8-46be-9d72-7b0bf3f78e48', 'portsharon', 2),
                                                                    ('55c7f5c7-17b8-46be-9d72-7b0bf3f78e48', 'olsonburgh', 3),
                                                                    ('52e46fc2-c73a-4b4f-9ef8-27bffdf6c516', 'portbeth', 0),
                                                                    ('52e46fc2-c73a-4b4f-9ef8-27bffdf6c516', 'newfreida', 1),
                                                                    ('52e46fc2-c73a-4b4f-9ef8-27bffdf6c516', 'smithamland', 2),
                                                                    ('52e46fc2-c73a-4b4f-9ef8-27bffdf6c516', 'northcassiestad', 3),
                                                                    ('a1f3629d-7534-44c1-81c7-65899811caef', 'northdereck', 0),
                                                                    ('a1f3629d-7534-44c1-81c7-65899811caef', 'westlisette', 1),
                                                                    ('a1f3629d-7534-44c1-81c7-65899811caef', 'gardengrove', 2),
                                                                    ('a1f3629d-7534-44c1-81c7-65899811caef', 'southaimeecester', 3),
                                                                    ('8cbf409a-644e-4fac-8eb9-1b19718a6bfe', 'hahnland', 0),
                                                                    ('8cbf409a-644e-4fac-8eb9-1b19718a6bfe', 'smithamland', 1),
                                                                    ('8cbf409a-644e-4fac-8eb9-1b19718a6bfe', 'smithamland', 2),
                                                                    ('8cbf409a-644e-4fac-8eb9-1b19718a6bfe', 'patsyfort', 3),
                                                                    ('3583ebf2-fa66-4857-a465-b80c3a4b92ec', 'newverniecester', 0),
                                                                    ('3583ebf2-fa66-4857-a465-b80c3a4b92ec', 'lowell', 1),
                                                                    ('3583ebf2-fa66-4857-a465-b80c3a4b92ec', 'clementside', 2),
                                                                    ('3583ebf2-fa66-4857-a465-b80c3a4b92ec', 'gaithersburg', 3),
                                                                    ('2796803f-fee4-40f9-9c13-135b306e5804', 'westmistyville', 0),
                                                                    ('2796803f-fee4-40f9-9c13-135b306e5804', 'northrussel', 1),
                                                                    ('2796803f-fee4-40f9-9c13-135b306e5804', 'arvelbury', 2),
                                                                    ('2796803f-fee4-40f9-9c13-135b306e5804', 'morarchester', 3),
                                                                    ('1d32feaf-28ec-473e-96d4-b29231178c6a', 'lehnerport', 0),
                                                                    ('1d32feaf-28ec-473e-96d4-b29231178c6a', 'fayworth', 1),
                                                                    ('1d32feaf-28ec-473e-96d4-b29231178c6a', 'northalanna', 2),
                                                                    ('1d32feaf-28ec-473e-96d4-b29231178c6a', 'lakeaisha', 3),
                                                                    ('af09b8d6-2005-4bb3-893c-9eaa05d7ad2e', 'lakeoralburgh', 0),
                                                                    ('af09b8d6-2005-4bb3-893c-9eaa05d7ad2e', 'portsharon', 1),
                                                                    ('af09b8d6-2005-4bb3-893c-9eaa05d7ad2e', 'porttrever', 2),
                                                                    ('af09b8d6-2005-4bb3-893c-9eaa05d7ad2e', 'odacester', 3),
                                                                    ('7ee4a46d-d472-4aef-957e-ddc69c474e4a', 'eastmarcelino', 0),
                                                                    ('7ee4a46d-d472-4aef-957e-ddc69c474e4a', 'jamesoncester', 1),
                                                                    ('7ee4a46d-d472-4aef-957e-ddc69c474e4a', 'westlisette', 2),
                                                                    ('7ee4a46d-d472-4aef-957e-ddc69c474e4a', 'southjaqueline', 3),
                                                                    ('355d1190-07cf-4f36-a69b-e974eefaae6d', 'novaboro', 0),
                                                                    ('355d1190-07cf-4f36-a69b-e974eefaae6d', 'westmaximillia', 1),
                                                                    ('355d1190-07cf-4f36-a69b-e974eefaae6d', 'fortneva', 2),
                                                                    ('355d1190-07cf-4f36-a69b-e974eefaae6d', 'olathe', 3),
                                                                    ('6550a817-cae1-4781-9e60-50b768a3342e', 'kayleeside', 0),
                                                                    ('6550a817-cae1-4781-9e60-50b768a3342e', 'gardengrove', 1),
                                                                    ('6550a817-cae1-4781-9e60-50b768a3342e', 'ryleighfort', 2),
                                                                    ('6550a817-cae1-4781-9e60-50b768a3342e', 'jenifershire', 3),
                                                                    ('708d238d-b78c-442f-b6e4-9a8a372bc8ea', 'westvincentberg', 0),
                                                                    ('708d238d-b78c-442f-b6e4-9a8a372bc8ea', 'ryleighfort', 1),
                                                                    ('708d238d-b78c-442f-b6e4-9a8a372bc8ea', 'westleonelside', 2),
                                                                    ('708d238d-b78c-442f-b6e4-9a8a372bc8ea', 'rapidcity', 3),
                                                                    ('a64802f9-a065-4685-af82-54d513081cf7', 'neweunice', 0),
                                                                    ('a64802f9-a065-4685-af82-54d513081cf7', 'harlingen', 1),
                                                                    ('a64802f9-a065-4685-af82-54d513081cf7', 'southlindsey', 2),
                                                                    ('a64802f9-a065-4685-af82-54d513081cf7', 'patrickboro', 3),
                                                                    ('c97ea664-60b8-4fb9-965b-fba00a9e9c3f', 'northtrinityborough', 0),
                                                                    ('c97ea664-60b8-4fb9-965b-fba00a9e9c3f', 'southbettiefort', 1),
                                                                    ('c97ea664-60b8-4fb9-965b-fba00a9e9c3f', 'goldabury', 2),
                                                                    ('c97ea664-60b8-4fb9-965b-fba00a9e9c3f', 'fortbobbyburgh', 3),
                                                                    ('330db1e9-e6ef-49dc-94b7-1634686b8eac', 'northrosendoborough', 0),
                                                                    ('330db1e9-e6ef-49dc-94b7-1634686b8eac', 'eastdayton', 1),
                                                                    ('330db1e9-e6ef-49dc-94b7-1634686b8eac', 'lakenicolettefield', 2),
                                                                    ('330db1e9-e6ef-49dc-94b7-1634686b8eac', 'northivorycester', 3),
                                                                    ('502655b9-221c-4e69-956e-23c0dc6c6bd9', 'lakejohnathonborough', 0),
                                                                    ('502655b9-221c-4e69-956e-23c0dc6c6bd9', 'luellabury', 1),
                                                                    ('502655b9-221c-4e69-956e-23c0dc6c6bd9', 'harlingen', 2),
                                                                    ('502655b9-221c-4e69-956e-23c0dc6c6bd9', 'mullerfield', 3),
                                                                    ('2c2c4d70-fc1f-40a0-82fb-90f32d92737f', 'binsberg', 0),
                                                                    ('2c2c4d70-fc1f-40a0-82fb-90f32d92737f', 'laceyboro', 1),
                                                                    ('2c2c4d70-fc1f-40a0-82fb-90f32d92737f', 'eastimeldastead', 2),
                                                                    ('2c2c4d70-fc1f-40a0-82fb-90f32d92737f', 'vadaport', 3),
                                                                    ('9f3938e8-06c1-456a-96eb-9a2f84ed5426', 'eastmarjolaine', 0),
                                                                    ('9f3938e8-06c1-456a-96eb-9a2f84ed5426', 'arvelbury', 1),
                                                                    ('9f3938e8-06c1-456a-96eb-9a2f84ed5426', 'lowell', 2),
                                                                    ('9f3938e8-06c1-456a-96eb-9a2f84ed5426', 'turlock', 3),
                                                                    ('6be49800-f9cc-4e73-8c2e-895dfc122b59', 'reston', 0),
                                                                    ('6be49800-f9cc-4e73-8c2e-895dfc122b59', 'portsabrynaton', 1),
                                                                    ('6be49800-f9cc-4e73-8c2e-895dfc122b59', 'melisatown', 2),
                                                                    ('6be49800-f9cc-4e73-8c2e-895dfc122b59', 'drakeborough', 3),
                                                                    ('d045c6ae-ecd8-4082-92b7-988ace281480', 'burbank', 0),
                                                                    ('d045c6ae-ecd8-4082-92b7-988ace281480', 'lakeshannon', 1),
                                                                    ('d045c6ae-ecd8-4082-92b7-988ace281480', 'kayabury', 2),
                                                                    ('d045c6ae-ecd8-4082-92b7-988ace281480', 'kertzmannshire', 3),
                                                                    ('de6e6dbf-32e0-4cd9-959e-acefbb6fced5', 'rockford', 0),
                                                                    ('de6e6dbf-32e0-4cd9-959e-acefbb6fced5', 'treutelborough', 1),
                                                                    ('de6e6dbf-32e0-4cd9-959e-acefbb6fced5', 'westfoster', 2),
                                                                    ('de6e6dbf-32e0-4cd9-959e-acefbb6fced5', 'milpitas', 3),
                                                                    ('006f32e7-c346-4f2e-9670-1151df0482eb', 'faheyburgh', 0),
                                                                    ('006f32e7-c346-4f2e-9670-1151df0482eb', 'southdallinworth', 1),
                                                                    ('006f32e7-c346-4f2e-9670-1151df0482eb', 'hilllville', 2),
                                                                    ('006f32e7-c346-4f2e-9670-1151df0482eb', 'portmireyabury', 3),
                                                                    ('992ebaa1-8980-4c22-b83c-4f5359f7756d', 'braunmouth', 0),
                                                                    ('992ebaa1-8980-4c22-b83c-4f5359f7756d', 'eastzolaville', 1),
                                                                    ('992ebaa1-8980-4c22-b83c-4f5359f7756d', 'melisatown', 2),
                                                                    ('992ebaa1-8980-4c22-b83c-4f5359f7756d', 'octaviaburgh', 3),
                                                                    ('dc109436-1120-47a1-9e48-b2b0d23e493b', 'spinkatown', 0),
                                                                    ('dc109436-1120-47a1-9e48-b2b0d23e493b', 'eastlaynebury', 1),
                                                                    ('dc109436-1120-47a1-9e48-b2b0d23e493b', 'newdorian', 2),
                                                                    ('dc109436-1120-47a1-9e48-b2b0d23e493b', 'marksside', 3),
                                                                    ('2b23948b-eb26-4de9-94c5-d594f9a5b7b5', 'westrafaelview', 0),
                                                                    ('2b23948b-eb26-4de9-94c5-d594f9a5b7b5', 'lakedanny', 1),
                                                                    ('2b23948b-eb26-4de9-94c5-d594f9a5b7b5', 'bernardchester', 2),
                                                                    ('2b23948b-eb26-4de9-94c5-d594f9a5b7b5', 'lakezula', 3),
                                                                    ('613498f1-4dd3-4bd4-b3f7-7ce44e47e6d7', 'brockton', 0),
                                                                    ('613498f1-4dd3-4bd4-b3f7-7ce44e47e6d7', 'portrahulburgh', 1),
                                                                    ('613498f1-4dd3-4bd4-b3f7-7ce44e47e6d7', 'eastimeldastead', 2),
                                                                    ('613498f1-4dd3-4bd4-b3f7-7ce44e47e6d7', 'westjaclyn', 3),
                                                                    ('07d6aefb-10eb-49ac-8f99-5a1fb0633c70', 'faheyborough', 0),
                                                                    ('07d6aefb-10eb-49ac-8f99-5a1fb0633c70', 'hermanhaven', 1),
                                                                    ('07d6aefb-10eb-49ac-8f99-5a1fb0633c70', 'newdorian', 2),
                                                                    ('07d6aefb-10eb-49ac-8f99-5a1fb0633c70', 'aniyaland', 3),
                                                                    ('6e128823-04b1-48c8-bbb1-67f18baf09c8', 'newbobbiestad', 0),
                                                                    ('6e128823-04b1-48c8-bbb1-67f18baf09c8', 'sengerton', 1),
                                                                    ('6e128823-04b1-48c8-bbb1-67f18baf09c8', 'santaclarita', 2),
                                                                    ('6e128823-04b1-48c8-bbb1-67f18baf09c8', 'hawthorne', 3),
                                                                    ('c36d148a-1dd6-48c9-98e9-196f8f8dbd82', 'southlynnbury', 0),
                                                                    ('c36d148a-1dd6-48c9-98e9-196f8f8dbd82', 'arvelbury', 1),
                                                                    ('c36d148a-1dd6-48c9-98e9-196f8f8dbd82', 'eastsavanah', 2),
                                                                    ('c36d148a-1dd6-48c9-98e9-196f8f8dbd82', 'bergefield', 3),
                                                                    ('154e958d-9541-47d8-9ac6-c4e1b31d3511', 'northlouisaborough', 0),
                                                                    ('154e958d-9541-47d8-9ac6-c4e1b31d3511', 'karliechester', 1),
                                                                    ('154e958d-9541-47d8-9ac6-c4e1b31d3511', 'southbettiefort', 2),
                                                                    ('154e958d-9541-47d8-9ac6-c4e1b31d3511', 'northbrandonville', 3),
                                                                    ('600f595c-7585-4b04-8316-5d59a18ec205', 'northyvonne', 0),
                                                                    ('600f595c-7585-4b04-8316-5d59a18ec205', 'atlanta', 1),
                                                                    ('600f595c-7585-4b04-8316-5d59a18ec205', 'westfoster', 2),
                                                                    ('600f595c-7585-4b04-8316-5d59a18ec205', 'westmafaldaville', 3),
                                                                    ('1abdb2ea-2e69-45cf-9c78-e1cb6ef97d73', 'newnia', 0),
                                                                    ('1abdb2ea-2e69-45cf-9c78-e1cb6ef97d73', 'laceyboro', 1),
                                                                    ('1abdb2ea-2e69-45cf-9c78-e1cb6ef97d73', 'jaidaworth', 2),
                                                                    ('1abdb2ea-2e69-45cf-9c78-e1cb6ef97d73', 'portearl', 3),
                                                                    ('f7d6305f-0adf-4849-a119-956c16b05f01', 'lakecarissa', 0),
                                                                    ('f7d6305f-0adf-4849-a119-956c16b05f01', 'smithamland', 1),
                                                                    ('f7d6305f-0adf-4849-a119-956c16b05f01', 'toneyburgh', 2),
                                                                    ('f7d6305f-0adf-4849-a119-956c16b05f01', 'northlennyfield', 3),
                                                                    ('52db17ee-761f-4f7e-ab54-4272799aab4e', 'siouxfalls', 0),
                                                                    ('52db17ee-761f-4f7e-ab54-4272799aab4e', 'porttrever', 1),
                                                                    ('52db17ee-761f-4f7e-ab54-4272799aab4e', 'treutelborough', 2),
                                                                    ('52db17ee-761f-4f7e-ab54-4272799aab4e', 'heloisestad', 3),
                                                                    ('19924903-8b1f-4dd6-8eff-2fedc258b257', 'eastsagechester', 0),
                                                                    ('19924903-8b1f-4dd6-8eff-2fedc258b257', 'karliechester', 1),
                                                                    ('19924903-8b1f-4dd6-8eff-2fedc258b257', 'karliechester', 2),
                                                                    ('19924903-8b1f-4dd6-8eff-2fedc258b257', 'whittier', 3),
                                                                    ('e4fa2d6c-9149-4936-8752-23cb67ed7d78', 'lakemisty', 0),
                                                                    ('e4fa2d6c-9149-4936-8752-23cb67ed7d78', 'eastimeldastead', 1),
                                                                    ('e4fa2d6c-9149-4936-8752-23cb67ed7d78', 'southcourtney', 2),
                                                                    ('e4fa2d6c-9149-4936-8752-23cb67ed7d78', 'greensboro', 3),
                                                                    ('81472c2c-89ce-4dcd-b501-ef2541d8d88d', 'willisborough', 0),
                                                                    ('81472c2c-89ce-4dcd-b501-ef2541d8d88d', 'fortfavian', 1),
                                                                    ('81472c2c-89ce-4dcd-b501-ef2541d8d88d', 'porttrever', 2),
                                                                    ('81472c2c-89ce-4dcd-b501-ef2541d8d88d', 'juliuston', 3),
                                                                    ('d548a7ef-e622-4f69-a6ef-a9b8df9df193', 'brokenarrow', 0),
                                                                    ('d548a7ef-e622-4f69-a6ef-a9b8df9df193', 'metzburgh', 1),
                                                                    ('d548a7ef-e622-4f69-a6ef-a9b8df9df193', 'westleonelside', 2),
                                                                    ('d548a7ef-e622-4f69-a6ef-a9b8df9df193', 'braunshire', 3),
                                                                    ('b7c9cd8c-274c-4101-b8a4-98a398ebd506', 'jazminfurt', 0),
                                                                    ('b7c9cd8c-274c-4101-b8a4-98a398ebd506', 'westlazaro', 1),
                                                                    ('b7c9cd8c-274c-4101-b8a4-98a398ebd506', 'southjosianneview', 2),
                                                                    ('b7c9cd8c-274c-4101-b8a4-98a398ebd506', 'sanford', 3),
                                                                    ('cfe36e65-8f0a-4cba-91a0-5bd67023b917', 'westelyse', 0),
                                                                    ('cfe36e65-8f0a-4cba-91a0-5bd67023b917', 'woodland', 1),
                                                                    ('cfe36e65-8f0a-4cba-91a0-5bd67023b917', 'schaeferstad', 2),
                                                                    ('cfe36e65-8f0a-4cba-91a0-5bd67023b917', 'fortroslynbury', 3),
                                                                    ('67470839-cdc6-4ef1-9b22-3de3f0a79b11', 'lakehavasucity', 0),
                                                                    ('67470839-cdc6-4ef1-9b22-3de3f0a79b11', 'westlisette', 1),
                                                                    ('67470839-cdc6-4ef1-9b22-3de3f0a79b11', 'placentia', 2),
                                                                    ('67470839-cdc6-4ef1-9b22-3de3f0a79b11', 'maciechester', 3),
                                                                    ('97742974-a724-4584-9183-97275e7fe6b6', 'northdomingo', 0),
                                                                    ('97742974-a724-4584-9183-97275e7fe6b6', 'eastdayton', 1),
                                                                    ('97742974-a724-4584-9183-97275e7fe6b6', 'eastzolaville', 2),
                                                                    ('97742974-a724-4584-9183-97275e7fe6b6', 'portevert', 3),
                                                                    ('53d5baaf-0ec0-41d4-abe0-cb2af8ab830c', 'eastgreg', 0),
                                                                    ('53d5baaf-0ec0-41d4-abe0-cb2af8ab830c', 'eastimeldastead', 1),
                                                                    ('53d5baaf-0ec0-41d4-abe0-cb2af8ab830c', 'metzburgh', 2),
                                                                    ('53d5baaf-0ec0-41d4-abe0-cb2af8ab830c', 'westlaury', 3),
                                                                    ('99013775-c8b3-404c-ae05-14dc5bdd7960', 'racine', 0),
                                                                    ('99013775-c8b3-404c-ae05-14dc5bdd7960', 'karliechester', 1),
                                                                    ('99013775-c8b3-404c-ae05-14dc5bdd7960', 'lacey', 2),
                                                                    ('99013775-c8b3-404c-ae05-14dc5bdd7960', 'ziemannworth', 3),
                                                                    ('b3e9b6c6-a230-4e37-bf5b-0c2e6cf95564', 'marcelinoside', 0),
                                                                    ('b3e9b6c6-a230-4e37-bf5b-0c2e6cf95564', 'turcotteburgh', 1),
                                                                    ('b3e9b6c6-a230-4e37-bf5b-0c2e6cf95564', 'portsharon', 2),
                                                                    ('b3e9b6c6-a230-4e37-bf5b-0c2e6cf95564', 'missionviejo', 3),
                                                                    ('47536bb9-91f3-4924-98fd-0ea2ae7323ba', 'lakemaynardfurt', 0),
                                                                    ('47536bb9-91f3-4924-98fd-0ea2ae7323ba', 'turcotteburgh', 1),
                                                                    ('47536bb9-91f3-4924-98fd-0ea2ae7323ba', 'kayabury', 2),
                                                                    ('47536bb9-91f3-4924-98fd-0ea2ae7323ba', 'schowalterborough', 3),
                                                                    ('56ef2a63-21f7-4e47-bb49-1f74d6c3dd2c', 'newsandyshire', 0),
                                                                    ('56ef2a63-21f7-4e47-bb49-1f74d6c3dd2c', 'schaeferstad', 1),
                                                                    ('56ef2a63-21f7-4e47-bb49-1f74d6c3dd2c', 'newmaximilianbury', 2),
                                                                    ('56ef2a63-21f7-4e47-bb49-1f74d6c3dd2c', 'juddhaven', 3),
                                                                    ('2574d1b0-20df-4dad-a782-2ddd1a2e4b9b', 'southsibyl', 0),
                                                                    ('2574d1b0-20df-4dad-a782-2ddd1a2e4b9b', 'southkhalid', 1),
                                                                    ('2574d1b0-20df-4dad-a782-2ddd1a2e4b9b', 'plainfield', 2),
                                                                    ('2574d1b0-20df-4dad-a782-2ddd1a2e4b9b', 'fortbridgetshire', 3),
                                                                    ('7fc3f7e3-6dc2-48b0-a42b-d4ffbd9ac16c', 'millscester', 0),
                                                                    ('7fc3f7e3-6dc2-48b0-a42b-d4ffbd9ac16c', 'ziemestad', 1),
                                                                    ('7fc3f7e3-6dc2-48b0-a42b-d4ffbd9ac16c', 'arvelbury', 2),
                                                                    ('7fc3f7e3-6dc2-48b0-a42b-d4ffbd9ac16c', 'fortcamryn', 3),
                                                                    ('04d62df6-467b-46a0-b13b-008ccd2f0c6d', 'guytown', 0),
                                                                    ('04d62df6-467b-46a0-b13b-008ccd2f0c6d', 'mylesfort', 1),
                                                                    ('04d62df6-467b-46a0-b13b-008ccd2f0c6d', 'fortfavian', 2),
                                                                    ('04d62df6-467b-46a0-b13b-008ccd2f0c6d', 'deerfieldbeach', 3),
                                                                    ('999f37c4-ce8a-4356-a4ad-40067e533c49', 'wymanmouth', 0),
                                                                    ('999f37c4-ce8a-4356-a4ad-40067e533c49', 'kayabury', 1),
                                                                    ('999f37c4-ce8a-4356-a4ad-40067e533c49', 'portsharon', 2),
                                                                    ('999f37c4-ce8a-4356-a4ad-40067e533c49', 'southvalley', 3),
                                                                    ('f50a44e8-256c-42ba-8eb0-96c78273c189', 'westaliza', 0),
                                                                    ('f50a44e8-256c-42ba-8eb0-96c78273c189', 'harlingen', 1),
                                                                    ('f50a44e8-256c-42ba-8eb0-96c78273c189', 'methuentown', 2),
                                                                    ('f50a44e8-256c-42ba-8eb0-96c78273c189', 'southburdetteberg', 3),
                                                                    ('90fd455b-e37b-4120-9171-81ed2ee5c718', 'portaugustabury', 0),
                                                                    ('90fd455b-e37b-4120-9171-81ed2ee5c718', 'southdallinworth', 1),
                                                                    ('90fd455b-e37b-4120-9171-81ed2ee5c718', 'criststad', 2),
                                                                    ('90fd455b-e37b-4120-9171-81ed2ee5c718', 'anchorage', 3),
                                                                    ('392901b7-c952-42fa-a364-6c082728ec06', 'maymieshire', 0),
                                                                    ('392901b7-c952-42fa-a364-6c082728ec06', 'southkhalid', 1),
                                                                    ('392901b7-c952-42fa-a364-6c082728ec06', 'goldabury', 2),
                                                                    ('392901b7-c952-42fa-a364-6c082728ec06', 'portjocelyncester', 3),
                                                                    ('733dd64a-5df2-4a3c-8a93-f62d4cb0d7e2', 'fabianmouth', 0),
                                                                    ('733dd64a-5df2-4a3c-8a93-f62d4cb0d7e2', 'luellabury', 1),
                                                                    ('733dd64a-5df2-4a3c-8a93-f62d4cb0d7e2', 'westfermin', 2),
                                                                    ('733dd64a-5df2-4a3c-8a93-f62d4cb0d7e2', 'asheville', 3),
                                                                    ('b9557ed1-c783-44d6-bf3f-f9c2a83930d7', 'emmanuellefield', 0),
                                                                    ('b9557ed1-c783-44d6-bf3f-f9c2a83930d7', 'newbianka', 1),
                                                                    ('b9557ed1-c783-44d6-bf3f-f9c2a83930d7', 'portdina', 2),
                                                                    ('b9557ed1-c783-44d6-bf3f-f9c2a83930d7', 'kalliecester', 3),
                                                                    ('198b61ca-3241-4af7-8905-e77dcb0337ee', 'rauburgh', 0),
                                                                    ('198b61ca-3241-4af7-8905-e77dcb0337ee', 'arvelbury', 1),
                                                                    ('198b61ca-3241-4af7-8905-e77dcb0337ee', 'newdorian', 2),
                                                                    ('198b61ca-3241-4af7-8905-e77dcb0337ee', 'osbornehaven', 3),
                                                                    ('41b6a1dd-ffdb-4caa-a6fa-ae7bfcfe0693', 'newamanda', 0),
                                                                    ('41b6a1dd-ffdb-4caa-a6fa-ae7bfcfe0693', 'turcotteburgh', 1),
                                                                    ('41b6a1dd-ffdb-4caa-a6fa-ae7bfcfe0693', 'westmicahburgh', 2),
                                                                    ('41b6a1dd-ffdb-4caa-a6fa-ae7bfcfe0693', 'elsieside', 3),
                                                                    ('901cc4f4-5cf0-4c30-bd0f-45238c579e86', 'southjayson', 0),
                                                                    ('901cc4f4-5cf0-4c30-bd0f-45238c579e86', 'sashastad', 1),
                                                                    ('901cc4f4-5cf0-4c30-bd0f-45238c579e86', 'eastimeldastead', 2),
                                                                    ('901cc4f4-5cf0-4c30-bd0f-45238c579e86', 'northjerroldcester', 3),
                                                                    ('44dfc5b4-1d60-476e-be1b-87d3928f8724', 'lakejaleel', 0),
                                                                    ('44dfc5b4-1d60-476e-be1b-87d3928f8724', 'westfoster', 1),
                                                                    ('44dfc5b4-1d60-476e-be1b-87d3928f8724', 'kshlerinboro', 2),
                                                                    ('44dfc5b4-1d60-476e-be1b-87d3928f8724', 'reichelburgh', 3),
                                                                    ('ab0941e7-3a32-4600-8614-1df06c269a7e', 'koreyberg', 0),
                                                                    ('ab0941e7-3a32-4600-8614-1df06c269a7e', 'ankeny', 1),
                                                                    ('ab0941e7-3a32-4600-8614-1df06c269a7e', 'madison', 2),
                                                                    ('ab0941e7-3a32-4600-8614-1df06c269a7e', 'hillltown', 3),
                                                                    ('fbe3bc22-589e-44ca-bfae-418973501a54', 'eastsheridanstad', 0),
                                                                    ('fbe3bc22-589e-44ca-bfae-418973501a54', 'hilllville', 1),
                                                                    ('fbe3bc22-589e-44ca-bfae-418973501a54', 'kuvalismouth', 2),
                                                                    ('fbe3bc22-589e-44ca-bfae-418973501a54', 'kobeborough', 3),
                                                                    ('247a51af-d2a8-426c-9fde-567cdf66af70', 'westbriana', 0),
                                                                    ('247a51af-d2a8-426c-9fde-567cdf66af70', 'woodland', 1),
                                                                    ('247a51af-d2a8-426c-9fde-567cdf66af70', 'narcisobury', 2),
                                                                    ('247a51af-d2a8-426c-9fde-567cdf66af70', 'moniqueworth', 3),
                                                                    ('884d9388-4e2a-44a5-865e-05a2b99f0be3', 'funkland', 0),
                                                                    ('884d9388-4e2a-44a5-865e-05a2b99f0be3', 'eastlaynebury', 1),
                                                                    ('884d9388-4e2a-44a5-865e-05a2b99f0be3', 'kuvalismouth', 2),
                                                                    ('884d9388-4e2a-44a5-865e-05a2b99f0be3', 'lakesalvador', 3),
                                                                    ('18d0287e-3677-46fd-85ef-b06aa7d8a9a0', 'azusa', 0),
                                                                    ('18d0287e-3677-46fd-85ef-b06aa7d8a9a0', 'eastdayton', 1),
                                                                    ('18d0287e-3677-46fd-85ef-b06aa7d8a9a0', 'rodriguezmouth', 2),
                                                                    ('18d0287e-3677-46fd-85ef-b06aa7d8a9a0', 'johnsonshire', 3),
                                                                    ('e8c3af83-6377-4e9c-bfec-a629a8dcb25b', 'zoemouth', 0),
                                                                    ('e8c3af83-6377-4e9c-bfec-a629a8dcb25b', 'schaeferstad', 1),
                                                                    ('e8c3af83-6377-4e9c-bfec-a629a8dcb25b', 'mylesfort', 2),
                                                                    ('e8c3af83-6377-4e9c-bfec-a629a8dcb25b', 'lamirada', 3),
                                                                    ('df0a1745-7a39-46e9-a392-d0980a0a4fc7', 'fortjamarcusfurt', 0),
                                                                    ('df0a1745-7a39-46e9-a392-d0980a0a4fc7', 'ziemestad', 1),
                                                                    ('df0a1745-7a39-46e9-a392-d0980a0a4fc7', 'eastdayton', 2),
                                                                    ('df0a1745-7a39-46e9-a392-d0980a0a4fc7', 'portfrances', 3),
                                                                    ('e982ff88-abc4-43b9-8bec-5ec250f1f763', 'cedarhill', 0),
                                                                    ('e982ff88-abc4-43b9-8bec-5ec250f1f763', 'sashastad', 1),
                                                                    ('e982ff88-abc4-43b9-8bec-5ec250f1f763', 'woodland', 2),
                                                                    ('e982ff88-abc4-43b9-8bec-5ec250f1f763', 'coreneberg', 3),
                                                                    ('e9f40e93-65b6-416a-af05-1d487219e50c', 'katrinehaven', 0),
                                                                    ('e9f40e93-65b6-416a-af05-1d487219e50c', 'porttiara', 1),
                                                                    ('e9f40e93-65b6-416a-af05-1d487219e50c', 'southdallinworth', 2),
                                                                    ('e9f40e93-65b6-416a-af05-1d487219e50c', 'swaniawskifield', 3),
                                                                    ('7949d476-e901-46ed-a1d8-3fc1cb6c02cd', 'beattyton', 0),
                                                                    ('7949d476-e901-46ed-a1d8-3fc1cb6c02cd', 'northrussel', 1),
                                                                    ('7949d476-e901-46ed-a1d8-3fc1cb6c02cd', 'madison', 2),
                                                                    ('7949d476-e901-46ed-a1d8-3fc1cb6c02cd', 'aloha', 3),
                                                                    ('adf018a5-ccf7-4f84-8978-e94cfb2febe8', 'mcglynntown', 0),
                                                                    ('adf018a5-ccf7-4f84-8978-e94cfb2febe8', 'schaeferstad', 1),
                                                                    ('adf018a5-ccf7-4f84-8978-e94cfb2febe8', 'smithamland', 2),
                                                                    ('adf018a5-ccf7-4f84-8978-e94cfb2febe8', 'strosinville', 3),
                                                                    ('9eb7f821-ce22-47e1-8a91-ab4432f9b8f8', 'christianacester', 0),
                                                                    ('9eb7f821-ce22-47e1-8a91-ab4432f9b8f8', 'conroytown', 1),
                                                                    ('9eb7f821-ce22-47e1-8a91-ab4432f9b8f8', 'turcotteburgh', 2),
                                                                    ('9eb7f821-ce22-47e1-8a91-ab4432f9b8f8', 'westhilmaburgh', 3),
                                                                    ('3e940294-404f-4db1-85b5-429f2427576c', 'highlandsranch', 0),
                                                                    ('3e940294-404f-4db1-85b5-429f2427576c', 'northalanna', 1),
                                                                    ('3e940294-404f-4db1-85b5-429f2427576c', 'newfreida', 2),
                                                                    ('3e940294-404f-4db1-85b5-429f2427576c', 'kirstenfort', 3),
                                                                    ('ac7ef868-dea2-4249-aa11-72551badc7ee', 'northmossieside', 0),
                                                                    ('ac7ef868-dea2-4249-aa11-72551badc7ee', 'lexington-fayette', 1),
                                                                    ('ac7ef868-dea2-4249-aa11-72551badc7ee', 'southdallinworth', 2),
                                                                    ('ac7ef868-dea2-4249-aa11-72551badc7ee', 'westkailey', 3),
                                                                    ('b2cf99b3-5c0b-423a-a854-20150fcadd56', 'angelland', 0),
                                                                    ('b2cf99b3-5c0b-423a-a854-20150fcadd56', 'criststad', 1),
                                                                    ('b2cf99b3-5c0b-423a-a854-20150fcadd56', 'missoula', 2),
                                                                    ('b2cf99b3-5c0b-423a-a854-20150fcadd56', 'binghamton', 3),
                                                                    ('e616df0e-d575-47dd-8bd2-fb8215d84128', 'fortellis', 0),
                                                                    ('e616df0e-d575-47dd-8bd2-fb8215d84128', 'toneyburgh', 1),
                                                                    ('e616df0e-d575-47dd-8bd2-fb8215d84128', 'criststad', 2),
                                                                    ('e616df0e-d575-47dd-8bd2-fb8215d84128', 'westniko', 3),
                                                                    ('4f652b91-0e70-4eff-906b-978fcb14e7d8', 'filomenaborough', 0),
                                                                    ('4f652b91-0e70-4eff-906b-978fcb14e7d8', 'sashastad', 1),
                                                                    ('4f652b91-0e70-4eff-906b-978fcb14e7d8', 'fortneva', 2),
                                                                    ('4f652b91-0e70-4eff-906b-978fcb14e7d8', 'portmarionport', 3),
                                                                    ('02ff9513-bdd4-48f1-9390-8f87e2c8bfdd', 'ames', 0),
                                                                    ('02ff9513-bdd4-48f1-9390-8f87e2c8bfdd', 'kayabury', 1),
                                                                    ('02ff9513-bdd4-48f1-9390-8f87e2c8bfdd', 'ziemestad', 2),
                                                                    ('02ff9513-bdd4-48f1-9390-8f87e2c8bfdd', 'southgregg', 3),
                                                                    ('467382ca-0906-4a50-a715-ca51c5f175a7', 'brennonport', 0),
                                                                    ('467382ca-0906-4a50-a715-ca51c5f175a7', 'eastsavanah', 1),
                                                                    ('467382ca-0906-4a50-a715-ca51c5f175a7', 'ankeny', 2),
                                                                    ('467382ca-0906-4a50-a715-ca51c5f175a7', 'burlington', 3),
                                                                    ('5da07424-2ca1-4ec9-8ba0-bd18f7e86ef9', 'westlupebury', 0),
                                                                    ('5da07424-2ca1-4ec9-8ba0-bd18f7e86ef9', 'fortkurt', 1),
                                                                    ('5da07424-2ca1-4ec9-8ba0-bd18f7e86ef9', 'jamesoncester', 2),
                                                                    ('5da07424-2ca1-4ec9-8ba0-bd18f7e86ef9', 'mckenziechester', 3),
                                                                    ('f0b025c2-e615-4057-bcb2-577f5347eaeb', 'newjohnathon', 0),
                                                                    ('f0b025c2-e615-4057-bcb2-577f5347eaeb', 'eastsavanah', 1),
                                                                    ('f0b025c2-e615-4057-bcb2-577f5347eaeb', 'kshlerinboro', 2),
                                                                    ('f0b025c2-e615-4057-bcb2-577f5347eaeb', 'newjaleeltown', 3),
                                                                    ('7c73a144-9e8a-492c-a3cc-7991671a9273', 'chulavista', 0),
                                                                    ('7c73a144-9e8a-492c-a3cc-7991671a9273', 'laceyboro', 1),
                                                                    ('7c73a144-9e8a-492c-a3cc-7991671a9273', 'sengerton', 2),
                                                                    ('7c73a144-9e8a-492c-a3cc-7991671a9273', 'northmaybelleport', 3),
                                                                    ('e566409d-f932-4444-b2da-c4f9b7d3b23f', 'newvada', 0),
                                                                    ('e566409d-f932-4444-b2da-c4f9b7d3b23f', 'lexington-fayette', 1),
                                                                    ('e566409d-f932-4444-b2da-c4f9b7d3b23f', 'karliechester', 2),
                                                                    ('e566409d-f932-4444-b2da-c4f9b7d3b23f', 'gussieville', 3),
                                                                    ('16dfc610-100c-419d-b8e0-ca3bc24d3ef4', 'dedricbury', 0),
                                                                    ('16dfc610-100c-419d-b8e0-ca3bc24d3ef4', 'newmaximilianbury', 1),
                                                                    ('16dfc610-100c-419d-b8e0-ca3bc24d3ef4', 'fortfavian', 2),
                                                                    ('16dfc610-100c-419d-b8e0-ca3bc24d3ef4', 'fortgarnet', 3),
                                                                    ('32665fc9-d563-42fd-9b17-505716c38aba', 'brakusworth', 0),
                                                                    ('32665fc9-d563-42fd-9b17-505716c38aba', 'lessiecester', 1),
                                                                    ('32665fc9-d563-42fd-9b17-505716c38aba', 'lenoreville', 2),
                                                                    ('32665fc9-d563-42fd-9b17-505716c38aba', 'westashton', 3),
                                                                    ('70a38107-1282-4fa3-a688-2825a4b37c94', 'jerseycity', 0),
                                                                    ('70a38107-1282-4fa3-a688-2825a4b37c94', 'ziemestad', 1),
                                                                    ('70a38107-1282-4fa3-a688-2825a4b37c94', 'oberbrunnerworth', 2),
                                                                    ('70a38107-1282-4fa3-a688-2825a4b37c94', 'uptonfurt', 3);















