create table route
(
    id            varchar(36)  not null
        primary key,
    end_station   varchar(255) null,
    start_station varchar(255) null
)
    engine = MyISAM;
INSERT INTO route (id, end_station, start_station) VALUES
                                                       ('f92160f8-eed2-4db8-be95-3d104bd0b01a', 'westlafayette', 'eastvedaburgh'),
                                                       ('96f5818d-0079-4cb3-a5db-bac222140721', 'westmarlene', 'fortabigayle'),
                                                       ('7f76a08e-339a-4142-9c04-33c06c207f39', 'cameronborough', 'lakeabelardotown'),
                                                       ('a12dfce0-6e87-4e57-b594-70232b12f6f1', 'cathyton', 'westhaven'),
                                                       ('fdaa8224-49ea-4aec-8630-d8256e105c8a', 'encinitas', 'northlasvegas'),
                                                       ('371d451d-896d-4e53-b301-c1a6cca60f25', 'westjewelstad', 'lakelinwoodton'),
                                                       ('f70c7f71-4392-4b9f-9640-09ea26f442c9', 'haverhill', 'concepcioncester'),
                                                       ('1cc59003-bec3-40ef-b105-5620dce147bf', 'darenview', 'southashleigh'),
                                                       ('cbdff7d8-5111-4319-ac11-76c43ea9d8e1', 'georgetown', 'erdmanchester'),
                                                       ('a623213f-f65f-4f0f-966e-eabe61047b47', 'klingstead', 'lasvegas'),
                                                       ('abcabdb6-a3cc-4ee9-aaf4-1bde6e95c12c', 'fortrowanfield', 'pourosview'),
                                                       ('e8d9bfb1-9d1c-4201-aa34-ec1448f11675', 'ellisside', 'corvallis'),
                                                       ('6762390c-2130-4b5d-99cb-c8431c69be8a', 'ryleeville', 'westcassidyfort'),
                                                       ('43321943-8ea9-45ae-b47e-e59de85edddf', 'camilaside', 'eastdarrick'),
                                                       ('11351cbe-a38c-42d3-8fe9-42f600c5b78d', 'fortsherwoodland', 'bartellhaven'),
                                                       ('cfee414e-a803-4935-a04b-3a04b4ef11d9', 'shanahanside', 'corona'),
                                                       ('c970b5f1-9586-4918-8624-ea824abcc139', 'portshea', 'kihnton'),
                                                       ('997e44f4-dde5-4641-afd6-c2c99ce7e8f7', 'westlee', 'lakevictor'),
                                                       ('60f7846c-9074-4d6e-93ee-27390b7c3b0d', 'simbury', 'newedna'),
                                                       ('263ca526-f189-4cbb-9508-dacde02d195a', 'westvernieview', 'gusikowskitown'),
                                                       ('45344c41-bf56-49aa-a68a-81e26108b799', 'northaleen', 'fordmouth'),
                                                       ('93e675b9-d116-4172-9f33-c4244ed3e2a9', 'dasiaville', 'kossfurt'),
                                                       ('f08be325-69a4-44a9-8dad-1fd6ff2104fe', 'northbret', 'kansascity'),
                                                       ('4629aade-0c60-4f9d-8785-4ede7f1bee02', 'frankiestead', 'indio'),
                                                       ('df5d78bc-070b-4120-ad1b-424d8a9f0c33', 'porttaya', 'yadiraport'),
                                                       ('e1384478-c4bd-4585-b633-418357726b6d', 'elnaton', 'macejkovicshire'),
                                                       ('20e32baa-034a-4991-b752-516cf6f6ec40', 'warren', 'lakeantonia'),
                                                       ('a9ec41a1-ebf3-438f-87f4-b2d91ac0685c', 'westmarcella', 'ortizboro'),
                                                       ('ea5a1e64-bb80-4753-97e0-81b0f5c343ee', 'abeton', 'winnifredland'),
                                                       ('1676742d-c83c-40fe-af5d-8968c22c8a4e', 'howeview', 'northjacecester'),
                                                       ('0caa687d-9368-46f6-8443-58924b8ff11c', 'shieldsstad', 'sawaynfurt'),
                                                       ('96480c55-75ec-4e09-a4fa-73b64baa533c', 'irvingburgh', 'vallejo'),
                                                       ('0a92f4a5-3710-419a-8c9e-ba794b55aab3', 'burke', 'fortpierreton'),
                                                       ('8a9c2d0f-4ff7-4e02-b062-74f7970a88a1', 'cristville', 'portphilipcester'),
                                                       ('e02ab4a4-2ce1-4121-9654-58b9ab24a5e1', 'bellingham', 'krajcikstead'),
                                                       ('961ced21-fbf1-4db0-a5e1-319b01bd1271', 'greeley', 'southkris'),
                                                       ('caf259dd-8d14-4a88-9d2d-efd975d8b7c8', 'terryport', 'caldwell'),
                                                       ('e0bd1cb2-0f0c-468f-9492-479df2089ee3', 'ashlynncester', 'eastmuriel'),
                                                       ('01c42f5e-9c92-43a5-b644-f399e84e68d1', 'mcdermottburgh', 'southdarryl'),
                                                       ('5a0f0f1c-5517-48f3-80f3-07f83d74c041', 'davisworth', 'westbiankastead'),
                                                       ('c1981795-84d6-4938-828e-3f5fa785e6d2', 'chesapeake', 'schoenton'),
                                                       ('bc0f48be-85a9-48ed-9509-9cfb489e639b', 'medford', 'joellestad'),
                                                       ('a40c5f0a-9721-496d-8f04-8f800d730d91', 'fortalleneland', 'northizaiah'),
                                                       ('6e7381d7-291f-48d6-b590-baea9c4654c9', 'bergestad', 'southalexis'),
                                                       ('82ebf94c-b222-4863-b436-a4ab08fcc56c', 'shaynaside', 'forteddie'),
                                                       ('25169268-05fc-41c5-a911-71fdeb8522ba', 'loristead', 'pinellaspark'),
                                                       ('71ee9ea0-5d99-46a5-a2f6-838215b22d8d', 'konopelskicester', 'lakelois'),
                                                       ('660c8168-5939-4713-a0fc-9ce282a80e0d', 'justinaboro', 'ginofort'),
                                                       ('dcd1a46c-eff9-44d6-8f4b-6a421d5ead48', 'portalejandrin', 'portandreton'),
                                                       ('c8d9b328-2c18-48f7-b052-b85a2d3b74e6', 'fortleland', 'harleyshire'),
                                                       ('c81604f9-35b9-42d3-9d7b-41a8bc3e028a', 'hamillbury', 'northd''angelo'),
                                                       ('fbd01150-f675-4ba1-9293-42ae9edc6641', 'southelizafort', 'kendall'),
                                                       ('fbd7beca-a0e7-46c7-a43d-ccab5519aa25', 'eastalexane', 'celinecester'),
                                                       ('f6c66222-6f5d-4941-8e73-6185525c45dc', 'newcecelia', 'chynaton'),
                                                       ('aeb958bb-b28d-4cd1-a54c-428fec08f42f', 'giovanniville', 'eastestherburgh'),
                                                       ('9d12e540-6506-4c50-b493-00d265adb5a7', 'lakeemmietown', 'elkgrove'),
                                                       ('f0b4d758-e501-43da-9db5-a85ed03abc9e', 'methuentown', 'eduardofort'),
                                                       ('0b99205a-2bf0-4525-9049-fed1a302686e', 'orem', 'brandonworth'),
                                                       ('44142c1b-f21f-4f54-92e4-5d80ea7b05cc', 'portmarlenestead', 'porttalon'),
                                                       ('8bffd48a-16bf-44d7-b5f8-f154ba065be1', 'lakeabigailville', 'southashlynnfield'),
                                                       ('601d6a61-2db6-4b88-879d-c9dc3f470b22', 'fortaudrafort', 'lahabra'),
                                                       ('9b83c684-4a8f-49e6-a367-3c6c61dd5f68', 'mclean', 'giannichester'),
                                                       ('a655947d-2cd4-4577-a137-098f4c1a69db', 'mcglynnbury', 'northqueen'),
                                                       ('fc3436e9-976b-4dc5-96ef-50fc7d9fd12e', 'countryclub', 'dickenscester'),
                                                       ('f6c78a0d-a920-4f50-abb0-ed914469129a', 'lakejoyce', 'leuschkeworth'),
                                                       ('abae0cd7-c586-404d-8c38-6eb83842ac68', 'ziemannstad', 'pacochafield'),
                                                       ('a24c6f25-0359-4e5b-b461-375f2a3530df', 'amarillo', 'newgunnarburgh'),
                                                       ('1f474a5e-f603-48a6-9c1f-28260221f1b5', 'northnannie', 'westgussie'),
                                                       ('03f1aa0b-91f1-4326-a608-0f1c387d62fd', 'quigleyside', 'brooklynpark'),
                                                       ('8679b7cf-815a-4f79-9cf3-2b5aa44b8b4e', 'southmarilynefurt', 'castrovalley'),
                                                       ('80572973-61b8-482f-80db-af24fbbc9392', 'chulavista', 'wolffworth'),
                                                       ('ddcf518b-698b-41c6-ad1d-1433d85db18b', 'janesville', 'schinnertown'),
                                                       ('a88a5cd8-6900-434f-a93f-a4263480110c', 'langworthton', 'newjaimestad'),
                                                       ('e7b068a5-5436-4636-8d9c-116d89eaf05c', 'folsom', 'lakechester'),
                                                       ('2861873a-808c-4242-8b1c-46fe70825773', 'lakecassidy', 'portgeovanni'),
                                                       ('a4dfb46c-d134-4529-bed0-1781209d9899', 'lorashire', 'minot'),
                                                       ('a8f1ccd2-8c70-4427-a9ac-cca1077fcdd6', 'lillianashire', 'rohnertpark'),
                                                       ('94e4d911-8ac9-4929-a468-5e4f1ee0c052', 'shainafurt', 'springvalley'),
                                                       ('571e993f-5849-47fe-a29a-0f13be12e0ce', 'fortmakenzie', 'stammworth'),
                                                       ('15e6cec3-08b3-4664-bb82-1861ce04a55e', 'portfloyd', 'lakedurwardworth'),
                                                       ('606a28ef-1ae7-439d-a578-ad6c96d2cd5c', 'thadville', 'elcajon'),
                                                       ('633cba6f-54c2-46b9-ba5b-a14b9ad8616c', 'oranfurt', 'jackson'),
                                                       ('aa84f4af-8955-4c7d-89c8-7fdb1522881f', 'eastadriana', 'pagacland'),
                                                       ('9991f167-7171-4e09-8634-e5e95199c296', 'evelineton', 'poinciana'),
                                                       ('0c5be211-5064-4405-b115-82c84ff6c110', 'statecollege', 'uptontown'),
                                                       ('bd5a2eb9-9309-48ef-9063-51053bac4fab', 'coleburgh', 'tillmanland'),
                                                       ('a25b04d8-779e-4fab-a2aa-db60b9f0e44a', 'westtyreeworth', 'gilbertofort'),
                                                       ('92265171-c643-4551-ba89-deb08be3a240', 'eastlailaville', 'norwoodchester'),
                                                       ('379a5da1-9a14-48b6-b5c3-9ed0a339a79c', 'sengerfield', 'palmharbor'),
                                                       ('e74b8894-45f1-48f4-8961-6990364ab690', 'northettieport', 'southapril'),
                                                       ('0363d707-3d60-42d3-90d0-4888641df2a6', 'ontario', 'waldorf'),
                                                       ('7a012428-3f56-40ed-9bd7-62fd5a699a07', 'sigurdmouth', 'breannefield'),
                                                       ('1afb84c3-515c-4f4b-9ac0-0191259d0f95', 'newkianchester', 'portharley'),
                                                       ('6f708a18-1509-4781-97e3-61450b11a58f', 'eastjena', 'nikolausfurt'),
                                                       ('3b61ccbe-be65-46e3-9b90-9ea02e2e413b', 'southbrandyville', 'schaeferland'),
                                                       ('e1e2daf2-ff36-4972-a938-96b49cac3d04', 'grahamfurt', 'tellymouth'),
                                                       ('6d4efc12-af5b-41a5-b48b-d942ed437450', 'fritschview', 'homestead'),
                                                       ('da3c39c0-a6ae-4dae-a6e4-1ee0fced779d', 'brookhaven', 'porthelen'),
                                                       ('cb3f1d86-e9b6-4814-bd1e-cf45b2b2241f', 'boulder', 'fortcharleybury'),
                                                       ('cfb758ff-b879-4441-a9b3-716c6213b5ce', 'swiftburgh', 'lakeshayna');


create table route_distances
(
    route_id        varchar(36) not null,
    distances       int         null,
    distances_order int         not null,
    primary key (route_id, distances_order)
)
    engine = MyISAM;
INSERT INTO route_distances (route_id, distances, distances_order) VALUES
                                                                       ('f92160f8-eed2-4db8-be95-3d104bd0b01a', 36.14591357763857, 0),
                                                                       ('f92160f8-eed2-4db8-be95-3d104bd0b01a', 58.82465385366231, 1),
                                                                       ('f92160f8-eed2-4db8-be95-3d104bd0b01a', 28.994308761321008, 2),
                                                                       ('f92160f8-eed2-4db8-be95-3d104bd0b01a', 85.818627406843, 3),
                                                                       ('96f5818d-0079-4cb3-a5db-bac222140721', 57.6728566782549, 0),
                                                                       ('96f5818d-0079-4cb3-a5db-bac222140721', 55.631395895034075, 1),
                                                                       ('96f5818d-0079-4cb3-a5db-bac222140721', 50.469869445078075, 2),
                                                                       ('96f5818d-0079-4cb3-a5db-bac222140721', 63.313829712569714, 3),
                                                                       ('7f76a08e-339a-4142-9c04-33c06c207f39', 74.58760342560709, 0),
                                                                       ('7f76a08e-339a-4142-9c04-33c06c207f39', 82.69766985904425, 1),
                                                                       ('7f76a08e-339a-4142-9c04-33c06c207f39', 91.18067431263626, 2),
                                                                       ('7f76a08e-339a-4142-9c04-33c06c207f39', 19.300880329683423, 3),
                                                                       ('a12dfce0-6e87-4e57-b594-70232b12f6f1', 54.28421497344971, 0),
                                                                       ('a12dfce0-6e87-4e57-b594-70232b12f6f1', 48.45810639671981, 1),
                                                                       ('a12dfce0-6e87-4e57-b594-70232b12f6f1', 45.2604879392311, 2),
                                                                       ('a12dfce0-6e87-4e57-b594-70232b12f6f1', 67.76302875950933, 3),
                                                                       ('fdaa8224-49ea-4aec-8630-d8256e105c8a', 38.955209334380925, 0),
                                                                       ('fdaa8224-49ea-4aec-8630-d8256e105c8a', 65.09234688710421, 1),
                                                                       ('fdaa8224-49ea-4aec-8630-d8256e105c8a', 17.594980518333614, 2),
                                                                       ('fdaa8224-49ea-4aec-8630-d8256e105c8a', 98.76337083987892, 3),
                                                                       ('371d451d-896d-4e53-b301-c1a6cca60f25', 20.658012991771102, 0),
                                                                       ('371d451d-896d-4e53-b301-c1a6cca60f25', 98.12328275293112, 1),
                                                                       ('371d451d-896d-4e53-b301-c1a6cca60f25', 92.27849678136408, 2),
                                                                       ('371d451d-896d-4e53-b301-c1a6cca60f25', 52.365191001445055, 3),
                                                                       ('f70c7f71-4392-4b9f-9640-09ea26f442c9', 54.135388787835836, 0),
                                                                       ('f70c7f71-4392-4b9f-9640-09ea26f442c9', 37.64990381896496, 1),
                                                                       ('f70c7f71-4392-4b9f-9640-09ea26f442c9', 74.18925471138209, 2),
                                                                       ('f70c7f71-4392-4b9f-9640-09ea26f442c9', 17.35273210797459, 3),
                                                                       ('1cc59003-bec3-40ef-b105-5620dce147bf', 90.29054138809443, 0),
                                                                       ('1cc59003-bec3-40ef-b105-5620dce147bf', 99.5388638228178, 1),
                                                                       ('1cc59003-bec3-40ef-b105-5620dce147bf', 27.69316337071359, 2),
                                                                       ('1cc59003-bec3-40ef-b105-5620dce147bf', 55.86245192680508, 3),
                                                                       ('cbdff7d8-5111-4319-ac11-76c43ea9d8e1', 16.424162429757416, 0),
                                                                       ('cbdff7d8-5111-4319-ac11-76c43ea9d8e1', 98.30090024042875, 1),
                                                                       ('cbdff7d8-5111-4319-ac11-76c43ea9d8e1', 8.726602839305997, 2),
                                                                       ('cbdff7d8-5111-4319-ac11-76c43ea9d8e1', 25.161661044694483, 3),
                                                                       ('a623213f-f65f-4f0f-966e-eabe61047b47', 91.35890859179199, 0),
                                                                       ('a623213f-f65f-4f0f-966e-eabe61047b47', 50.224344222806394, 1),
                                                                       ('a623213f-f65f-4f0f-966e-eabe61047b47', 11.181086557917297, 2),
                                                                       ('a623213f-f65f-4f0f-966e-eabe61047b47', 94.22772568650544, 3),
                                                                       ('abcabdb6-a3cc-4ee9-aaf4-1bde6e95c12c', 91.72726746182889, 0),
                                                                       ('abcabdb6-a3cc-4ee9-aaf4-1bde6e95c12c', 17.337031639181077, 1),
                                                                       ('abcabdb6-a3cc-4ee9-aaf4-1bde6e95c12c', 0.9404173120856285, 2),
                                                                       ('abcabdb6-a3cc-4ee9-aaf4-1bde6e95c12c', 18.29707131255418, 3),
                                                                       ('e8d9bfb1-9d1c-4201-aa34-ec1448f11675', 57.48371626250446, 0),
                                                                       ('e8d9bfb1-9d1c-4201-aa34-ec1448f11675', 6.6556867910549045, 1),
                                                                       ('e8d9bfb1-9d1c-4201-aa34-ec1448f11675', 87.09163579624146, 2),
                                                                       ('e8d9bfb1-9d1c-4201-aa34-ec1448f11675', 29.09382116049528, 3),
                                                                       ('6762390c-2130-4b5d-99cb-c8431c69be8a', 4.274519020691514, 0),
                                                                       ('6762390c-2130-4b5d-99cb-c8431c69be8a', 47.42024664301425, 1),
                                                                       ('6762390c-2130-4b5d-99cb-c8431c69be8a', 48.58503355644643, 2),
                                                                       ('6762390c-2130-4b5d-99cb-c8431c69be8a', 91.66894829832017, 3),
                                                                       ('43321943-8ea9-45ae-b47e-e59de85edddf', 4.553064820356667, 0),
                                                                       ('43321943-8ea9-45ae-b47e-e59de85edddf', 46.72653309535235, 1),
                                                                       ('43321943-8ea9-45ae-b47e-e59de85edddf', 64.94708573445678, 2),
                                                                       ('43321943-8ea9-45ae-b47e-e59de85edddf', 8.73392908833921, 3),
                                                                       ('11351cbe-a38c-42d3-8fe9-42f600c5b78d', 58.74088676646352, 0),
                                                                       ('11351cbe-a38c-42d3-8fe9-42f600c5b78d', 45.034663984552026, 1),
                                                                       ('11351cbe-a38c-42d3-8fe9-42f600c5b78d', 17.882762639783323, 2),
                                                                       ('11351cbe-a38c-42d3-8fe9-42f600c5b78d', 12.18789059203118, 3),
                                                                       ('cfee414e-a803-4935-a04b-3a04b4ef11d9', 28.252443484961987, 0),
                                                                       ('cfee414e-a803-4935-a04b-3a04b4ef11d9', 51.50602648500353, 1),
                                                                       ('cfee414e-a803-4935-a04b-3a04b4ef11d9', 69.50610144995153, 2),
                                                                       ('cfee414e-a803-4935-a04b-3a04b4ef11d9', 8.070029830560088, 3),
                                                                       ('c970b5f1-9586-4918-8624-ea824abcc139', 65.90326263103634, 0),
                                                                       ('c970b5f1-9586-4918-8624-ea824abcc139', 50.99152906332165, 1),
                                                                       ('c970b5f1-9586-4918-8624-ea824abcc139', 69.5251704659313, 2),
                                                                       ('c970b5f1-9586-4918-8624-ea824abcc139', 81.684639188461, 3),
                                                                       ('997e44f4-dde5-4641-afd6-c2c99ce7e8f7', 67.42593008093536, 0),
                                                                       ('997e44f4-dde5-4641-afd6-c2c99ce7e8f7', 12.220355914905667, 1),
                                                                       ('997e44f4-dde5-4641-afd6-c2c99ce7e8f7', 82.04537115525454, 2),
                                                                       ('997e44f4-dde5-4641-afd6-c2c99ce7e8f7', 15.013083326630294, 3),
                                                                       ('60f7846c-9074-4d6e-93ee-27390b7c3b0d', 56.23456253670156, 0),
                                                                       ('60f7846c-9074-4d6e-93ee-27390b7c3b0d', 76.12166674807668, 1),
                                                                       ('60f7846c-9074-4d6e-93ee-27390b7c3b0d', 45.363289630040526, 2),
                                                                       ('60f7846c-9074-4d6e-93ee-27390b7c3b0d', 4.060942144133151, 3),
                                                                       ('263ca526-f189-4cbb-9508-dacde02d195a', 7.271371805109084, 0),
                                                                       ('263ca526-f189-4cbb-9508-dacde02d195a', 54.41007572226226, 1),
                                                                       ('263ca526-f189-4cbb-9508-dacde02d195a', 79.05275067314506, 2),
                                                                       ('263ca526-f189-4cbb-9508-dacde02d195a', 2.972329454496503, 3),
                                                                       ('45344c41-bf56-49aa-a68a-81e26108b799', 46.15690263453871, 0),
                                                                       ('45344c41-bf56-49aa-a68a-81e26108b799', 85.78139201272279, 1),
                                                                       ('45344c41-bf56-49aa-a68a-81e26108b799', 52.00256819371134, 2),
                                                                       ('45344c41-bf56-49aa-a68a-81e26108b799', 76.04246989358217, 3),
                                                                       ('93e675b9-d116-4172-9f33-c4244ed3e2a9', 96.08141996432096, 0),
                                                                       ('93e675b9-d116-4172-9f33-c4244ed3e2a9', 88.33391938824207, 1),
                                                                       ('93e675b9-d116-4172-9f33-c4244ed3e2a9', 33.84420780930668, 2),
                                                                       ('93e675b9-d116-4172-9f33-c4244ed3e2a9', 26.769342343322933, 3),
                                                                       ('f08be325-69a4-44a9-8dad-1fd6ff2104fe', 12.066395278088748, 0),
                                                                       ('f08be325-69a4-44a9-8dad-1fd6ff2104fe', 92.80416357796639, 1),
                                                                       ('f08be325-69a4-44a9-8dad-1fd6ff2104fe', 19.04890243895352, 2),
                                                                       ('f08be325-69a4-44a9-8dad-1fd6ff2104fe', 76.43358998466283, 3),
                                                                       ('4629aade-0c60-4f9d-8785-4ede7f1bee02', 44.98779331333935, 0),
                                                                       ('4629aade-0c60-4f9d-8785-4ede7f1bee02', 85.79827160574496, 1),
                                                                       ('4629aade-0c60-4f9d-8785-4ede7f1bee02', 88.45974477007985, 2),
                                                                       ('4629aade-0c60-4f9d-8785-4ede7f1bee02', 62.25340813398361, 3),
                                                                       ('df5d78bc-070b-4120-ad1b-424d8a9f0c33', 3.214975376613438, 0),
                                                                       ('df5d78bc-070b-4120-ad1b-424d8a9f0c33', 52.8329738881439, 1),
                                                                       ('df5d78bc-070b-4120-ad1b-424d8a9f0c33', 43.707873090170324, 2),
                                                                       ('df5d78bc-070b-4120-ad1b-424d8a9f0c33', 24.313438427634537, 3),
                                                                       ('e1384478-c4bd-4585-b633-418357726b6d', 62.805178365670145, 0),
                                                                       ('e1384478-c4bd-4585-b633-418357726b6d', 52.105966745875776, 1),
                                                                       ('e1384478-c4bd-4585-b633-418357726b6d', 49.68137287069112, 2),
                                                                       ('e1384478-c4bd-4585-b633-418357726b6d', 56.23580494429916, 3),
                                                                       ('20e32baa-034a-4991-b752-516cf6f6ec40', 14.93332285899669, 0),
                                                                       ('20e32baa-034a-4991-b752-516cf6f6ec40', 8.617877843789756, 1),
                                                                       ('20e32baa-034a-4991-b752-516cf6f6ec40', 25.01277755945921, 2),
                                                                       ('20e32baa-034a-4991-b752-516cf6f6ec40', 96.81035338435322, 3),
                                                                       ('a9ec41a1-ebf3-438f-87f4-b2d91ac0685c', 12.524867034517229, 0),
                                                                       ('a9ec41a1-ebf3-438f-87f4-b2d91ac0685c', 45.772813353687525, 1),
                                                                       ('a9ec41a1-ebf3-438f-87f4-b2d91ac0685c', 50.35401815548539, 2),
                                                                       ('a9ec41a1-ebf3-438f-87f4-b2d91ac0685c', 87.74230026174337, 3),
                                                                       ('ea5a1e64-bb80-4753-97e0-81b0f5c343ee', 24.4352700188756, 0),
                                                                       ('ea5a1e64-bb80-4753-97e0-81b0f5c343ee', 29.194422368891537, 1),
                                                                       ('ea5a1e64-bb80-4753-97e0-81b0f5c343ee', 89.54216532874852, 2),
                                                                       ('ea5a1e64-bb80-4753-97e0-81b0f5c343ee', 48.30720035824925, 3),
                                                                       ('1676742d-c83c-40fe-af5d-8968c22c8a4e', 89.00062092579901, 0),
                                                                       ('1676742d-c83c-40fe-af5d-8968c22c8a4e', 49.70688207540661, 1),
                                                                       ('1676742d-c83c-40fe-af5d-8968c22c8a4e', 94.48008837644011, 2),
                                                                       ('1676742d-c83c-40fe-af5d-8968c22c8a4e', 66.76811315119267, 3),
                                                                       ('0caa687d-9368-46f6-8443-58924b8ff11c', 97.22873212303966, 0),
                                                                       ('0caa687d-9368-46f6-8443-58924b8ff11c', 99.4600816629827, 1),
                                                                       ('0caa687d-9368-46f6-8443-58924b8ff11c', 23.613235098309815, 2),
                                                                       ('0caa687d-9368-46f6-8443-58924b8ff11c', 58.68883787188679, 3),
                                                                       ('96480c55-75ec-4e09-a4fa-73b64baa533c', 48.6668900353834, 0),
                                                                       ('96480c55-75ec-4e09-a4fa-73b64baa533c', 87.70532251801342, 1),
                                                                       ('96480c55-75ec-4e09-a4fa-73b64baa533c', 70.40637994650751, 2),
                                                                       ('96480c55-75ec-4e09-a4fa-73b64baa533c', 69.64120483025908, 3),
                                                                       ('0a92f4a5-3710-419a-8c9e-ba794b55aab3', 64.02677739970386, 0),
                                                                       ('0a92f4a5-3710-419a-8c9e-ba794b55aab3', 40.25955579709262, 1),
                                                                       ('0a92f4a5-3710-419a-8c9e-ba794b55aab3', 22.051153611391783, 2),
                                                                       ('0a92f4a5-3710-419a-8c9e-ba794b55aab3', 67.5998667255044, 3),
                                                                       ('8a9c2d0f-4ff7-4e02-b062-74f7970a88a1', 22.829222423024476, 0),
                                                                       ('8a9c2d0f-4ff7-4e02-b062-74f7970a88a1', 44.7695693699643, 1),
                                                                       ('8a9c2d0f-4ff7-4e02-b062-74f7970a88a1', 1.0679136496037245, 2),
                                                                       ('8a9c2d0f-4ff7-4e02-b062-74f7970a88a1', 77.42392509244382, 3),
                                                                       ('e02ab4a4-2ce1-4121-9654-58b9ab24a5e1', 94.06718637328595, 0),
                                                                       ('e02ab4a4-2ce1-4121-9654-58b9ab24a5e1', 76.62609042599797, 1),
                                                                       ('e02ab4a4-2ce1-4121-9654-58b9ab24a5e1', 42.99046015366912, 2),
                                                                       ('e02ab4a4-2ce1-4121-9654-58b9ab24a5e1', 47.349413111805916, 3),
                                                                       ('961ced21-fbf1-4db0-a5e1-319b01bd1271', 82.3743503075093, 0),
                                                                       ('961ced21-fbf1-4db0-a5e1-319b01bd1271', 78.54673569090664, 1),
                                                                       ('961ced21-fbf1-4db0-a5e1-319b01bd1271', 33.59101971145719, 2),
                                                                       ('961ced21-fbf1-4db0-a5e1-319b01bd1271', 54.06174724921584, 3),
                                                                       ('caf259dd-8d14-4a88-9d2d-efd975d8b7c8', 21.77300131879747, 0),
                                                                       ('caf259dd-8d14-4a88-9d2d-efd975d8b7c8', 52.53757773898542, 1),
                                                                       ('caf259dd-8d14-4a88-9d2d-efd975d8b7c8', 62.81122798100114, 2),
                                                                       ('caf259dd-8d14-4a88-9d2d-efd975d8b7c8', 0.08659341838210821, 3),
                                                                       ('e0bd1cb2-0f0c-468f-9492-479df2089ee3', 76.4154692646116, 0),
                                                                       ('e0bd1cb2-0f0c-468f-9492-479df2089ee3', 6.32993383333087, 1),
                                                                       ('e0bd1cb2-0f0c-468f-9492-479df2089ee3', 20.415908726863563, 2),
                                                                       ('e0bd1cb2-0f0c-468f-9492-479df2089ee3', 31.270071072503924, 3),
                                                                       ('01c42f5e-9c92-43a5-b644-f399e84e68d1', 46.22525121085346, 0),
                                                                       ('01c42f5e-9c92-43a5-b644-f399e84e68d1', 37.34303119126707, 1),
                                                                       ('01c42f5e-9c92-43a5-b644-f399e84e68d1', 75.00133870635182, 2),
                                                                       ('01c42f5e-9c92-43a5-b644-f399e84e68d1', 8.553159236907959, 3),
                                                                       ('5a0f0f1c-5517-48f3-80f3-07f83d74c041', 28.283761953935027, 0),
                                                                       ('5a0f0f1c-5517-48f3-80f3-07f83d74c041', 33.12275179196149, 1),
                                                                       ('5a0f0f1c-5517-48f3-80f3-07f83d74c041', 29.58950132597238, 2),
                                                                       ('5a0f0f1c-5517-48f3-80f3-07f83d74c041', 35.693821497261524, 3),
                                                                       ('c1981795-84d6-4938-828e-3f5fa785e6d2', 16.09275732189417, 0),
                                                                       ('c1981795-84d6-4938-828e-3f5fa785e6d2', 90.23153721354902, 1),
                                                                       ('c1981795-84d6-4938-828e-3f5fa785e6d2', 17.74287363514304, 2),
                                                                       ('c1981795-84d6-4938-828e-3f5fa785e6d2', 24.24656953662634, 3),
                                                                       ('bc0f48be-85a9-48ed-9509-9cfb489e639b', 89.18470200151205, 0),
                                                                       ('bc0f48be-85a9-48ed-9509-9cfb489e639b', 94.96468401048332, 1),
                                                                       ('bc0f48be-85a9-48ed-9509-9cfb489e639b', 7.895265007391572, 2),
                                                                       ('bc0f48be-85a9-48ed-9509-9cfb489e639b', 60.74245406780392, 3),
                                                                       ('a40c5f0a-9721-496d-8f04-8f800d730d91', 37.0734786381945, 0),
                                                                       ('a40c5f0a-9721-496d-8f04-8f800d730d91', 91.86085800174624, 1),
                                                                       ('a40c5f0a-9721-496d-8f04-8f800d730d91', 41.77349163219333, 2),
                                                                       ('a40c5f0a-9721-496d-8f04-8f800d730d91', 54.39902078360319, 3),
                                                                       ('6e7381d7-291f-48d6-b590-baea9c4654c9', 75.11477747466415, 0),
                                                                       ('6e7381d7-291f-48d6-b590-baea9c4654c9', 48.9171456778422, 1),
                                                                       ('6e7381d7-291f-48d6-b590-baea9c4654c9', 58.99091535247862, 2),
                                                                       ('6e7381d7-291f-48d6-b590-baea9c4654c9', 94.8732792865485, 3),
                                                                       ('82ebf94c-b222-4863-b436-a4ab08fcc56c', 64.69707547221333, 0),
                                                                       ('82ebf94c-b222-4863-b436-a4ab08fcc56c', 50.45509897172451, 1),
                                                                       ('82ebf94c-b222-4863-b436-a4ab08fcc56c', 8.77885918598622, 2),
                                                                       ('82ebf94c-b222-4863-b436-a4ab08fcc56c', 11.752366763539612, 3),
                                                                       ('25169268-05fc-41c5-a911-71fdeb8522ba', 46.74433469772339, 0),
                                                                       ('25169268-05fc-41c5-a911-71fdeb8522ba', 41.80051204748452, 1),
                                                                       ('25169268-05fc-41c5-a911-71fdeb8522ba', 42.054878547787666, 2),
                                                                       ('25169268-05fc-41c5-a911-71fdeb8522ba', 29.85842968337238, 3),
                                                                       ('71ee9ea0-5d99-46a5-a2f6-838215b22d8d', 1.9635648466646671, 0),
                                                                       ('71ee9ea0-5d99-46a5-a2f6-838215b22d8d', 74.5105751324445, 1),
                                                                       ('71ee9ea0-5d99-46a5-a2f6-838215b22d8d', 1.3162204064428806, 2),
                                                                       ('71ee9ea0-5d99-46a5-a2f6-838215b22d8d', 27.003511739894748, 3),
                                                                       ('660c8168-5939-4713-a0fc-9ce282a80e0d', 37.985741160809994, 0),
                                                                       ('660c8168-5939-4713-a0fc-9ce282a80e0d', 45.32849115785211, 1),
                                                                       ('660c8168-5939-4713-a0fc-9ce282a80e0d', 92.66404821537435, 2),
                                                                       ('660c8168-5939-4713-a0fc-9ce282a80e0d', 34.02980477549136, 3),
                                                                       ('dcd1a46c-eff9-44d6-8f4b-6a421d5ead48', 13.542431639507413, 0),
                                                                       ('dcd1a46c-eff9-44d6-8f4b-6a421d5ead48', 90.25332520250231, 1),
                                                                       ('dcd1a46c-eff9-44d6-8f4b-6a421d5ead48', 41.69332552701235, 2),
                                                                       ('dcd1a46c-eff9-44d6-8f4b-6a421d5ead48', 95.84592634346336, 3),
                                                                       ('c8d9b328-2c18-48f7-b052-b85a2d3b74e6', 15.043860930018127, 0),
                                                                       ('c8d9b328-2c18-48f7-b052-b85a2d3b74e6', 98.06195227429271, 1),
                                                                       ('c8d9b328-2c18-48f7-b052-b85a2d3b74e6', 55.662288051098585, 2),
                                                                       ('c8d9b328-2c18-48f7-b052-b85a2d3b74e6', 24.507954833097756, 3),
                                                                       ('c81604f9-35b9-42d3-9d7b-41a8bc3e028a', 65.87164551019669, 0),
                                                                       ('c81604f9-35b9-42d3-9d7b-41a8bc3e028a', 67.59851132519543, 1),
                                                                       ('c81604f9-35b9-42d3-9d7b-41a8bc3e028a', 7.345013460144401, 2),
                                                                       ('c81604f9-35b9-42d3-9d7b-41a8bc3e028a', 41.716817719861865, 3),
                                                                       ('fbd01150-f675-4ba1-9293-42ae9edc6641', 58.75880520325154, 0),
                                                                       ('fbd01150-f675-4ba1-9293-42ae9edc6641', 65.51043982617557, 1),
                                                                       ('fbd01150-f675-4ba1-9293-42ae9edc6641', 74.36205875128508, 2),
                                                                       ('fbd01150-f675-4ba1-9293-42ae9edc6641', 37.203476880677044, 3),
                                                                       ('fbd7beca-a0e7-46c7-a43d-ccab5519aa25', 74.65921209659427, 0),
                                                                       ('fbd7beca-a0e7-46c7-a43d-ccab5519aa25', 51.144088874571025, 1),
                                                                       ('fbd7beca-a0e7-46c7-a43d-ccab5519aa25', 81.74235851038247, 2),
                                                                       ('fbd7beca-a0e7-46c7-a43d-ccab5519aa25', 67.71211000159383, 3),
                                                                       ('f6c66222-6f5d-4941-8e73-6185525c45dc', 28.421424026601017, 0),
                                                                       ('f6c66222-6f5d-4941-8e73-6185525c45dc', 5.7262934278696775, 1),
                                                                       ('f6c66222-6f5d-4941-8e73-6185525c45dc', 91.53993909712881, 2),
                                                                       ('f6c66222-6f5d-4941-8e73-6185525c45dc', 18.97829412482679, 3),
                                                                       ('aeb958bb-b28d-4cd1-a54c-428fec08f42f', 95.4379049828276, 0),
                                                                       ('aeb958bb-b28d-4cd1-a54c-428fec08f42f', 86.812918423675, 1),
                                                                       ('aeb958bb-b28d-4cd1-a54c-428fec08f42f', 93.77240650355816, 2),
                                                                       ('aeb958bb-b28d-4cd1-a54c-428fec08f42f', 27.783466479741037, 3),
                                                                       ('9d12e540-6506-4c50-b493-00d265adb5a7', 42.89170738775283, 0),
                                                                       ('9d12e540-6506-4c50-b493-00d265adb5a7', 96.04345383122563, 1),
                                                                       ('9d12e540-6506-4c50-b493-00d265adb5a7', 45.745262037962675, 2),
                                                                       ('9d12e540-6506-4c50-b493-00d265adb5a7', 22.485482366755605, 3),
                                                                       ('f0b4d758-e501-43da-9db5-a85ed03abc9e', 21.875722520053387, 0),
                                                                       ('f0b4d758-e501-43da-9db5-a85ed03abc9e', 21.784923574887216, 1),
                                                                       ('f0b4d758-e501-43da-9db5-a85ed03abc9e', 69.2538775736466, 2),
                                                                       ('f0b4d758-e501-43da-9db5-a85ed03abc9e', 56.14968866575509, 3),
                                                                       ('0b99205a-2bf0-4525-9049-fed1a302686e', 98.36075860075653, 0),
                                                                       ('0b99205a-2bf0-4525-9049-fed1a302686e', 26.358387782238424, 1),
                                                                       ('0b99205a-2bf0-4525-9049-fed1a302686e', 50.196447828784585, 2),
                                                                       ('0b99205a-2bf0-4525-9049-fed1a302686e', 42.57113570347428, 3),
                                                                       ('44142c1b-f21f-4f54-92e4-5d80ea7b05cc', 75.26913238689303, 0),
                                                                       ('44142c1b-f21f-4f54-92e4-5d80ea7b05cc', 45.90020221658051, 1),
                                                                       ('44142c1b-f21f-4f54-92e4-5d80ea7b05cc', 9.10183023661375, 2),
                                                                       ('44142c1b-f21f-4f54-92e4-5d80ea7b05cc', 8.76125528011471, 3),
                                                                       ('8bffd48a-16bf-44d7-b5f8-f154ba065be1', 71.58055112231523, 0),
                                                                       ('8bffd48a-16bf-44d7-b5f8-f154ba065be1', 42.14103841222823, 1),
                                                                       ('8bffd48a-16bf-44d7-b5f8-f154ba065be1', 83.4249145584181, 2),
                                                                       ('8bffd48a-16bf-44d7-b5f8-f154ba065be1', 70.36642637103796, 3),
                                                                       ('601d6a61-2db6-4b88-879d-c9dc3f470b22', 33.80634768400341, 0),
                                                                       ('601d6a61-2db6-4b88-879d-c9dc3f470b22', 28.575125779025257, 1),
                                                                       ('601d6a61-2db6-4b88-879d-c9dc3f470b22', 15.982123487628996, 2),
                                                                       ('601d6a61-2db6-4b88-879d-c9dc3f470b22', 0.8363451110199094, 3),
                                                                       ('9b83c684-4a8f-49e6-a367-3c6c61dd5f68', 70.21561793517321, 0),
                                                                       ('9b83c684-4a8f-49e6-a367-3c6c61dd5f68', 35.56054246146232, 1),
                                                                       ('9b83c684-4a8f-49e6-a367-3c6c61dd5f68', 47.44155190419406, 2),
                                                                       ('9b83c684-4a8f-49e6-a367-3c6c61dd5f68', 87.35269552562386, 3),
                                                                       ('a655947d-2cd4-4577-a137-098f4c1a69db', 94.7824029950425, 0),
                                                                       ('a655947d-2cd4-4577-a137-098f4c1a69db', 88.06995970662683, 1),
                                                                       ('a655947d-2cd4-4577-a137-098f4c1a69db', 42.34156848397106, 2),
                                                                       ('a655947d-2cd4-4577-a137-098f4c1a69db', 22.727181250229478, 3),
                                                                       ('fc3436e9-976b-4dc5-96ef-50fc7d9fd12e', 52.28324928320944, 0),
                                                                       ('fc3436e9-976b-4dc5-96ef-50fc7d9fd12e', 92.81451138667762, 1),
                                                                       ('fc3436e9-976b-4dc5-96ef-50fc7d9fd12e', 43.820885359309614, 2),
                                                                       ('fc3436e9-976b-4dc5-96ef-50fc7d9fd12e', 49.612799659371376, 3),
                                                                       ('f6c78a0d-a920-4f50-abb0-ed914469129a', 39.69729070086032, 0),
                                                                       ('f6c78a0d-a920-4f50-abb0-ed914469129a', 52.46471660211682, 1),
                                                                       ('f6c78a0d-a920-4f50-abb0-ed914469129a', 14.483828633092344, 2),
                                                                       ('f6c78a0d-a920-4f50-abb0-ed914469129a', 45.99674339406192, 3),
                                                                       ('abae0cd7-c586-404d-8c38-6eb83842ac68', 90.21611923817545, 0),
                                                                       ('abae0cd7-c586-404d-8c38-6eb83842ac68', 48.54616834782064, 1),
                                                                       ('abae0cd7-c586-404d-8c38-6eb83842ac68', 25.220992788672447, 2),
                                                                       ('abae0cd7-c586-404d-8c38-6eb83842ac68', 58.12484200578183, 3),
                                                                       ('a24c6f25-0359-4e5b-b461-375f2a3530df', 63.26009361073375, 0),
                                                                       ('a24c6f25-0359-4e5b-b461-375f2a3530df', 19.17855003848672, 1),
                                                                       ('a24c6f25-0359-4e5b-b461-375f2a3530df', 18.915197090245783, 2),
                                                                       ('a24c6f25-0359-4e5b-b461-375f2a3530df', 98.03964013699442, 3),
                                                                       ('1f474a5e-f603-48a6-9c1f-28260221f1b5', 8.242427185177803, 0),
                                                                       ('1f474a5e-f603-48a6-9c1f-28260221f1b5', 71.65908613242209, 1),
                                                                       ('1f474a5e-f603-48a6-9c1f-28260221f1b5', 35.20777316298336, 2),
                                                                       ('1f474a5e-f603-48a6-9c1f-28260221f1b5', 32.66047846991569, 3),
                                                                       ('03f1aa0b-91f1-4326-a608-0f1c387d62fd', 28.353416733443737, 0),
                                                                       ('03f1aa0b-91f1-4326-a608-0f1c387d62fd', 40.80806823913008, 1),
                                                                       ('03f1aa0b-91f1-4326-a608-0f1c387d62fd', 19.13115819916129, 2),
                                                                       ('03f1aa0b-91f1-4326-a608-0f1c387d62fd', 92.61536507401615, 3),
                                                                       ('8679b7cf-815a-4f79-9cf3-2b5aa44b8b4e', 28.369693364948034, 0),
                                                                       ('8679b7cf-815a-4f79-9cf3-2b5aa44b8b4e', 64.0244330978021, 1),
                                                                       ('8679b7cf-815a-4f79-9cf3-2b5aa44b8b4e', 64.96570622548461, 2),
                                                                       ('8679b7cf-815a-4f79-9cf3-2b5aa44b8b4e', 73.88489367440343, 3),
                                                                       ('80572973-61b8-482f-80db-af24fbbc9392', 53.77738820388913, 0),
                                                                       ('80572973-61b8-482f-80db-af24fbbc9392', 17.498059198260307, 1),
                                                                       ('80572973-61b8-482f-80db-af24fbbc9392', 59.50477942824364, 2),
                                                                       ('80572973-61b8-482f-80db-af24fbbc9392', 43.76465317327529, 3),
                                                                       ('ddcf518b-698b-41c6-ad1d-1433d85db18b', 10.42308653704822, 0),
                                                                       ('ddcf518b-698b-41c6-ad1d-1433d85db18b', 76.13556198775768, 1),
                                                                       ('ddcf518b-698b-41c6-ad1d-1433d85db18b', 22.912952629849315, 2),
                                                                       ('ddcf518b-698b-41c6-ad1d-1433d85db18b', 19.05549771618098, 3),
                                                                       ('a88a5cd8-6900-434f-a93f-a4263480110c', 84.17290279176086, 0),
                                                                       ('a88a5cd8-6900-434f-a93f-a4263480110c', 85.3634694358334, 1),
                                                                       ('a88a5cd8-6900-434f-a93f-a4263480110c', 47.099180938676, 2),
                                                                       ('a88a5cd8-6900-434f-a93f-a4263480110c', 32.04843106213957, 3),
                                                                       ('e7b068a5-5436-4636-8d9c-116d89eaf05c', 3.792796819470823, 0),
                                                                       ('e7b068a5-5436-4636-8d9c-116d89eaf05c', 47.60750504210591, 1),
                                                                       ('e7b068a5-5436-4636-8d9c-116d89eaf05c', 65.82836869638413, 2),
                                                                       ('e7b068a5-5436-4636-8d9c-116d89eaf05c', 54.21432564035058, 3),
                                                                       ('2861873a-808c-4242-8b1c-46fe70825773', 16.103864298202097, 0),
                                                                       ('2861873a-808c-4242-8b1c-46fe70825773', 86.85046548489481, 1),
                                                                       ('2861873a-808c-4242-8b1c-46fe70825773', 32.81569688115269, 2),
                                                                       ('2861873a-808c-4242-8b1c-46fe70825773', 82.48634710907936, 3),
                                                                       ('a4dfb46c-d134-4529-bed0-1781209d9899', 91.79296372458339, 0),
                                                                       ('a4dfb46c-d134-4529-bed0-1781209d9899', 51.515173306688666, 1),
                                                                       ('a4dfb46c-d134-4529-bed0-1781209d9899', 83.52873085532337, 2),
                                                                       ('a4dfb46c-d134-4529-bed0-1781209d9899', 61.92022014874965, 3),
                                                                       ('a8f1ccd2-8c70-4427-a9ac-cca1077fcdd6', 54.61565067525953, 0),
                                                                       ('a8f1ccd2-8c70-4427-a9ac-cca1077fcdd6', 42.77212885208428, 1),
                                                                       ('a8f1ccd2-8c70-4427-a9ac-cca1077fcdd6', 41.96976555977017, 2),
                                                                       ('a8f1ccd2-8c70-4427-a9ac-cca1077fcdd6', 12.945157801732421, 3),
                                                                       ('94e4d911-8ac9-4929-a468-5e4f1ee0c052', 50.4275010433048, 0),
                                                                       ('94e4d911-8ac9-4929-a468-5e4f1ee0c052', 88.9681777684018, 1),
                                                                       ('94e4d911-8ac9-4929-a468-5e4f1ee0c052', 87.65920598525554, 2),
                                                                       ('94e4d911-8ac9-4929-a468-5e4f1ee0c052', 83.7935492163524, 3),
                                                                       ('571e993f-5849-47fe-a29a-0f13be12e0ce', 45.34548516385257, 0),
                                                                       ('571e993f-5849-47fe-a29a-0f13be12e0ce', 7.06064635887742, 1),
                                                                       ('571e993f-5849-47fe-a29a-0f13be12e0ce', 78.73729283455759, 2),
                                                                       ('571e993f-5849-47fe-a29a-0f13be12e0ce', 61.976514803245664, 3),
                                                                       ('15e6cec3-08b3-4664-bb82-1861ce04a55e', 55.462091229856014, 0),
                                                                       ('15e6cec3-08b3-4664-bb82-1861ce04a55e', 60.2869831956923, 1),
                                                                       ('15e6cec3-08b3-4664-bb82-1861ce04a55e', 87.0981224346906, 2),
                                                                       ('15e6cec3-08b3-4664-bb82-1861ce04a55e', 1.6164192464202642, 3),
                                                                       ('606a28ef-1ae7-439d-a578-ad6c96d2cd5c', 75.6693872390315, 0),
                                                                       ('606a28ef-1ae7-439d-a578-ad6c96d2cd5c', 33.13237531110644, 1),
                                                                       ('606a28ef-1ae7-439d-a578-ad6c96d2cd5c', 24.16089519392699, 2),
                                                                       ('606a28ef-1ae7-439d-a578-ad6c96d2cd5c', 30.094768898561597, 3),
                                                                       ('633cba6f-54c2-46b9-ba5b-a14b9ad8616c', 4.011519625782967, 0),
                                                                       ('633cba6f-54c2-46b9-ba5b-a14b9ad8616c', 78.95170329138637, 1),
                                                                       ('633cba6f-54c2-46b9-ba5b-a14b9ad8616c', 96.57272007316351, 2),
                                                                       ('633cba6f-54c2-46b9-ba5b-a14b9ad8616c', 37.997232330963016, 3),
                                                                       ('aa84f4af-8955-4c7d-89c8-7fdb1522881f', 42.23337145522237, 0),
                                                                       ('aa84f4af-8955-4c7d-89c8-7fdb1522881f', 76.65030281059444, 1),
                                                                       ('aa84f4af-8955-4c7d-89c8-7fdb1522881f', 49.18056079186499, 2),
                                                                       ('aa84f4af-8955-4c7d-89c8-7fdb1522881f', 21.221727458760142, 3),
                                                                       ('9991f167-7171-4e09-8634-e5e95199c296', 71.15032761357725, 0),
                                                                       ('9991f167-7171-4e09-8634-e5e95199c296', 38.9799318742007, 1),
                                                                       ('9991f167-7171-4e09-8634-e5e95199c296', 20.7425786415115, 2),
                                                                       ('9991f167-7171-4e09-8634-e5e95199c296', 81.69059129431844, 3),
                                                                       ('0c5be211-5064-4405-b115-82c84ff6c110', 27.647543931379914, 0),
                                                                       ('0c5be211-5064-4405-b115-82c84ff6c110', 37.86443476565182, 1),
                                                                       ('0c5be211-5064-4405-b115-82c84ff6c110', 65.01162627246231, 2),
                                                                       ('0c5be211-5064-4405-b115-82c84ff6c110', 49.36653908807784, 3),
                                                                       ('bd5a2eb9-9309-48ef-9063-51053bac4fab', 75.20308424718678, 0),
                                                                       ('bd5a2eb9-9309-48ef-9063-51053bac4fab', 36.4293665625155, 1),
                                                                       ('bd5a2eb9-9309-48ef-9063-51053bac4fab', 14.214063272811472, 2),
                                                                       ('bd5a2eb9-9309-48ef-9063-51053bac4fab', 66.63744179531932, 3),
                                                                       ('a25b04d8-779e-4fab-a2aa-db60b9f0e44a', 74.47937468532473, 0),
                                                                       ('a25b04d8-779e-4fab-a2aa-db60b9f0e44a', 3.8588425843045115, 1),
                                                                       ('a25b04d8-779e-4fab-a2aa-db60b9f0e44a', 40.121983527205884, 2),
                                                                       ('a25b04d8-779e-4fab-a2aa-db60b9f0e44a', 24.717329838313162, 3),
                                                                       ('92265171-c643-4551-ba89-deb08be3a240', 52.23241301719099, 0),
                                                                       ('92265171-c643-4551-ba89-deb08be3a240', 34.594978112727404, 1),
                                                                       ('92265171-c643-4551-ba89-deb08be3a240', 58.413461269810796, 2),
                                                                       ('92265171-c643-4551-ba89-deb08be3a240', 18.53667504619807, 3),
                                                                       ('379a5da1-9a14-48b6-b5c3-9ed0a339a79c', 4.6165692852810025, 0),
                                                                       ('379a5da1-9a14-48b6-b5c3-9ed0a339a79c', 25.039567216299474, 1),
                                                                       ('379a5da1-9a14-48b6-b5c3-9ed0a339a79c', 40.08620458189398, 2),
                                                                       ('379a5da1-9a14-48b6-b5c3-9ed0a339a79c', 54.40832660533488, 3),
                                                                       ('e74b8894-45f1-48f4-8961-6990364ab690', 53.99595554918051, 0),
                                                                       ('e74b8894-45f1-48f4-8961-6990364ab690', 15.623012534342706, 1),
                                                                       ('e74b8894-45f1-48f4-8961-6990364ab690', 97.33390966430306, 2),
                                                                       ('e74b8894-45f1-48f4-8961-6990364ab690', 16.356756282038987, 3),
                                                                       ('0363d707-3d60-42d3-90d0-4888641df2a6', 76.04583057109267, 0),
                                                                       ('0363d707-3d60-42d3-90d0-4888641df2a6', 46.35824568103999, 1),
                                                                       ('0363d707-3d60-42d3-90d0-4888641df2a6', 94.24997947644442, 2),
                                                                       ('0363d707-3d60-42d3-90d0-4888641df2a6', 26.112591242417693, 3),
                                                                       ('7a012428-3f56-40ed-9bd7-62fd5a699a07', 68.70445932727307, 0),
                                                                       ('7a012428-3f56-40ed-9bd7-62fd5a699a07', 2.4601812241598964, 1),
                                                                       ('7a012428-3f56-40ed-9bd7-62fd5a699a07', 90.6835404690355, 2),
                                                                       ('7a012428-3f56-40ed-9bd7-62fd5a699a07', 80.94652080908418, 3),
                                                                       ('1afb84c3-515c-4f4b-9ac0-0191259d0f95', 71.1597147397697, 0),
                                                                       ('1afb84c3-515c-4f4b-9ac0-0191259d0f95', 25.909455912187696, 1),
                                                                       ('1afb84c3-515c-4f4b-9ac0-0191259d0f95', 74.09771899692714, 2),
                                                                       ('1afb84c3-515c-4f4b-9ac0-0191259d0f95', 68.47149562090635, 3),
                                                                       ('6f708a18-1509-4781-97e3-61450b11a58f', 66.64055113215, 0),
                                                                       ('6f708a18-1509-4781-97e3-61450b11a58f', 14.720282866619527, 1),
                                                                       ('6f708a18-1509-4781-97e3-61450b11a58f', 71.33608125150204, 2),
                                                                       ('6f708a18-1509-4781-97e3-61450b11a58f', 85.72819491382688, 3),
                                                                       ('3b61ccbe-be65-46e3-9b90-9ea02e2e413b', 57.65606579370797, 0),
                                                                       ('3b61ccbe-be65-46e3-9b90-9ea02e2e413b', 21.785732940770686, 1),
                                                                       ('3b61ccbe-be65-46e3-9b90-9ea02e2e413b', 18.897666386328638, 2),
                                                                       ('3b61ccbe-be65-46e3-9b90-9ea02e2e413b', 84.98688724357635, 3),
                                                                       ('e1e2daf2-ff36-4972-a938-96b49cac3d04', 72.02025677543133, 0),
                                                                       ('e1e2daf2-ff36-4972-a938-96b49cac3d04', 23.149076872505248, 1),
                                                                       ('e1e2daf2-ff36-4972-a938-96b49cac3d04', 75.25648586452007, 2),
                                                                       ('e1e2daf2-ff36-4972-a938-96b49cac3d04', 29.28703671786934, 3),
                                                                       ('6d4efc12-af5b-41a5-b48b-d942ed437450', 59.79598767589778, 0),
                                                                       ('6d4efc12-af5b-41a5-b48b-d942ed437450', 80.28956435155123, 1),
                                                                       ('6d4efc12-af5b-41a5-b48b-d942ed437450', 11.491509131155908, 2),
                                                                       ('6d4efc12-af5b-41a5-b48b-d942ed437450', 78.23183806613088, 3),
                                                                       ('da3c39c0-a6ae-4dae-a6e4-1ee0fced779d', 53.45437969081104, 0),
                                                                       ('da3c39c0-a6ae-4dae-a6e4-1ee0fced779d', 70.30712922569364, 1),
                                                                       ('da3c39c0-a6ae-4dae-a6e4-1ee0fced779d', 79.8587973928079, 2),
                                                                       ('da3c39c0-a6ae-4dae-a6e4-1ee0fced779d', 6.1344577465206385, 3),
                                                                       ('cb3f1d86-e9b6-4814-bd1e-cf45b2b2241f', 58.40961243957281, 0),
                                                                       ('cb3f1d86-e9b6-4814-bd1e-cf45b2b2241f', 3.427885426208377, 1),
                                                                       ('cb3f1d86-e9b6-4814-bd1e-cf45b2b2241f', 60.0024628220126, 2),
                                                                       ('cb3f1d86-e9b6-4814-bd1e-cf45b2b2241f', 5.374963558278978, 3),
                                                                       ('cfb758ff-b879-4441-a9b3-716c6213b5ce', 10.275818011723459, 0),
                                                                       ('cfb758ff-b879-4441-a9b3-716c6213b5ce', 48.14951110165566, 1),
                                                                       ('cfb758ff-b879-4441-a9b3-716c6213b5ce', 8.107023104093969, 2),
                                                                       ('cfb758ff-b879-4441-a9b3-716c6213b5ce', 74.15345925837755, 3);


create table route_stations
(
    route_id       varchar(36)  not null,
    stations       varchar(255) null,
    stations_order int          not null,
    primary key (route_id, stations_order)
)
    engine = MyISAM;
INSERT INTO route_stations (route_id, stations, stations_order) VALUES
                                                                    ('f92160f8-eed2-4db8-be95-3d104bd0b01a', 'eastvedaburgh', 0),
                                                                    ('f92160f8-eed2-4db8-be95-3d104bd0b01a', 'brownfort', 1),
                                                                    ('f92160f8-eed2-4db8-be95-3d104bd0b01a', 'westunique', 2),
                                                                    ('f92160f8-eed2-4db8-be95-3d104bd0b01a', 'westlafayette', 3),
                                                                    ('96f5818d-0079-4cb3-a5db-bac222140721', 'fortabigayle', 0),
                                                                    ('96f5818d-0079-4cb3-a5db-bac222140721', 'portalexa', 1),
                                                                    ('96f5818d-0079-4cb3-a5db-bac222140721', 'pearlfield', 2),
                                                                    ('96f5818d-0079-4cb3-a5db-bac222140721', 'westmarlene', 3),
                                                                    ('7f76a08e-339a-4142-9c04-33c06c207f39', 'lakeabelardotown', 0),
                                                                    ('7f76a08e-339a-4142-9c04-33c06c207f39', 'hampton', 1),
                                                                    ('7f76a08e-339a-4142-9c04-33c06c207f39', 'loyceshire', 2),
                                                                    ('7f76a08e-339a-4142-9c04-33c06c207f39', 'cameronborough', 3),
                                                                    ('a12dfce0-6e87-4e57-b594-70232b12f6f1', 'westhaven', 0),
                                                                    ('a12dfce0-6e87-4e57-b594-70232b12f6f1', 'fortkelley', 1),
                                                                    ('a12dfce0-6e87-4e57-b594-70232b12f6f1', 'northgerald', 2),
                                                                    ('a12dfce0-6e87-4e57-b594-70232b12f6f1', 'cathyton', 3),
                                                                    ('fdaa8224-49ea-4aec-8630-d8256e105c8a', 'northlasvegas', 0),
                                                                    ('fdaa8224-49ea-4aec-8630-d8256e105c8a', 'elvieburgh', 1),
                                                                    ('fdaa8224-49ea-4aec-8630-d8256e105c8a', 'portanselcester', 2),
                                                                    ('fdaa8224-49ea-4aec-8630-d8256e105c8a', 'encinitas', 3),
                                                                    ('371d451d-896d-4e53-b301-c1a6cca60f25', 'lakelinwoodton', 0),
                                                                    ('371d451d-896d-4e53-b301-c1a6cca60f25', 'fredafort', 1),
                                                                    ('371d451d-896d-4e53-b301-c1a6cca60f25', 'portalexa', 2),
                                                                    ('371d451d-896d-4e53-b301-c1a6cca60f25', 'westjewelstad', 3),
                                                                    ('f70c7f71-4392-4b9f-9640-09ea26f442c9', 'concepcioncester', 0),
                                                                    ('f70c7f71-4392-4b9f-9640-09ea26f442c9', 'brownfort', 1),
                                                                    ('f70c7f71-4392-4b9f-9640-09ea26f442c9', 'loyceshire', 2),
                                                                    ('f70c7f71-4392-4b9f-9640-09ea26f442c9', 'haverhill', 3),
                                                                    ('1cc59003-bec3-40ef-b105-5620dce147bf', 'southashleigh', 0),
                                                                    ('1cc59003-bec3-40ef-b105-5620dce147bf', 'eastkariane', 1),
                                                                    ('1cc59003-bec3-40ef-b105-5620dce147bf', 'fortkierahaven', 2),
                                                                    ('1cc59003-bec3-40ef-b105-5620dce147bf', 'darenview', 3),
                                                                    ('cbdff7d8-5111-4319-ac11-76c43ea9d8e1', 'erdmanchester', 0),
                                                                    ('cbdff7d8-5111-4319-ac11-76c43ea9d8e1', 'eastkariane', 1),
                                                                    ('cbdff7d8-5111-4319-ac11-76c43ea9d8e1', 'northselmerburgh', 2),
                                                                    ('cbdff7d8-5111-4319-ac11-76c43ea9d8e1', 'georgetown', 3),
                                                                    ('a623213f-f65f-4f0f-966e-eabe61047b47', 'lasvegas', 0),
                                                                    ('a623213f-f65f-4f0f-966e-eabe61047b47', 'portcolumbusfield', 1),
                                                                    ('a623213f-f65f-4f0f-966e-eabe61047b47', 'sydneechester', 2),
                                                                    ('a623213f-f65f-4f0f-966e-eabe61047b47', 'klingstead', 3),
                                                                    ('abcabdb6-a3cc-4ee9-aaf4-1bde6e95c12c', 'pourosview', 0),
                                                                    ('abcabdb6-a3cc-4ee9-aaf4-1bde6e95c12c', 'dillonland', 1),
                                                                    ('abcabdb6-a3cc-4ee9-aaf4-1bde6e95c12c', 'parker', 2),
                                                                    ('abcabdb6-a3cc-4ee9-aaf4-1bde6e95c12c', 'fortrowanfield', 3),
                                                                    ('e8d9bfb1-9d1c-4201-aa34-ec1448f11675', 'corvallis', 0),
                                                                    ('e8d9bfb1-9d1c-4201-aa34-ec1448f11675', 'westhellen', 1),
                                                                    ('e8d9bfb1-9d1c-4201-aa34-ec1448f11675', 'rachaelfield', 2),
                                                                    ('e8d9bfb1-9d1c-4201-aa34-ec1448f11675', 'ellisside', 3),
                                                                    ('6762390c-2130-4b5d-99cb-c8431c69be8a', 'westcassidyfort', 0),
                                                                    ('6762390c-2130-4b5d-99cb-c8431c69be8a', 'grandprairie', 1),
                                                                    ('6762390c-2130-4b5d-99cb-c8431c69be8a', 'miamigardens', 2),
                                                                    ('6762390c-2130-4b5d-99cb-c8431c69be8a', 'ryleeville', 3),
                                                                    ('43321943-8ea9-45ae-b47e-e59de85edddf', 'eastdarrick', 0),
                                                                    ('43321943-8ea9-45ae-b47e-e59de85edddf', 'ebertport', 1),
                                                                    ('43321943-8ea9-45ae-b47e-e59de85edddf', 'queenietown', 2),
                                                                    ('43321943-8ea9-45ae-b47e-e59de85edddf', 'camilaside', 3),
                                                                    ('11351cbe-a38c-42d3-8fe9-42f600c5b78d', 'bartellhaven', 0),
                                                                    ('11351cbe-a38c-42d3-8fe9-42f600c5b78d', 'portanselcester', 1),
                                                                    ('11351cbe-a38c-42d3-8fe9-42f600c5b78d', 'downersgrove', 2),
                                                                    ('11351cbe-a38c-42d3-8fe9-42f600c5b78d', 'fortsherwoodland', 3),
                                                                    ('cfee414e-a803-4935-a04b-3a04b4ef11d9', 'corona', 0),
                                                                    ('cfee414e-a803-4935-a04b-3a04b4ef11d9', 'rachaelfield', 1),
                                                                    ('cfee414e-a803-4935-a04b-3a04b4ef11d9', 'fortkelley', 2),
                                                                    ('cfee414e-a803-4935-a04b-3a04b4ef11d9', 'shanahanside', 3),
                                                                    ('c970b5f1-9586-4918-8624-ea824abcc139', 'kihnton', 0),
                                                                    ('c970b5f1-9586-4918-8624-ea824abcc139', 'newnicocester', 1),
                                                                    ('c970b5f1-9586-4918-8624-ea824abcc139', 'fortraven', 2),
                                                                    ('c970b5f1-9586-4918-8624-ea824abcc139', 'portshea', 3),
                                                                    ('997e44f4-dde5-4641-afd6-c2c99ce7e8f7', 'lakevictor', 0),
                                                                    ('997e44f4-dde5-4641-afd6-c2c99ce7e8f7', 'fortkierahaven', 1),
                                                                    ('997e44f4-dde5-4641-afd6-c2c99ce7e8f7', 'loyceshire', 2),
                                                                    ('997e44f4-dde5-4641-afd6-c2c99ce7e8f7', 'westlee', 3),
                                                                    ('60f7846c-9074-4d6e-93ee-27390b7c3b0d', 'newedna', 0),
                                                                    ('60f7846c-9074-4d6e-93ee-27390b7c3b0d', 'centreville', 1),
                                                                    ('60f7846c-9074-4d6e-93ee-27390b7c3b0d', 'schambergertown', 2),
                                                                    ('60f7846c-9074-4d6e-93ee-27390b7c3b0d', 'simbury', 3),
                                                                    ('263ca526-f189-4cbb-9508-dacde02d195a', 'gusikowskitown', 0),
                                                                    ('263ca526-f189-4cbb-9508-dacde02d195a', 'northotha', 1),
                                                                    ('263ca526-f189-4cbb-9508-dacde02d195a', 'westunique', 2),
                                                                    ('263ca526-f189-4cbb-9508-dacde02d195a', 'westvernieview', 3),
                                                                    ('45344c41-bf56-49aa-a68a-81e26108b799', 'fordmouth', 0),
                                                                    ('45344c41-bf56-49aa-a68a-81e26108b799', 'hampton', 1),
                                                                    ('45344c41-bf56-49aa-a68a-81e26108b799', 'lakegreen', 2),
                                                                    ('45344c41-bf56-49aa-a68a-81e26108b799', 'northaleen', 3),
                                                                    ('93e675b9-d116-4172-9f33-c4244ed3e2a9', 'kossfurt', 0),
                                                                    ('93e675b9-d116-4172-9f33-c4244ed3e2a9', 'eastodie', 1),
                                                                    ('93e675b9-d116-4172-9f33-c4244ed3e2a9', 'fortkierahaven', 2),
                                                                    ('93e675b9-d116-4172-9f33-c4244ed3e2a9', 'dasiaville', 3),
                                                                    ('f08be325-69a4-44a9-8dad-1fd6ff2104fe', 'kansascity', 0),
                                                                    ('f08be325-69a4-44a9-8dad-1fd6ff2104fe', 'americachester', 1),
                                                                    ('f08be325-69a4-44a9-8dad-1fd6ff2104fe', 'aracelifort', 2),
                                                                    ('f08be325-69a4-44a9-8dad-1fd6ff2104fe', 'northbret', 3),
                                                                    ('4629aade-0c60-4f9d-8785-4ede7f1bee02', 'indio', 0),
                                                                    ('4629aade-0c60-4f9d-8785-4ede7f1bee02', 'northkarelle', 1),
                                                                    ('4629aade-0c60-4f9d-8785-4ede7f1bee02', 'hadleybury', 2),
                                                                    ('4629aade-0c60-4f9d-8785-4ede7f1bee02', 'frankiestead', 3),
                                                                    ('df5d78bc-070b-4120-ad1b-424d8a9f0c33', 'yadiraport', 0),
                                                                    ('df5d78bc-070b-4120-ad1b-424d8a9f0c33', 'lakenona', 1),
                                                                    ('df5d78bc-070b-4120-ad1b-424d8a9f0c33', 'portclareside', 2),
                                                                    ('df5d78bc-070b-4120-ad1b-424d8a9f0c33', 'porttaya', 3),
                                                                    ('e1384478-c4bd-4585-b633-418357726b6d', 'macejkovicshire', 0),
                                                                    ('e1384478-c4bd-4585-b633-418357726b6d', 'beierton', 1),
                                                                    ('e1384478-c4bd-4585-b633-418357726b6d', 'porttessboro', 2),
                                                                    ('e1384478-c4bd-4585-b633-418357726b6d', 'elnaton', 3),
                                                                    ('20e32baa-034a-4991-b752-516cf6f6ec40', 'lakeantonia', 0),
                                                                    ('20e32baa-034a-4991-b752-516cf6f6ec40', 'fortnathenfield', 1),
                                                                    ('20e32baa-034a-4991-b752-516cf6f6ec40', 'westmaryamboro', 2),
                                                                    ('20e32baa-034a-4991-b752-516cf6f6ec40', 'warren', 3),
                                                                    ('a9ec41a1-ebf3-438f-87f4-b2d91ac0685c', 'ortizboro', 0),
                                                                    ('a9ec41a1-ebf3-438f-87f4-b2d91ac0685c', 'arielboro', 1),
                                                                    ('a9ec41a1-ebf3-438f-87f4-b2d91ac0685c', 'northselmerburgh', 2),
                                                                    ('a9ec41a1-ebf3-438f-87f4-b2d91ac0685c', 'westmarcella', 3),
                                                                    ('ea5a1e64-bb80-4753-97e0-81b0f5c343ee', 'winnifredland', 0),
                                                                    ('ea5a1e64-bb80-4753-97e0-81b0f5c343ee', 'portalexa', 1),
                                                                    ('ea5a1e64-bb80-4753-97e0-81b0f5c343ee', 'centreville', 2),
                                                                    ('ea5a1e64-bb80-4753-97e0-81b0f5c343ee', 'abeton', 3),
                                                                    ('1676742d-c83c-40fe-af5d-8968c22c8a4e', 'northjacecester', 0),
                                                                    ('1676742d-c83c-40fe-af5d-8968c22c8a4e', 'southeunice', 1),
                                                                    ('1676742d-c83c-40fe-af5d-8968c22c8a4e', 'northgerald', 2),
                                                                    ('1676742d-c83c-40fe-af5d-8968c22c8a4e', 'howeview', 3),
                                                                    ('0caa687d-9368-46f6-8443-58924b8ff11c', 'sawaynfurt', 0),
                                                                    ('0caa687d-9368-46f6-8443-58924b8ff11c', 'shakiracester', 1),
                                                                    ('0caa687d-9368-46f6-8443-58924b8ff11c', 'elvieburgh', 2),
                                                                    ('0caa687d-9368-46f6-8443-58924b8ff11c', 'shieldsstad', 3),
                                                                    ('96480c55-75ec-4e09-a4fa-73b64baa533c', 'vallejo', 0),
                                                                    ('96480c55-75ec-4e09-a4fa-73b64baa533c', 'stefanieberg', 1),
                                                                    ('96480c55-75ec-4e09-a4fa-73b64baa533c', 'lakenona', 2),
                                                                    ('96480c55-75ec-4e09-a4fa-73b64baa533c', 'irvingburgh', 3),
                                                                    ('0a92f4a5-3710-419a-8c9e-ba794b55aab3', 'fortpierreton', 0),
                                                                    ('0a92f4a5-3710-419a-8c9e-ba794b55aab3', 'vineland', 1),
                                                                    ('0a92f4a5-3710-419a-8c9e-ba794b55aab3', 'jadenborough', 2),
                                                                    ('0a92f4a5-3710-419a-8c9e-ba794b55aab3', 'burke', 3),
                                                                    ('8a9c2d0f-4ff7-4e02-b062-74f7970a88a1', 'portphilipcester', 0),
                                                                    ('8a9c2d0f-4ff7-4e02-b062-74f7970a88a1', 'millsboro', 1),
                                                                    ('8a9c2d0f-4ff7-4e02-b062-74f7970a88a1', 'portclareside', 2),
                                                                    ('8a9c2d0f-4ff7-4e02-b062-74f7970a88a1', 'cristville', 3),
                                                                    ('e02ab4a4-2ce1-4121-9654-58b9ab24a5e1', 'krajcikstead', 0),
                                                                    ('e02ab4a4-2ce1-4121-9654-58b9ab24a5e1', 'eastkodyborough', 1),
                                                                    ('e02ab4a4-2ce1-4121-9654-58b9ab24a5e1', 'jerseycity', 2),
                                                                    ('e02ab4a4-2ce1-4121-9654-58b9ab24a5e1', 'bellingham', 3),
                                                                    ('961ced21-fbf1-4db0-a5e1-319b01bd1271', 'southkris', 0),
                                                                    ('961ced21-fbf1-4db0-a5e1-319b01bd1271', 'newnicocester', 1),
                                                                    ('961ced21-fbf1-4db0-a5e1-319b01bd1271', 'hampton', 2),
                                                                    ('961ced21-fbf1-4db0-a5e1-319b01bd1271', 'greeley', 3),
                                                                    ('caf259dd-8d14-4a88-9d2d-efd975d8b7c8', 'caldwell', 0),
                                                                    ('caf259dd-8d14-4a88-9d2d-efd975d8b7c8', 'portgeorgette', 1),
                                                                    ('caf259dd-8d14-4a88-9d2d-efd975d8b7c8', 'ebertport', 2),
                                                                    ('caf259dd-8d14-4a88-9d2d-efd975d8b7c8', 'terryport', 3),
                                                                    ('e0bd1cb2-0f0c-468f-9492-479df2089ee3', 'eastmuriel', 0),
                                                                    ('e0bd1cb2-0f0c-468f-9492-479df2089ee3', 'fortlafayette', 1),
                                                                    ('e0bd1cb2-0f0c-468f-9492-479df2089ee3', 'henrihaven', 2),
                                                                    ('e0bd1cb2-0f0c-468f-9492-479df2089ee3', 'ashlynncester', 3),
                                                                    ('01c42f5e-9c92-43a5-b644-f399e84e68d1', 'southdarryl', 0),
                                                                    ('01c42f5e-9c92-43a5-b644-f399e84e68d1', 'fortmacifurt', 1),
                                                                    ('01c42f5e-9c92-43a5-b644-f399e84e68d1', 'kuhlmanchester', 2),
                                                                    ('01c42f5e-9c92-43a5-b644-f399e84e68d1', 'mcdermottburgh', 3),
                                                                    ('5a0f0f1c-5517-48f3-80f3-07f83d74c041', 'westbiankastead', 0),
                                                                    ('5a0f0f1c-5517-48f3-80f3-07f83d74c041', 'karleeville', 1),
                                                                    ('5a0f0f1c-5517-48f3-80f3-07f83d74c041', 'elvieburgh', 2),
                                                                    ('5a0f0f1c-5517-48f3-80f3-07f83d74c041', 'davisworth', 3),
                                                                    ('c1981795-84d6-4938-828e-3f5fa785e6d2', 'schoenton', 0),
                                                                    ('c1981795-84d6-4938-828e-3f5fa785e6d2', 'fortraven', 1),
                                                                    ('c1981795-84d6-4938-828e-3f5fa785e6d2', 'wizahaven', 2),
                                                                    ('c1981795-84d6-4938-828e-3f5fa785e6d2', 'chesapeake', 3),
                                                                    ('bc0f48be-85a9-48ed-9509-9cfb489e639b', 'joellestad', 0),
                                                                    ('bc0f48be-85a9-48ed-9509-9cfb489e639b', 'hampton', 1),
                                                                    ('bc0f48be-85a9-48ed-9509-9cfb489e639b', 'lakenona', 2),
                                                                    ('bc0f48be-85a9-48ed-9509-9cfb489e639b', 'medford', 3),
                                                                    ('a40c5f0a-9721-496d-8f04-8f800d730d91', 'northizaiah', 0),
                                                                    ('a40c5f0a-9721-496d-8f04-8f800d730d91', 'southsanta', 1),
                                                                    ('a40c5f0a-9721-496d-8f04-8f800d730d91', 'lakepaxton', 2),
                                                                    ('a40c5f0a-9721-496d-8f04-8f800d730d91', 'fortalleneland', 3),
                                                                    ('6e7381d7-291f-48d6-b590-baea9c4654c9', 'southalexis', 0),
                                                                    ('6e7381d7-291f-48d6-b590-baea9c4654c9', 'queenietown', 1),
                                                                    ('6e7381d7-291f-48d6-b590-baea9c4654c9', 'millsboro', 2),
                                                                    ('6e7381d7-291f-48d6-b590-baea9c4654c9', 'bergestad', 3),
                                                                    ('82ebf94c-b222-4863-b436-a4ab08fcc56c', 'forteddie', 0),
                                                                    ('82ebf94c-b222-4863-b436-a4ab08fcc56c', 'fortlafayette', 1),
                                                                    ('82ebf94c-b222-4863-b436-a4ab08fcc56c', 'morarbury', 2),
                                                                    ('82ebf94c-b222-4863-b436-a4ab08fcc56c', 'shaynaside', 3),
                                                                    ('25169268-05fc-41c5-a911-71fdeb8522ba', 'pinellaspark', 0),
                                                                    ('25169268-05fc-41c5-a911-71fdeb8522ba', 'sydneechester', 1),
                                                                    ('25169268-05fc-41c5-a911-71fdeb8522ba', 'shakiracester', 2),
                                                                    ('25169268-05fc-41c5-a911-71fdeb8522ba', 'loristead', 3),
                                                                    ('71ee9ea0-5d99-46a5-a2f6-838215b22d8d', 'lakelois', 0),
                                                                    ('71ee9ea0-5d99-46a5-a2f6-838215b22d8d', 'morarbury', 1),
                                                                    ('71ee9ea0-5d99-46a5-a2f6-838215b22d8d', 'fortnathenfield', 2),
                                                                    ('71ee9ea0-5d99-46a5-a2f6-838215b22d8d', 'konopelskicester', 3),
                                                                    ('660c8168-5939-4713-a0fc-9ce282a80e0d', 'ginofort', 0),
                                                                    ('660c8168-5939-4713-a0fc-9ce282a80e0d', 'yundtburgh', 1),
                                                                    ('660c8168-5939-4713-a0fc-9ce282a80e0d', 'fortraven', 2),
                                                                    ('660c8168-5939-4713-a0fc-9ce282a80e0d', 'justinaboro', 3),
                                                                    ('dcd1a46c-eff9-44d6-8f4b-6a421d5ead48', 'portandreton', 0),
                                                                    ('dcd1a46c-eff9-44d6-8f4b-6a421d5ead48', 'sydneechester', 1),
                                                                    ('dcd1a46c-eff9-44d6-8f4b-6a421d5ead48', 'northkarelle', 2),
                                                                    ('dcd1a46c-eff9-44d6-8f4b-6a421d5ead48', 'portalejandrin', 3),
                                                                    ('c8d9b328-2c18-48f7-b052-b85a2d3b74e6', 'harleyshire', 0),
                                                                    ('c8d9b328-2c18-48f7-b052-b85a2d3b74e6', 'grandprairie', 1),
                                                                    ('c8d9b328-2c18-48f7-b052-b85a2d3b74e6', 'dillonland', 2),
                                                                    ('c8d9b328-2c18-48f7-b052-b85a2d3b74e6', 'fortleland', 3),
                                                                    ('c81604f9-35b9-42d3-9d7b-41a8bc3e028a', 'northd''angelo', 0),
                                                                    ('c81604f9-35b9-42d3-9d7b-41a8bc3e028a', 'pearlfield', 1),
                                                                    ('c81604f9-35b9-42d3-9d7b-41a8bc3e028a', 'fortjustineshire', 2),
                                                                    ('c81604f9-35b9-42d3-9d7b-41a8bc3e028a', 'hamillbury', 3),
                                                                    ('fbd01150-f675-4ba1-9293-42ae9edc6641', 'kendall', 0),
                                                                    ('fbd01150-f675-4ba1-9293-42ae9edc6641', 'kuhlmanchester', 1),
                                                                    ('fbd01150-f675-4ba1-9293-42ae9edc6641', 'darrickhaven', 2),
                                                                    ('fbd01150-f675-4ba1-9293-42ae9edc6641', 'southelizafort', 3),
                                                                    ('fbd7beca-a0e7-46c7-a43d-ccab5519aa25', 'celinecester', 0),
                                                                    ('fbd7beca-a0e7-46c7-a43d-ccab5519aa25', 'arielboro', 1),
                                                                    ('fbd7beca-a0e7-46c7-a43d-ccab5519aa25', 'portanselcester', 2),
                                                                    ('fbd7beca-a0e7-46c7-a43d-ccab5519aa25', 'eastalexane', 3),
                                                                    ('f6c66222-6f5d-4941-8e73-6185525c45dc', 'chynaton', 0),
                                                                    ('f6c66222-6f5d-4941-8e73-6185525c45dc', 'tulare', 1),
                                                                    ('f6c66222-6f5d-4941-8e73-6185525c45dc', 'morarbury', 2),
                                                                    ('f6c66222-6f5d-4941-8e73-6185525c45dc', 'newcecelia', 3),
                                                                    ('aeb958bb-b28d-4cd1-a54c-428fec08f42f', 'eastestherburgh', 0),
                                                                    ('aeb958bb-b28d-4cd1-a54c-428fec08f42f', 'northdiamond', 1),
                                                                    ('aeb958bb-b28d-4cd1-a54c-428fec08f42f', 'lakeausten', 2),
                                                                    ('aeb958bb-b28d-4cd1-a54c-428fec08f42f', 'giovanniville', 3),
                                                                    ('9d12e540-6506-4c50-b493-00d265adb5a7', 'elkgrove', 0),
                                                                    ('9d12e540-6506-4c50-b493-00d265adb5a7', 'westhellen', 1),
                                                                    ('9d12e540-6506-4c50-b493-00d265adb5a7', 'jerseycity', 2),
                                                                    ('9d12e540-6506-4c50-b493-00d265adb5a7', 'lakeemmietown', 3),
                                                                    ('f0b4d758-e501-43da-9db5-a85ed03abc9e', 'eduardofort', 0),
                                                                    ('f0b4d758-e501-43da-9db5-a85ed03abc9e', 'delfinaville', 1),
                                                                    ('f0b4d758-e501-43da-9db5-a85ed03abc9e', 'stefanieberg', 2),
                                                                    ('f0b4d758-e501-43da-9db5-a85ed03abc9e', 'methuentown', 3),
                                                                    ('0b99205a-2bf0-4525-9049-fed1a302686e', 'brandonworth', 0),
                                                                    ('0b99205a-2bf0-4525-9049-fed1a302686e', 'parker', 1),
                                                                    ('0b99205a-2bf0-4525-9049-fed1a302686e', 'portanselcester', 2),
                                                                    ('0b99205a-2bf0-4525-9049-fed1a302686e', 'orem', 3),
                                                                    ('44142c1b-f21f-4f54-92e4-5d80ea7b05cc', 'porttalon', 0),
                                                                    ('44142c1b-f21f-4f54-92e4-5d80ea7b05cc', 'westhellen', 1),
                                                                    ('44142c1b-f21f-4f54-92e4-5d80ea7b05cc', 'morarbury', 2),
                                                                    ('44142c1b-f21f-4f54-92e4-5d80ea7b05cc', 'portmarlenestead', 3),
                                                                    ('8bffd48a-16bf-44d7-b5f8-f154ba065be1', 'southashlynnfield', 0),
                                                                    ('8bffd48a-16bf-44d7-b5f8-f154ba065be1', 'centreville', 1),
                                                                    ('8bffd48a-16bf-44d7-b5f8-f154ba065be1', 'dillonland', 2),
                                                                    ('8bffd48a-16bf-44d7-b5f8-f154ba065be1', 'lakeabigailville', 3),
                                                                    ('601d6a61-2db6-4b88-879d-c9dc3f470b22', 'lahabra', 0),
                                                                    ('601d6a61-2db6-4b88-879d-c9dc3f470b22', 'janton', 1),
                                                                    ('601d6a61-2db6-4b88-879d-c9dc3f470b22', 'jadenborough', 2),
                                                                    ('601d6a61-2db6-4b88-879d-c9dc3f470b22', 'fortaudrafort', 3),
                                                                    ('9b83c684-4a8f-49e6-a367-3c6c61dd5f68', 'giannichester', 0),
                                                                    ('9b83c684-4a8f-49e6-a367-3c6c61dd5f68', 'southlincoln', 1),
                                                                    ('9b83c684-4a8f-49e6-a367-3c6c61dd5f68', 'rockhill', 2),
                                                                    ('9b83c684-4a8f-49e6-a367-3c6c61dd5f68', 'mclean', 3),
                                                                    ('a655947d-2cd4-4577-a137-098f4c1a69db', 'northqueen', 0),
                                                                    ('a655947d-2cd4-4577-a137-098f4c1a69db', 'eastodie', 1),
                                                                    ('a655947d-2cd4-4577-a137-098f4c1a69db', 'jadenborough', 2),
                                                                    ('a655947d-2cd4-4577-a137-098f4c1a69db', 'mcglynnbury', 3),
                                                                    ('fc3436e9-976b-4dc5-96ef-50fc7d9fd12e', 'dickenscester', 0),
                                                                    ('fc3436e9-976b-4dc5-96ef-50fc7d9fd12e', 'rachaelfield', 1),
                                                                    ('fc3436e9-976b-4dc5-96ef-50fc7d9fd12e', 'lakenona', 2),
                                                                    ('fc3436e9-976b-4dc5-96ef-50fc7d9fd12e', 'countryclub', 3),
                                                                    ('f6c78a0d-a920-4f50-abb0-ed914469129a', 'leuschkeworth', 0),
                                                                    ('f6c78a0d-a920-4f50-abb0-ed914469129a', 'karleeville', 1),
                                                                    ('f6c78a0d-a920-4f50-abb0-ed914469129a', 'northedna', 2),
                                                                    ('f6c78a0d-a920-4f50-abb0-ed914469129a', 'lakejoyce', 3),
                                                                    ('abae0cd7-c586-404d-8c38-6eb83842ac68', 'pacochafield', 0),
                                                                    ('abae0cd7-c586-404d-8c38-6eb83842ac68', 'southlincoln', 1),
                                                                    ('abae0cd7-c586-404d-8c38-6eb83842ac68', 'lancaster', 2),
                                                                    ('abae0cd7-c586-404d-8c38-6eb83842ac68', 'ziemannstad', 3),
                                                                    ('a24c6f25-0359-4e5b-b461-375f2a3530df', 'newgunnarburgh', 0),
                                                                    ('a24c6f25-0359-4e5b-b461-375f2a3530df', 'pablocester', 1),
                                                                    ('a24c6f25-0359-4e5b-b461-375f2a3530df', 'stefanieberg', 2),
                                                                    ('a24c6f25-0359-4e5b-b461-375f2a3530df', 'amarillo', 3),
                                                                    ('1f474a5e-f603-48a6-9c1f-28260221f1b5', 'westgussie', 0),
                                                                    ('1f474a5e-f603-48a6-9c1f-28260221f1b5', 'fredafort', 1),
                                                                    ('1f474a5e-f603-48a6-9c1f-28260221f1b5', 'fortraven', 2),
                                                                    ('1f474a5e-f603-48a6-9c1f-28260221f1b5', 'northnannie', 3),
                                                                    ('03f1aa0b-91f1-4326-a608-0f1c387d62fd', 'brooklynpark', 0),
                                                                    ('03f1aa0b-91f1-4326-a608-0f1c387d62fd', 'pablocester', 1),
                                                                    ('03f1aa0b-91f1-4326-a608-0f1c387d62fd', 'ebertport', 2),
                                                                    ('03f1aa0b-91f1-4326-a608-0f1c387d62fd', 'quigleyside', 3),
                                                                    ('8679b7cf-815a-4f79-9cf3-2b5aa44b8b4e', 'castrovalley', 0),
                                                                    ('8679b7cf-815a-4f79-9cf3-2b5aa44b8b4e', 'hampton', 1),
                                                                    ('8679b7cf-815a-4f79-9cf3-2b5aa44b8b4e', 'lancaster', 2),
                                                                    ('8679b7cf-815a-4f79-9cf3-2b5aa44b8b4e', 'southmarilynefurt', 3),
                                                                    ('80572973-61b8-482f-80db-af24fbbc9392', 'wolffworth', 0),
                                                                    ('80572973-61b8-482f-80db-af24fbbc9392', 'americachester', 1),
                                                                    ('80572973-61b8-482f-80db-af24fbbc9392', 'southfrederiquecester', 2),
                                                                    ('80572973-61b8-482f-80db-af24fbbc9392', 'chulavista', 3),
                                                                    ('ddcf518b-698b-41c6-ad1d-1433d85db18b', 'schinnertown', 0),
                                                                    ('ddcf518b-698b-41c6-ad1d-1433d85db18b', 'portalexa', 1),
                                                                    ('ddcf518b-698b-41c6-ad1d-1433d85db18b', 'kirlinfield', 2),
                                                                    ('ddcf518b-698b-41c6-ad1d-1433d85db18b', 'janesville', 3),
                                                                    ('a88a5cd8-6900-434f-a93f-a4263480110c', 'newjaimestad', 0),
                                                                    ('a88a5cd8-6900-434f-a93f-a4263480110c', 'northgerald', 1),
                                                                    ('a88a5cd8-6900-434f-a93f-a4263480110c', 'northotha', 2),
                                                                    ('a88a5cd8-6900-434f-a93f-a4263480110c', 'langworthton', 3),
                                                                    ('e7b068a5-5436-4636-8d9c-116d89eaf05c', 'lakechester', 0),
                                                                    ('e7b068a5-5436-4636-8d9c-116d89eaf05c', 'wizahaven', 1),
                                                                    ('e7b068a5-5436-4636-8d9c-116d89eaf05c', 'newliam', 2),
                                                                    ('e7b068a5-5436-4636-8d9c-116d89eaf05c', 'folsom', 3),
                                                                    ('2861873a-808c-4242-8b1c-46fe70825773', 'portgeovanni', 0),
                                                                    ('2861873a-808c-4242-8b1c-46fe70825773', 'pablocester', 1),
                                                                    ('2861873a-808c-4242-8b1c-46fe70825773', 'turnerburgh', 2),
                                                                    ('2861873a-808c-4242-8b1c-46fe70825773', 'lakecassidy', 3),
                                                                    ('a4dfb46c-d134-4529-bed0-1781209d9899', 'minot', 0),
                                                                    ('a4dfb46c-d134-4529-bed0-1781209d9899', 'ebertport', 1),
                                                                    ('a4dfb46c-d134-4529-bed0-1781209d9899', 'eastkodyborough', 2),
                                                                    ('a4dfb46c-d134-4529-bed0-1781209d9899', 'lorashire', 3),
                                                                    ('a8f1ccd2-8c70-4427-a9ac-cca1077fcdd6', 'rohnertpark', 0),
                                                                    ('a8f1ccd2-8c70-4427-a9ac-cca1077fcdd6', 'schambergertown', 1),
                                                                    ('a8f1ccd2-8c70-4427-a9ac-cca1077fcdd6', 'southfrederiquecester', 2),
                                                                    ('a8f1ccd2-8c70-4427-a9ac-cca1077fcdd6', 'lillianashire', 3),
                                                                    ('94e4d911-8ac9-4929-a468-5e4f1ee0c052', 'springvalley', 0),
                                                                    ('94e4d911-8ac9-4929-a468-5e4f1ee0c052', 'centreville', 1),
                                                                    ('94e4d911-8ac9-4929-a468-5e4f1ee0c052', 'millsboro', 2),
                                                                    ('94e4d911-8ac9-4929-a468-5e4f1ee0c052', 'shainafurt', 3),
                                                                    ('571e993f-5849-47fe-a29a-0f13be12e0ce', 'stammworth', 0),
                                                                    ('571e993f-5849-47fe-a29a-0f13be12e0ce', 'lakeausten', 1),
                                                                    ('571e993f-5849-47fe-a29a-0f13be12e0ce', 'lednerhaven', 2),
                                                                    ('571e993f-5849-47fe-a29a-0f13be12e0ce', 'fortmakenzie', 3),
                                                                    ('15e6cec3-08b3-4664-bb82-1861ce04a55e', 'lakedurwardworth', 0),
                                                                    ('15e6cec3-08b3-4664-bb82-1861ce04a55e', 'millsboro', 1),
                                                                    ('15e6cec3-08b3-4664-bb82-1861ce04a55e', 'stefanieberg', 2),
                                                                    ('15e6cec3-08b3-4664-bb82-1861ce04a55e', 'portfloyd', 3),
                                                                    ('606a28ef-1ae7-439d-a578-ad6c96d2cd5c', 'elcajon', 0),
                                                                    ('606a28ef-1ae7-439d-a578-ad6c96d2cd5c', 'elvieburgh', 1),
                                                                    ('606a28ef-1ae7-439d-a578-ad6c96d2cd5c', 'fortmacifurt', 2),
                                                                    ('606a28ef-1ae7-439d-a578-ad6c96d2cd5c', 'thadville', 3),
                                                                    ('633cba6f-54c2-46b9-ba5b-a14b9ad8616c', 'jackson', 0),
                                                                    ('633cba6f-54c2-46b9-ba5b-a14b9ad8616c', 'fortkierahaven', 1),
                                                                    ('633cba6f-54c2-46b9-ba5b-a14b9ad8616c', 'sandy', 2),
                                                                    ('633cba6f-54c2-46b9-ba5b-a14b9ad8616c', 'oranfurt', 3),
                                                                    ('aa84f4af-8955-4c7d-89c8-7fdb1522881f', 'pagacland', 0),
                                                                    ('aa84f4af-8955-4c7d-89c8-7fdb1522881f', 'aracelifort', 1),
                                                                    ('aa84f4af-8955-4c7d-89c8-7fdb1522881f', 'turnerburgh', 2),
                                                                    ('aa84f4af-8955-4c7d-89c8-7fdb1522881f', 'eastadriana', 3),
                                                                    ('9991f167-7171-4e09-8634-e5e95199c296', 'poinciana', 0),
                                                                    ('9991f167-7171-4e09-8634-e5e95199c296', 'eastkodyborough', 1),
                                                                    ('9991f167-7171-4e09-8634-e5e95199c296', 'collegestation', 2),
                                                                    ('9991f167-7171-4e09-8634-e5e95199c296', 'evelineton', 3),
                                                                    ('0c5be211-5064-4405-b115-82c84ff6c110', 'uptontown', 0),
                                                                    ('0c5be211-5064-4405-b115-82c84ff6c110', 'tulare', 1),
                                                                    ('0c5be211-5064-4405-b115-82c84ff6c110', 'brownfort', 2),
                                                                    ('0c5be211-5064-4405-b115-82c84ff6c110', 'statecollege', 3),
                                                                    ('bd5a2eb9-9309-48ef-9063-51053bac4fab', 'tillmanland', 0),
                                                                    ('bd5a2eb9-9309-48ef-9063-51053bac4fab', 'jadenborough', 1),
                                                                    ('bd5a2eb9-9309-48ef-9063-51053bac4fab', 'southsanta', 2),
                                                                    ('bd5a2eb9-9309-48ef-9063-51053bac4fab', 'coleburgh', 3),
                                                                    ('a25b04d8-779e-4fab-a2aa-db60b9f0e44a', 'gilbertofort', 0),
                                                                    ('a25b04d8-779e-4fab-a2aa-db60b9f0e44a', 'lednerhaven', 1),
                                                                    ('a25b04d8-779e-4fab-a2aa-db60b9f0e44a', 'portcolumbusfield', 2),
                                                                    ('a25b04d8-779e-4fab-a2aa-db60b9f0e44a', 'westtyreeworth', 3),
                                                                    ('92265171-c643-4551-ba89-deb08be3a240', 'norwoodchester', 0),
                                                                    ('92265171-c643-4551-ba89-deb08be3a240', 'fredafort', 1),
                                                                    ('92265171-c643-4551-ba89-deb08be3a240', 'lakegreen', 2),
                                                                    ('92265171-c643-4551-ba89-deb08be3a240', 'eastlailaville', 3),
                                                                    ('379a5da1-9a14-48b6-b5c3-9ed0a339a79c', 'palmharbor', 0),
                                                                    ('379a5da1-9a14-48b6-b5c3-9ed0a339a79c', 'jadenborough', 1),
                                                                    ('379a5da1-9a14-48b6-b5c3-9ed0a339a79c', 'eastkodyborough', 2),
                                                                    ('379a5da1-9a14-48b6-b5c3-9ed0a339a79c', 'sengerfield', 3),
                                                                    ('e74b8894-45f1-48f4-8961-6990364ab690', 'southapril', 0),
                                                                    ('e74b8894-45f1-48f4-8961-6990364ab690', 'millsboro', 1),
                                                                    ('e74b8894-45f1-48f4-8961-6990364ab690', 'pablocester', 2),
                                                                    ('e74b8894-45f1-48f4-8961-6990364ab690', 'northettieport', 3),
                                                                    ('0363d707-3d60-42d3-90d0-4888641df2a6', 'waldorf', 0),
                                                                    ('0363d707-3d60-42d3-90d0-4888641df2a6', 'grandprairie', 1),
                                                                    ('0363d707-3d60-42d3-90d0-4888641df2a6', 'lednerhaven', 2),
                                                                    ('0363d707-3d60-42d3-90d0-4888641df2a6', 'ontario', 3),
                                                                    ('7a012428-3f56-40ed-9bd7-62fd5a699a07', 'breannefield', 0),
                                                                    ('7a012428-3f56-40ed-9bd7-62fd5a699a07', 'tulare', 1),
                                                                    ('7a012428-3f56-40ed-9bd7-62fd5a699a07', 'karleeville', 2),
                                                                    ('7a012428-3f56-40ed-9bd7-62fd5a699a07', 'sigurdmouth', 3),
                                                                    ('1afb84c3-515c-4f4b-9ac0-0191259d0f95', 'portharley', 0),
                                                                    ('1afb84c3-515c-4f4b-9ac0-0191259d0f95', 'sandy', 1),
                                                                    ('1afb84c3-515c-4f4b-9ac0-0191259d0f95', 'lakenona', 2),
                                                                    ('1afb84c3-515c-4f4b-9ac0-0191259d0f95', 'newkianchester', 3),
                                                                    ('6f708a18-1509-4781-97e3-61450b11a58f', 'nikolausfurt', 0),
                                                                    ('6f708a18-1509-4781-97e3-61450b11a58f', 'pearlfield', 1),
                                                                    ('6f708a18-1509-4781-97e3-61450b11a58f', 'westhellen', 2),
                                                                    ('6f708a18-1509-4781-97e3-61450b11a58f', 'eastjena', 3),
                                                                    ('3b61ccbe-be65-46e3-9b90-9ea02e2e413b', 'schaeferland', 0),
                                                                    ('3b61ccbe-be65-46e3-9b90-9ea02e2e413b', 'tulare', 1),
                                                                    ('3b61ccbe-be65-46e3-9b90-9ea02e2e413b', 'schambergertown', 2),
                                                                    ('3b61ccbe-be65-46e3-9b90-9ea02e2e413b', 'southbrandyville', 3),
                                                                    ('e1e2daf2-ff36-4972-a938-96b49cac3d04', 'tellymouth', 0),
                                                                    ('e1e2daf2-ff36-4972-a938-96b49cac3d04', 'fortlafayette', 1),
                                                                    ('e1e2daf2-ff36-4972-a938-96b49cac3d04', 'rockford', 2),
                                                                    ('e1e2daf2-ff36-4972-a938-96b49cac3d04', 'grahamfurt', 3),
                                                                    ('6d4efc12-af5b-41a5-b48b-d942ed437450', 'homestead', 0),
                                                                    ('6d4efc12-af5b-41a5-b48b-d942ed437450', 'northselmerburgh', 1),
                                                                    ('6d4efc12-af5b-41a5-b48b-d942ed437450', 'reno', 2),
                                                                    ('6d4efc12-af5b-41a5-b48b-d942ed437450', 'fritschview', 3),
                                                                    ('da3c39c0-a6ae-4dae-a6e4-1ee0fced779d', 'porthelen', 0),
                                                                    ('da3c39c0-a6ae-4dae-a6e4-1ee0fced779d', 'millsboro', 1),
                                                                    ('da3c39c0-a6ae-4dae-a6e4-1ee0fced779d', 'turnerburgh', 2),
                                                                    ('da3c39c0-a6ae-4dae-a6e4-1ee0fced779d', 'brookhaven', 3),
                                                                    ('cb3f1d86-e9b6-4814-bd1e-cf45b2b2241f', 'fortcharleybury', 0),
                                                                    ('cb3f1d86-e9b6-4814-bd1e-cf45b2b2241f', 'portlydaboro', 1),
                                                                    ('cb3f1d86-e9b6-4814-bd1e-cf45b2b2241f', 'westmaryamboro', 2),
                                                                    ('cb3f1d86-e9b6-4814-bd1e-cf45b2b2241f', 'boulder', 3),
                                                                    ('cfb758ff-b879-4441-a9b3-716c6213b5ce', 'lakeshayna', 0),
                                                                    ('cfb758ff-b879-4441-a9b3-716c6213b5ce', 'eastrhettburgh', 1),
                                                                    ('cfb758ff-b879-4441-a9b3-716c6213b5ce', 'beierton', 2),
                                                                    ('cfb758ff-b879-4441-a9b3-716c6213b5ce', 'swiftburgh', 3);








