create table route
(
    id            varchar(36)  not null
        primary key,
    end_station   varchar(255) null,
    start_station varchar(255) null
)
        engine = InnoDB;
INSERT INTO route (id, end_station, start_station) VALUES
                                                       ('51838db0-8bbb-4c1c-9d43-97d078a84c6b', 'newdurwardfurt', 'southoma'),
                                                       ('4526c3be-4bb9-40ef-b92d-16e2586fb7b7', 'salem', 'orange'),
                                                       ('4edb971a-5d89-42b3-af72-5e3aa125f426', 'southnellastad', 'elzatown'),
                                                       ('43c86db2-857b-479d-b642-e07842d328e8', 'northwillowstead', 'commercecity'),
                                                       ('70297925-f923-421f-b24a-33a708d3603f', 'eastmargiemouth', 'fortelecta'),
                                                       ('451a212f-1c8e-4670-a6fa-efdc0227f93e', 'ashleefurt', 'fortmalliebury'),
                                                       ('22500c01-19cc-4964-8b27-5802d3986cef', 'severn', 'lakegiovannaboro'),
                                                       ('21382251-fb04-4dd3-8a61-c5db075b2626', 'northviolet', 'rogerburgh'),
                                                       ('36249996-0889-4e56-8114-1e3294dd193b', 'eastwhitneyport', 'ernserfield'),
                                                       ('9450f5d6-4814-4b62-81e9-93ca8bd98eb6', 'southroslyn', 'portaurore'),
                                                       ('43919e2f-959d-4a96-a988-cb7b15e551bf', 'northlilaborough', 'brownstad'),
                                                       ('b0aa5ee4-ae76-40af-af0b-887a8af941b1', 'spokanevalley', 'lennyhaven'),
                                                       ('1e4c76fb-9c44-4d5a-b610-63586ad95d22', 'westcleo', 'huelstead'),
                                                       ('ae3ed5bb-896a-4788-9b5d-c8499e7e5a9f', 'dorriscester', 'carsoncity'),
                                                       ('b23c127b-6e77-4390-966e-34a176673767', 'ziemeboro', 'oaklawn'),
                                                       ('47a9bce2-b588-4f24-9127-4f8d128992eb', 'kutchmouth', 'bogisichbury'),
                                                       ('d8554f7a-b86b-4169-bcdd-268421c27393', 'stiedemannview', 'fullerton'),
                                                       ('b51f2f8f-cc24-4450-8178-e7724432ebfc', 'jakubowskiville', 'lenniechester'),
                                                       ('8e11f946-d68b-4aed-884d-d5730cafbde2', 'easttracefurt', 'lakemabelle'),
                                                       ('8d7f1709-fb82-492e-bda9-999ec1ea8851', 'newbrunswick', 'bellgardens'),
                                                       ('ced93ff4-a510-4dab-9d5b-19746afbc0db', 'lakehildaton', 'northport'),
                                                       ('20be514a-081d-4d86-858d-4b8713f42a1d', 'fortcathychester', 'hegmannview'),
                                                       ('535d61d1-0987-48f0-9307-1a93895d2b12', 'angelton', 'glenview'),
                                                       ('75d7983b-1542-4efa-b4ac-0af62d3699d9', 'jeffereystad', 'northkeirahaven'),
                                                       ('f0f9c9da-3309-489f-91f1-b5896b940c2b', 'stammberg', 'chaunceyboro'),
                                                       ('d8ce26b9-2705-49af-b371-7049409eadb4', 'eastrickyhaven', 'westfeliciastad'),
                                                       ('bbdec238-e1d4-413e-a921-d38b6c9c89e5', 'newhaven', 'porthollis'),
                                                       ('5fd85c95-bf9f-4254-a542-fcb09bd7a39b', 'fortvernice', 'westcaylahaven'),
                                                       ('8b700aaf-3e69-4794-ae2c-262ce599aa8f', 'denton', 'rauburgh'),
                                                       ('bea779e0-ee1f-4f38-b9fc-30a0d27282e5', 'hoover', 'kiehnshire'),
                                                       ('e349d938-cc88-4bc9-8e0a-04f95301fcb2', 'shanahanfield', 'newrebeca'),
                                                       ('bd7fe896-1c25-47a5-8eb5-8d369b55f380', 'southkarastad', 'jaclynshire'),
                                                       ('a58e810a-9d63-4b40-8a37-a14eb40c6ab0', 'grapevine', 'bedford'),
                                                       ('252c82b8-11ea-4aa3-83a0-e5cc16d943b0', 'westmichel', 'southmaryamberg'),
                                                       ('2460c8d3-88ec-4672-a098-cda57c84e792', 'lacyberg', 'lakerobert'),
                                                       ('ceb8981e-80e6-476b-89dc-68f24175b887', 'southkimberlyfield', 'huntingtonbeach'),
                                                       ('4c301d52-7b1c-463a-8009-f00a6113573e', 'eastjohathan', 'westglen'),
                                                       ('293e660c-f36b-4c8b-906e-8194de2a6213', 'beckerberg', 'kiehnland'),
                                                       ('e1ac9f28-8276-416f-a041-945f3f48740f', 'fortrita', 'lakenikolasfurt'),
                                                       ('7395cfea-54fd-4f1c-b1de-e9c06da2a6c3', 'conroyworth', 'westelisabethfort'),
                                                       ('921c378e-477e-496f-92a6-87e898e4ce9a', 'franeckiberg', 'ethylcester'),
                                                       ('02eb053b-9039-4b74-b0cf-59da669408bd', 'mansfield', 'newlaron'),
                                                       ('16354aaf-45b2-4d48-bbe7-04536ff5e0ab', 'oletaton', 'kirkfurt'),
                                                       ('5df4df06-61c2-4fda-9aea-af1ee0cd8481', 'tamiabury', 'ryannhaven'),
                                                       ('92f7e175-fa4d-4fe5-ae68-90d5d532845d', 'carterfurt', 'madietown'),
                                                       ('153b6037-7f3f-442e-b44c-52398d529ac9', 'fortblanche', 'oleport'),
                                                       ('ed8fa787-1471-499d-a5fd-0d90e15f8a79', 'lansing', 'vancouver'),
                                                       ('e5a6f3ea-b724-4031-b577-3cf6ec38912f', 'newbernardo', 'westkelleyworth'),
                                                       ('d17d0325-28d2-4ab0-841a-69bfc6435a0e', 'wyattville', 'prohaskashire'),
                                                       ('d6feaf4d-c461-460c-9327-cf56f89daec0', 'porttiaramouth', 'hilo'),
                                                       ('c5355a39-3cf1-4f47-95b1-d4ece51d7e9e', 'portandersonmouth', 'adolphtown'),
                                                       ('e2ea7ce8-788d-4d90-9ac2-8b1b4c40ac7a', 'haucktown', 'arvidchester'),
                                                       ('b50e8815-2ad3-4d91-9796-5905cb229336', 'norrisstead', 'kareemhaven'),
                                                       ('04056f5f-9909-4474-a9b9-a2775e63e05d', 'spokane', 'hodkiewiczshire'),
                                                       ('c576b90f-20a7-4296-8a63-6a9b511f768c', 'jenaborough', 'rosinamouth'),
                                                       ('778e8952-39c0-4ea7-8516-0c0caa1184f8', 'collintown', 'westmelvinaberg'),
                                                       ('46f74fdc-20cc-430d-9fdf-ecbf010e18c7', 'rosecester', 'mellieside'),
                                                       ('df566b3a-a19b-4f3e-83a0-ec851fd2bce0', 'eastdanielleside', 'florence-graham'),
                                                       ('033b3fff-c98f-441b-bbdc-0f02da44a89e', 'fortwilford', 'jordanboro'),
                                                       ('60b61123-9b27-45d7-afdc-121fbdf1486c', 'lakedaren', 'celestinostad'),
                                                       ('1e55cee2-03a0-4c51-b66e-c6ab934a7e3d', 'bloomington', 'newcleohaven'),
                                                       ('52f5b710-70fe-4c23-98df-663dba02f852', 'fortcortez', 'corkeryside'),
                                                       ('af358c5c-eb10-455f-a139-99129e698b24', 'portgenevieve', 'portzetta'),
                                                       ('d22ccf06-f669-48e5-83f9-893ee03cc48f', 'lakecristal', 'eastodieburgh'),
                                                       ('86312593-47e4-4cb3-bff1-0eea4ccd5d84', 'roanoke', 'portjenaton'),
                                                       ('f62aafd9-f58d-4329-9db3-e9b52837aec6', 'gleichnerburgh', 'westmadison'),
                                                       ('38c8773f-3c36-44a6-b8ec-1aa1849f43e5', 'southsim', 'ondrickaworth'),
                                                       ('f3a1f52c-ccd9-4210-9414-090d0a86c02f', 'southbraxtonshire', 'fresno'),
                                                       ('dff035cd-6d7b-4cc4-84f8-a13be03f1c63', 'southdiannastead', 'harlingen'),
                                                       ('64624723-6338-4c47-9cf7-e1caab6c4eb9', 'amiyastad', 'northcoryview'),
                                                       ('a6cd4fa1-99e8-43c4-ae95-611a5d245424', 'portadelle', 'fortlucienneside'),
                                                       ('abbebb8d-197a-41ad-a055-5b973dcaed71', 'lauderhill', 'newralphton'),
                                                       ('a129cec8-b7fa-43c3-aec9-b323b59ec1e0', 'mortonburgh', 'rennerstead'),
                                                       ('d8120d04-f95e-4ae1-afda-8d7d3182ade5', 'chapelhill', 'forturbanview'),
                                                       ('7996fa6b-8e77-477a-aa52-8eb7f0dbb192', 'fortmalinda', 'northwellingtonberg'),
                                                       ('bdfecd87-3e0d-4db7-be68-108395308de8', 'jovanychester', 'fayworth'),
                                                       ('d941e379-672c-4efa-9d46-52cad6fda09c', 'reichertland', 'rockymount'),
                                                       ('170fdd02-7038-40ea-b85a-dfe2e8ea9826', 'eastfelicityport', 'terrehaute'),
                                                       ('8b3e706c-fecd-4850-bb4f-a218a4c7edd0', 'lakealden', 'lakekrystina'),
                                                       ('72e2d463-c516-4124-a637-88dccf516973', 'boscoberg', 'fortdavin'),
                                                       ('e2eaa6d1-be92-4795-a65b-9ce6daab5423', 'palmharbor', 'schmidtfurt'),
                                                       ('85229cfe-635a-436e-ae65-f505136aa951', 'caseyview', 'zulauffurt'),
                                                       ('673d7f85-8f9b-4e2c-9cbb-17950f1190ca', 'maudechester', 'yucaipa'),
                                                       ('1d119e7f-c682-4e07-ae2c-4ba4123fdb33', 'southchaimton', 'santaana'),
                                                       ('d2c5b746-4f89-4d8c-976e-9cad88b7206e', 'kuhiccester', 'eastcarolynborough'),
                                                       ('1d8344b6-7c66-4ab8-b396-45ee26c44424', 'eastjamil', 'portmadisen'),
                                                       ('e49b41b7-b535-47cd-a262-f838f0ce87ac', 'willmsfort', 'newselenaburgh'),
                                                       ('e8e03919-549d-44f6-ab41-1af5ce5fd26a', 'portelliottchester', 'steuberstad'),
                                                       ('770854b6-6e8a-48e6-a34a-b6c4fd9addc9', 'southdarius', 'fortkyra'),
                                                       ('021eca16-1ebb-4094-aa60-2c4331dc048d', 'clearwater', 'westgersonville'),
                                                       ('f7b2f6b3-4f41-43bd-8bd0-0e3845da3dc9', 'westdestinstad', 'newsidneyport'),
                                                       ('6c0928d9-38df-48e0-8de1-90a210162a65', 'westkacie', 'portcarmel'),
                                                       ('3b275ff9-3126-4124-8026-14344f057bb5', 'southonaboro', 'selenaberg'),
                                                       ('6e1a8c16-0a84-4fb7-8f08-4de3f65fe166', 'dundalk', 'denesikfurt'),
                                                       ('f60e82de-7547-4ce9-99ad-8d69c7df9636', 'westreid', 'northvestastead'),
                                                       ('7b39b5ff-54d5-4390-bd88-cd65bc78b95e', 'sanfrancisco', 'torrance'),
                                                       ('3bdde0cc-a4eb-4e04-8df0-21068339bf7a', 'northcoryshire', 'westaddisonshire'),
                                                       ('04611c67-883f-4592-986b-805ffeaf5a6b', 'hintzville', 'edaborough'),
                                                       ('cb40dd82-6053-4ec5-899a-94ad6aa6a976', 'flossieland', 'aidaport'),
                                                       ('e785832f-82f4-4f42-ac71-a6d63a2667b4', 'portpercy', 'fortcolten');










create table route_distances
(
    route_id        varchar(36) not null,
    distances       int         null,
    distances_order int         not null,
    primary key (route_id, distances_order)
)
        engine = InnoDB;
INSERT INTO route_distances (route_id, distances, distances_order) VALUES
                                                                       ('51838db0-8bbb-4c1c-9d43-97d078a84c6b', 35.76973648741841, 0),
                                                                       ('51838db0-8bbb-4c1c-9d43-97d078a84c6b', 70.24763142690063, 1),
                                                                       ('51838db0-8bbb-4c1c-9d43-97d078a84c6b', 97.68572566099465, 2),
                                                                       ('51838db0-8bbb-4c1c-9d43-97d078a84c6b', 19.715325557626784, 3),
                                                                       ('4526c3be-4bb9-40ef-b92d-16e2586fb7b7', 98.7875621765852, 0),
                                                                       ('4526c3be-4bb9-40ef-b92d-16e2586fb7b7', 65.24285273626447, 1),
                                                                       ('4526c3be-4bb9-40ef-b92d-16e2586fb7b7', 32.60702551342547, 2),
                                                                       ('4526c3be-4bb9-40ef-b92d-16e2586fb7b7', 33.92341039143503, 3),
                                                                       ('4edb971a-5d89-42b3-af72-5e3aa125f426', 23.96271671168506, 0),
                                                                       ('4edb971a-5d89-42b3-af72-5e3aa125f426', 8.16758384462446, 1),
                                                                       ('4edb971a-5d89-42b3-af72-5e3aa125f426', 31.858411733992398, 2),
                                                                       ('4edb971a-5d89-42b3-af72-5e3aa125f426', 68.62744623795152, 3),
                                                                       ('43c86db2-857b-479d-b642-e07842d328e8', 44.23431567847729, 0),
                                                                       ('43c86db2-857b-479d-b642-e07842d328e8', 19.12775516975671, 1),
                                                                       ('43c86db2-857b-479d-b642-e07842d328e8', 70.6634214380756, 2),
                                                                       ('43c86db2-857b-479d-b642-e07842d328e8', 45.41759951971471, 3),
                                                                       ('70297925-f923-421f-b24a-33a708d3603f', 46.80902573745698, 0),
                                                                       ('70297925-f923-421f-b24a-33a708d3603f', 10.95532476902008, 1),
                                                                       ('70297925-f923-421f-b24a-33a708d3603f', 63.11279586516321, 2),
                                                                       ('70297925-f923-421f-b24a-33a708d3603f', 80.75991463847458, 3),
                                                                       ('451a212f-1c8e-4670-a6fa-efdc0227f93e', 60.77404357492924, 0),
                                                                       ('451a212f-1c8e-4670-a6fa-efdc0227f93e', 73.25751832686365, 1),
                                                                       ('451a212f-1c8e-4670-a6fa-efdc0227f93e', 33.539513987489045, 2),
                                                                       ('451a212f-1c8e-4670-a6fa-efdc0227f93e', 18.098009354434907, 3),
                                                                       ('22500c01-19cc-4964-8b27-5802d3986cef', 36.46243032999337, 0),
                                                                       ('22500c01-19cc-4964-8b27-5802d3986cef', 36.861130176112056, 1),
                                                                       ('22500c01-19cc-4964-8b27-5802d3986cef', 37.870502192527056, 2),
                                                                       ('22500c01-19cc-4964-8b27-5802d3986cef', 45.66853998694569, 3),
                                                                       ('21382251-fb04-4dd3-8a61-c5db075b2626', 38.22445136029273, 0),
                                                                       ('21382251-fb04-4dd3-8a61-c5db075b2626', 7.359106396324933, 1),
                                                                       ('21382251-fb04-4dd3-8a61-c5db075b2626', 78.81103677209467, 2),
                                                                       ('21382251-fb04-4dd3-8a61-c5db075b2626', 38.58719547279179, 3),
                                                                       ('36249996-0889-4e56-8114-1e3294dd193b', 27.41477054078132, 0),
                                                                       ('36249996-0889-4e56-8114-1e3294dd193b', 17.49588514212519, 1),
                                                                       ('36249996-0889-4e56-8114-1e3294dd193b', 7.401277776807547, 2),
                                                                       ('36249996-0889-4e56-8114-1e3294dd193b', 57.23941349424422, 3),
                                                                       ('9450f5d6-4814-4b62-81e9-93ca8bd98eb6', 15.927653294056654, 0),
                                                                       ('9450f5d6-4814-4b62-81e9-93ca8bd98eb6', 39.22337614931166, 1),
                                                                       ('9450f5d6-4814-4b62-81e9-93ca8bd98eb6', 88.60025419853628, 2),
                                                                       ('9450f5d6-4814-4b62-81e9-93ca8bd98eb6', 21.82691521011293, 3),
                                                                       ('43919e2f-959d-4a96-a988-cb7b15e551bf', 52.8500608401373, 0),
                                                                       ('43919e2f-959d-4a96-a988-cb7b15e551bf', 93.98397349286824, 1),
                                                                       ('43919e2f-959d-4a96-a988-cb7b15e551bf', 63.91572980210185, 2),
                                                                       ('43919e2f-959d-4a96-a988-cb7b15e551bf', 45.38959376513958, 3),
                                                                       ('b0aa5ee4-ae76-40af-af0b-887a8af941b1', 10.083011072129011, 0),
                                                                       ('b0aa5ee4-ae76-40af-af0b-887a8af941b1', 29.433525283820927, 1),
                                                                       ('b0aa5ee4-ae76-40af-af0b-887a8af941b1', 55.82327318843454, 2),
                                                                       ('b0aa5ee4-ae76-40af-af0b-887a8af941b1', 93.65743605885655, 3),
                                                                       ('1e4c76fb-9c44-4d5a-b610-63586ad95d22', 58.061472373083234, 0),
                                                                       ('1e4c76fb-9c44-4d5a-b610-63586ad95d22', 25.515010417439044, 1),
                                                                       ('1e4c76fb-9c44-4d5a-b610-63586ad95d22', 61.65065593086183, 2),
                                                                       ('1e4c76fb-9c44-4d5a-b610-63586ad95d22', 18.994272290728986, 3),
                                                                       ('ae3ed5bb-896a-4788-9b5d-c8499e7e5a9f', 34.895365848205984, 0),
                                                                       ('ae3ed5bb-896a-4788-9b5d-c8499e7e5a9f', 14.85073589719832, 1),
                                                                       ('ae3ed5bb-896a-4788-9b5d-c8499e7e5a9f', 12.41787641774863, 2),
                                                                       ('ae3ed5bb-896a-4788-9b5d-c8499e7e5a9f', 32.247847435064614, 3),
                                                                       ('b23c127b-6e77-4390-966e-34a176673767', 76.87804133165628, 0),
                                                                       ('b23c127b-6e77-4390-966e-34a176673767', 45.67438529338688, 1),
                                                                       ('b23c127b-6e77-4390-966e-34a176673767', 14.187204069457948, 2),
                                                                       ('b23c127b-6e77-4390-966e-34a176673767', 71.71182839665562, 3),
                                                                       ('47a9bce2-b588-4f24-9127-4f8d128992eb', 41.57224940136075, 0),
                                                                       ('47a9bce2-b588-4f24-9127-4f8d128992eb', 45.478890533559024, 1),
                                                                       ('47a9bce2-b588-4f24-9127-4f8d128992eb', 62.60275391396135, 2),
                                                                       ('47a9bce2-b588-4f24-9127-4f8d128992eb', 5.644610896706581, 3),
                                                                       ('d8554f7a-b86b-4169-bcdd-268421c27393', 46.77430724259466, 0),
                                                                       ('d8554f7a-b86b-4169-bcdd-268421c27393', 39.521012641489506, 1),
                                                                       ('d8554f7a-b86b-4169-bcdd-268421c27393', 27.55589997395873, 2),
                                                                       ('d8554f7a-b86b-4169-bcdd-268421c27393', 90.1440063957125, 3),
                                                                       ('b51f2f8f-cc24-4450-8178-e7724432ebfc', 58.15983728971332, 0),
                                                                       ('b51f2f8f-cc24-4450-8178-e7724432ebfc', 26.442665536887944, 1),
                                                                       ('b51f2f8f-cc24-4450-8178-e7724432ebfc', 20.54637388791889, 2),
                                                                       ('b51f2f8f-cc24-4450-8178-e7724432ebfc', 71.92091441247612, 3),
                                                                       ('8e11f946-d68b-4aed-884d-d5730cafbde2', 7.818547752685845, 0),
                                                                       ('8e11f946-d68b-4aed-884d-d5730cafbde2', 28.858432383276522, 1),
                                                                       ('8e11f946-d68b-4aed-884d-d5730cafbde2', 70.78644146677107, 2),
                                                                       ('8e11f946-d68b-4aed-884d-d5730cafbde2', 42.80450020451099, 3),
                                                                       ('8d7f1709-fb82-492e-bda9-999ec1ea8851', 78.60968643799424, 0),
                                                                       ('8d7f1709-fb82-492e-bda9-999ec1ea8851', 2.315195114351809, 1),
                                                                       ('8d7f1709-fb82-492e-bda9-999ec1ea8851', 55.256528803147376, 2),
                                                                       ('8d7f1709-fb82-492e-bda9-999ec1ea8851', 71.72288331203163, 3),
                                                                       ('ced93ff4-a510-4dab-9d5b-19746afbc0db', 99.83492926694453, 0),
                                                                       ('ced93ff4-a510-4dab-9d5b-19746afbc0db', 49.78642105124891, 1),
                                                                       ('ced93ff4-a510-4dab-9d5b-19746afbc0db', 67.00886914040893, 2),
                                                                       ('ced93ff4-a510-4dab-9d5b-19746afbc0db', 88.1844344548881, 3),
                                                                       ('20be514a-081d-4d86-858d-4b8713f42a1d', 85.71230247616768, 0),
                                                                       ('20be514a-081d-4d86-858d-4b8713f42a1d', 39.07049896661192, 1),
                                                                       ('20be514a-081d-4d86-858d-4b8713f42a1d', 19.05587997753173, 2),
                                                                       ('20be514a-081d-4d86-858d-4b8713f42a1d', 7.874139514751732, 3),
                                                                       ('535d61d1-0987-48f0-9307-1a93895d2b12', 94.15136738680303, 0),
                                                                       ('535d61d1-0987-48f0-9307-1a93895d2b12', 80.99644531030208, 1),
                                                                       ('535d61d1-0987-48f0-9307-1a93895d2b12', 9.669621381908655, 2),
                                                                       ('535d61d1-0987-48f0-9307-1a93895d2b12', 89.85083685256541, 3),
                                                                       ('75d7983b-1542-4efa-b4ac-0af62d3699d9', 4.214465687982738, 0),
                                                                       ('75d7983b-1542-4efa-b4ac-0af62d3699d9', 64.08660542219877, 1),
                                                                       ('75d7983b-1542-4efa-b4ac-0af62d3699d9', 32.47941562440246, 2),
                                                                       ('75d7983b-1542-4efa-b4ac-0af62d3699d9', 75.16957262996584, 3),
                                                                       ('f0f9c9da-3309-489f-91f1-b5896b940c2b', 27.57847411558032, 0),
                                                                       ('f0f9c9da-3309-489f-91f1-b5896b940c2b', 4.465880920179188, 1),
                                                                       ('f0f9c9da-3309-489f-91f1-b5896b940c2b', 96.61553238984197, 2),
                                                                       ('f0f9c9da-3309-489f-91f1-b5896b940c2b', 30.214660754427314, 3),
                                                                       ('d8ce26b9-2705-49af-b371-7049409eadb4', 77.4098641006276, 0),
                                                                       ('d8ce26b9-2705-49af-b371-7049409eadb4', 50.58150356635451, 1),
                                                                       ('d8ce26b9-2705-49af-b371-7049409eadb4', 76.9461665302515, 2),
                                                                       ('d8ce26b9-2705-49af-b371-7049409eadb4', 79.5796216931194, 3),
                                                                       ('bbdec238-e1d4-413e-a921-d38b6c9c89e5', 51.2698880629614, 0),
                                                                       ('bbdec238-e1d4-413e-a921-d38b6c9c89e5', 5.640559294261038, 1),
                                                                       ('bbdec238-e1d4-413e-a921-d38b6c9c89e5', 87.10878379642963, 2),
                                                                       ('bbdec238-e1d4-413e-a921-d38b6c9c89e5', 2.8829094721004367, 3),
                                                                       ('5fd85c95-bf9f-4254-a542-fcb09bd7a39b', 13.530206866562366, 0),
                                                                       ('5fd85c95-bf9f-4254-a542-fcb09bd7a39b', 77.50697445590049, 1),
                                                                       ('5fd85c95-bf9f-4254-a542-fcb09bd7a39b', 96.92709022201598, 2),
                                                                       ('5fd85c95-bf9f-4254-a542-fcb09bd7a39b', 1.5782773960381746, 3),
                                                                       ('8b700aaf-3e69-4794-ae2c-262ce599aa8f', 84.42965177819133, 0),
                                                                       ('8b700aaf-3e69-4794-ae2c-262ce599aa8f', 39.934675488621, 1),
                                                                       ('8b700aaf-3e69-4794-ae2c-262ce599aa8f', 83.60186205245554, 2),
                                                                       ('8b700aaf-3e69-4794-ae2c-262ce599aa8f', 58.123077591881156, 3),
                                                                       ('bea779e0-ee1f-4f38-b9fc-30a0d27282e5', 94.8964103590697, 0),
                                                                       ('bea779e0-ee1f-4f38-b9fc-30a0d27282e5', 69.88707073032856, 1),
                                                                       ('bea779e0-ee1f-4f38-b9fc-30a0d27282e5', 31.16448917426169, 2),
                                                                       ('bea779e0-ee1f-4f38-b9fc-30a0d27282e5', 14.591707894578576, 3),
                                                                       ('e349d938-cc88-4bc9-8e0a-04f95301fcb2', 7.093870686367154, 0),
                                                                       ('e349d938-cc88-4bc9-8e0a-04f95301fcb2', 91.27332475036383, 1),
                                                                       ('e349d938-cc88-4bc9-8e0a-04f95301fcb2', 8.326200675219297, 2),
                                                                       ('e349d938-cc88-4bc9-8e0a-04f95301fcb2', 64.40531616099179, 3),
                                                                       ('bd7fe896-1c25-47a5-8eb5-8d369b55f380', 72.87165420129895, 0),
                                                                       ('bd7fe896-1c25-47a5-8eb5-8d369b55f380', 27.193116024136543, 1),
                                                                       ('bd7fe896-1c25-47a5-8eb5-8d369b55f380', 64.12509884685278, 2),
                                                                       ('bd7fe896-1c25-47a5-8eb5-8d369b55f380', 9.668783005326986, 3),
                                                                       ('a58e810a-9d63-4b40-8a37-a14eb40c6ab0', 62.93581277132034, 0),
                                                                       ('a58e810a-9d63-4b40-8a37-a14eb40c6ab0', 55.64776388928294, 1),
                                                                       ('a58e810a-9d63-4b40-8a37-a14eb40c6ab0', 15.240751346573234, 2),
                                                                       ('a58e810a-9d63-4b40-8a37-a14eb40c6ab0', 50.84919650107622, 3),
                                                                       ('252c82b8-11ea-4aa3-83a0-e5cc16d943b0', 96.81228862609714, 0),
                                                                       ('252c82b8-11ea-4aa3-83a0-e5cc16d943b0', 14.653726085089147, 1),
                                                                       ('252c82b8-11ea-4aa3-83a0-e5cc16d943b0', 41.402603313326836, 2),
                                                                       ('252c82b8-11ea-4aa3-83a0-e5cc16d943b0', 98.04981464985758, 3),
                                                                       ('2460c8d3-88ec-4672-a098-cda57c84e792', 45.22238571662456, 0),
                                                                       ('2460c8d3-88ec-4672-a098-cda57c84e792', 22.41306505165994, 1),
                                                                       ('2460c8d3-88ec-4672-a098-cda57c84e792', 91.36553427670151, 2),
                                                                       ('2460c8d3-88ec-4672-a098-cda57c84e792', 30.34756272099912, 3),
                                                                       ('ceb8981e-80e6-476b-89dc-68f24175b887', 24.559021275490522, 0),
                                                                       ('ceb8981e-80e6-476b-89dc-68f24175b887', 53.08647153433412, 1),
                                                                       ('ceb8981e-80e6-476b-89dc-68f24175b887', 39.14049512241036, 2),
                                                                       ('ceb8981e-80e6-476b-89dc-68f24175b887', 63.874135562218726, 3),
                                                                       ('4c301d52-7b1c-463a-8009-f00a6113573e', 94.29403699468821, 0),
                                                                       ('4c301d52-7b1c-463a-8009-f00a6113573e', 91.50530502665788, 1),
                                                                       ('4c301d52-7b1c-463a-8009-f00a6113573e', 25.96322651952505, 2),
                                                                       ('4c301d52-7b1c-463a-8009-f00a6113573e', 8.283641631715, 3),
                                                                       ('293e660c-f36b-4c8b-906e-8194de2a6213', 35.69686380214989, 0),
                                                                       ('293e660c-f36b-4c8b-906e-8194de2a6213', 25.64457554835826, 1),
                                                                       ('293e660c-f36b-4c8b-906e-8194de2a6213', 16.90964021254331, 2),
                                                                       ('293e660c-f36b-4c8b-906e-8194de2a6213', 67.06692688167095, 3),
                                                                       ('e1ac9f28-8276-416f-a041-945f3f48740f', 30.35403082612902, 0),
                                                                       ('e1ac9f28-8276-416f-a041-945f3f48740f', 62.52687736414373, 1),
                                                                       ('e1ac9f28-8276-416f-a041-945f3f48740f', 15.786463744007051, 2),
                                                                       ('e1ac9f28-8276-416f-a041-945f3f48740f', 73.66297789849341, 3),
                                                                       ('7395cfea-54fd-4f1c-b1de-e9c06da2a6c3', 65.6270429957658, 0),
                                                                       ('7395cfea-54fd-4f1c-b1de-e9c06da2a6c3', 88.85282929986715, 1),
                                                                       ('7395cfea-54fd-4f1c-b1de-e9c06da2a6c3', 19.179080124013126, 2),
                                                                       ('7395cfea-54fd-4f1c-b1de-e9c06da2a6c3', 90.20258456002921, 3),
                                                                       ('921c378e-477e-496f-92a6-87e898e4ce9a', 92.04672146588564, 0),
                                                                       ('921c378e-477e-496f-92a6-87e898e4ce9a', 89.92626550607383, 1),
                                                                       ('921c378e-477e-496f-92a6-87e898e4ce9a', 0.8004976436495781, 2),
                                                                       ('921c378e-477e-496f-92a6-87e898e4ce9a', 91.18595051113516, 3),
                                                                       ('02eb053b-9039-4b74-b0cf-59da669408bd', 39.166720933280885, 0),
                                                                       ('02eb053b-9039-4b74-b0cf-59da669408bd', 36.275981832295656, 1),
                                                                       ('02eb053b-9039-4b74-b0cf-59da669408bd', 5.572863039560616, 2),
                                                                       ('02eb053b-9039-4b74-b0cf-59da669408bd', 9.626943292096257, 3),
                                                                       ('16354aaf-45b2-4d48-bbe7-04536ff5e0ab', 82.27108921855688, 0),
                                                                       ('16354aaf-45b2-4d48-bbe7-04536ff5e0ab', 22.95608122367412, 1),
                                                                       ('16354aaf-45b2-4d48-bbe7-04536ff5e0ab', 77.00720431748778, 2),
                                                                       ('16354aaf-45b2-4d48-bbe7-04536ff5e0ab', 54.44395893719047, 3),
                                                                       ('5df4df06-61c2-4fda-9aea-af1ee0cd8481', 61.51232661213726, 0),
                                                                       ('5df4df06-61c2-4fda-9aea-af1ee0cd8481', 16.71752124093473, 1),
                                                                       ('5df4df06-61c2-4fda-9aea-af1ee0cd8481', 0.5697115557268262, 2),
                                                                       ('5df4df06-61c2-4fda-9aea-af1ee0cd8481', 93.37935233488679, 3),
                                                                       ('92f7e175-fa4d-4fe5-ae68-90d5d532845d', 99.38313991297036, 0),
                                                                       ('92f7e175-fa4d-4fe5-ae68-90d5d532845d', 30.663786153309047, 1),
                                                                       ('92f7e175-fa4d-4fe5-ae68-90d5d532845d', 21.17035819683224, 2),
                                                                       ('92f7e175-fa4d-4fe5-ae68-90d5d532845d', 13.98442096542567, 3),
                                                                       ('153b6037-7f3f-442e-b44c-52398d529ac9', 16.84693479910493, 0),
                                                                       ('153b6037-7f3f-442e-b44c-52398d529ac9', 82.95247196219862, 1),
                                                                       ('153b6037-7f3f-442e-b44c-52398d529ac9', 27.032292261719704, 2),
                                                                       ('153b6037-7f3f-442e-b44c-52398d529ac9', 87.6534883165732, 3),
                                                                       ('ed8fa787-1471-499d-a5fd-0d90e15f8a79', 75.91146514751017, 0),
                                                                       ('ed8fa787-1471-499d-a5fd-0d90e15f8a79', 47.195913223549724, 1),
                                                                       ('ed8fa787-1471-499d-a5fd-0d90e15f8a79', 53.57183727901429, 2),
                                                                       ('ed8fa787-1471-499d-a5fd-0d90e15f8a79', 56.19150267448276, 3),
                                                                       ('e5a6f3ea-b724-4031-b577-3cf6ec38912f', 29.471900197677314, 0),
                                                                       ('e5a6f3ea-b724-4031-b577-3cf6ec38912f', 38.76897513400763, 1),
                                                                       ('e5a6f3ea-b724-4031-b577-3cf6ec38912f', 0.24406968150287867, 2),
                                                                       ('e5a6f3ea-b724-4031-b577-3cf6ec38912f', 44.1918128170073, 3),
                                                                       ('d17d0325-28d2-4ab0-841a-69bfc6435a0e', 64.13993402384222, 0),
                                                                       ('d17d0325-28d2-4ab0-841a-69bfc6435a0e', 6.476285494863987, 1),
                                                                       ('d17d0325-28d2-4ab0-841a-69bfc6435a0e', 85.00148947350681, 2),
                                                                       ('d17d0325-28d2-4ab0-841a-69bfc6435a0e', 10.006937105208635, 3),
                                                                       ('d6feaf4d-c461-460c-9327-cf56f89daec0', 31.80155288428068, 0),
                                                                       ('d6feaf4d-c461-460c-9327-cf56f89daec0', 13.490773271769285, 1),
                                                                       ('d6feaf4d-c461-460c-9327-cf56f89daec0', 6.247136741876602, 2),
                                                                       ('d6feaf4d-c461-460c-9327-cf56f89daec0', 46.77583612501621, 3),
                                                                       ('c5355a39-3cf1-4f47-95b1-d4ece51d7e9e', 47.17630210798234, 0),
                                                                       ('c5355a39-3cf1-4f47-95b1-d4ece51d7e9e', 0.4874009871855378, 1),
                                                                       ('c5355a39-3cf1-4f47-95b1-d4ece51d7e9e', 15.640188287943602, 2),
                                                                       ('c5355a39-3cf1-4f47-95b1-d4ece51d7e9e', 16.309792478568852, 3),
                                                                       ('e2ea7ce8-788d-4d90-9ac2-8b1b4c40ac7a', 21.064784890040755, 0),
                                                                       ('e2ea7ce8-788d-4d90-9ac2-8b1b4c40ac7a', 63.325432245619595, 1),
                                                                       ('e2ea7ce8-788d-4d90-9ac2-8b1b4c40ac7a', 2.287717256695032, 2),
                                                                       ('e2ea7ce8-788d-4d90-9ac2-8b1b4c40ac7a', 90.82317878492177, 3),
                                                                       ('b50e8815-2ad3-4d91-9796-5905cb229336', 36.63815848995, 0),
                                                                       ('b50e8815-2ad3-4d91-9796-5905cb229336', 56.52869038749486, 1),
                                                                       ('b50e8815-2ad3-4d91-9796-5905cb229336', 73.69051869027317, 2),
                                                                       ('b50e8815-2ad3-4d91-9796-5905cb229336', 27.817494422197342, 3),
                                                                       ('04056f5f-9909-4474-a9b9-a2775e63e05d', 87.2082729358226, 0),
                                                                       ('04056f5f-9909-4474-a9b9-a2775e63e05d', 64.58546724170446, 1),
                                                                       ('04056f5f-9909-4474-a9b9-a2775e63e05d', 70.5121462000534, 2),
                                                                       ('04056f5f-9909-4474-a9b9-a2775e63e05d', 43.98071782197803, 3),
                                                                       ('c576b90f-20a7-4296-8a63-6a9b511f768c', 82.12576946243644, 0),
                                                                       ('c576b90f-20a7-4296-8a63-6a9b511f768c', 17.81339324079454, 1),
                                                                       ('c576b90f-20a7-4296-8a63-6a9b511f768c', 13.911180035211146, 2),
                                                                       ('c576b90f-20a7-4296-8a63-6a9b511f768c', 7.295422675088048, 3),
                                                                       ('778e8952-39c0-4ea7-8516-0c0caa1184f8', 21.648862841539085, 0),
                                                                       ('778e8952-39c0-4ea7-8516-0c0caa1184f8', 61.9580848608166, 1),
                                                                       ('778e8952-39c0-4ea7-8516-0c0caa1184f8', 83.02294523455203, 2),
                                                                       ('778e8952-39c0-4ea7-8516-0c0caa1184f8', 75.3258481156081, 3),
                                                                       ('46f74fdc-20cc-430d-9fdf-ecbf010e18c7', 80.29483749996871, 0),
                                                                       ('46f74fdc-20cc-430d-9fdf-ecbf010e18c7', 94.81962865684181, 1),
                                                                       ('46f74fdc-20cc-430d-9fdf-ecbf010e18c7', 65.02703628502786, 2),
                                                                       ('46f74fdc-20cc-430d-9fdf-ecbf010e18c7', 56.4503388479352, 3),
                                                                       ('df566b3a-a19b-4f3e-83a0-ec851fd2bce0', 47.43161438964307, 0),
                                                                       ('df566b3a-a19b-4f3e-83a0-ec851fd2bce0', 83.98235137574375, 1),
                                                                       ('df566b3a-a19b-4f3e-83a0-ec851fd2bce0', 4.948723572306335, 2),
                                                                       ('df566b3a-a19b-4f3e-83a0-ec851fd2bce0', 53.976938128471375, 3),
                                                                       ('033b3fff-c98f-441b-bbdc-0f02da44a89e', 96.34120529517531, 0),
                                                                       ('033b3fff-c98f-441b-bbdc-0f02da44a89e', 71.02202284149826, 1),
                                                                       ('033b3fff-c98f-441b-bbdc-0f02da44a89e', 51.87612322624773, 2),
                                                                       ('033b3fff-c98f-441b-bbdc-0f02da44a89e', 17.1886331634596, 3),
                                                                       ('60b61123-9b27-45d7-afdc-121fbdf1486c', 78.51642107125372, 0),
                                                                       ('60b61123-9b27-45d7-afdc-121fbdf1486c', 10.19606119953096, 1),
                                                                       ('60b61123-9b27-45d7-afdc-121fbdf1486c', 26.27758819144219, 2),
                                                                       ('60b61123-9b27-45d7-afdc-121fbdf1486c', 29.038308560848236, 3),
                                                                       ('1e55cee2-03a0-4c51-b66e-c6ab934a7e3d', 65.86460696998984, 0),
                                                                       ('1e55cee2-03a0-4c51-b66e-c6ab934a7e3d', 24.485302553512156, 1),
                                                                       ('1e55cee2-03a0-4c51-b66e-c6ab934a7e3d', 32.56052024662495, 2),
                                                                       ('1e55cee2-03a0-4c51-b66e-c6ab934a7e3d', 21.042765653692186, 3),
                                                                       ('52f5b710-70fe-4c23-98df-663dba02f852', 45.304822688922286, 0),
                                                                       ('52f5b710-70fe-4c23-98df-663dba02f852', 61.145209171809256, 1),
                                                                       ('52f5b710-70fe-4c23-98df-663dba02f852', 11.194629035890102, 2),
                                                                       ('52f5b710-70fe-4c23-98df-663dba02f852', 12.156732915900648, 3),
                                                                       ('af358c5c-eb10-455f-a139-99129e698b24', 44.67687890864909, 0),
                                                                       ('af358c5c-eb10-455f-a139-99129e698b24', 27.04614852555096, 1),
                                                                       ('af358c5c-eb10-455f-a139-99129e698b24', 21.838088729418814, 2),
                                                                       ('af358c5c-eb10-455f-a139-99129e698b24', 99.24427310470492, 3),
                                                                       ('d22ccf06-f669-48e5-83f9-893ee03cc48f', 91.50115365628153, 0),
                                                                       ('d22ccf06-f669-48e5-83f9-893ee03cc48f', 79.56909958738834, 1),
                                                                       ('d22ccf06-f669-48e5-83f9-893ee03cc48f', 92.14685033075511, 2),
                                                                       ('d22ccf06-f669-48e5-83f9-893ee03cc48f', 24.905722006224096, 3),
                                                                       ('86312593-47e4-4cb3-bff1-0eea4ccd5d84', 70.30296437442303, 0),
                                                                       ('86312593-47e4-4cb3-bff1-0eea4ccd5d84', 65.33514610491693, 1),
                                                                       ('86312593-47e4-4cb3-bff1-0eea4ccd5d84', 13.047243701294065, 2),
                                                                       ('86312593-47e4-4cb3-bff1-0eea4ccd5d84', 40.22135781124234, 3),
                                                                       ('f62aafd9-f58d-4329-9db3-e9b52837aec6', 97.48525887262076, 0),
                                                                       ('f62aafd9-f58d-4329-9db3-e9b52837aec6', 63.47603634931147, 1),
                                                                       ('f62aafd9-f58d-4329-9db3-e9b52837aec6', 41.25239753630012, 2),
                                                                       ('f62aafd9-f58d-4329-9db3-e9b52837aec6', 58.682191953994334, 3),
                                                                       ('38c8773f-3c36-44a6-b8ec-1aa1849f43e5', 80.94452922232449, 0),
                                                                       ('38c8773f-3c36-44a6-b8ec-1aa1849f43e5', 26.12806260585785, 1),
                                                                       ('38c8773f-3c36-44a6-b8ec-1aa1849f43e5', 52.863420406356454, 2),
                                                                       ('38c8773f-3c36-44a6-b8ec-1aa1849f43e5', 49.214434274472296, 3),
                                                                       ('f3a1f52c-ccd9-4210-9414-090d0a86c02f', 17.275200155563653, 0),
                                                                       ('f3a1f52c-ccd9-4210-9414-090d0a86c02f', 18.952165683731437, 1),
                                                                       ('f3a1f52c-ccd9-4210-9414-090d0a86c02f', 85.02730473410338, 2),
                                                                       ('f3a1f52c-ccd9-4210-9414-090d0a86c02f', 79.31629871018231, 3),
                                                                       ('dff035cd-6d7b-4cc4-84f8-a13be03f1c63', 28.99704296141863, 0),
                                                                       ('dff035cd-6d7b-4cc4-84f8-a13be03f1c63', 7.524463790468872, 1),
                                                                       ('dff035cd-6d7b-4cc4-84f8-a13be03f1c63', 45.81675378140062, 2),
                                                                       ('dff035cd-6d7b-4cc4-84f8-a13be03f1c63', 83.74428667593747, 3),
                                                                       ('64624723-6338-4c47-9cf7-e1caab6c4eb9', 1.5584859531372786, 0),
                                                                       ('64624723-6338-4c47-9cf7-e1caab6c4eb9', 49.196873512119055, 1),
                                                                       ('64624723-6338-4c47-9cf7-e1caab6c4eb9', 81.29008400719613, 2),
                                                                       ('64624723-6338-4c47-9cf7-e1caab6c4eb9', 99.82136285398155, 3),
                                                                       ('a6cd4fa1-99e8-43c4-ae95-611a5d245424', 45.817408920265734, 0),
                                                                       ('a6cd4fa1-99e8-43c4-ae95-611a5d245424', 83.51994659751654, 1),
                                                                       ('a6cd4fa1-99e8-43c4-ae95-611a5d245424', 61.12601684872061, 2),
                                                                       ('a6cd4fa1-99e8-43c4-ae95-611a5d245424', 2.3761301999911666, 3),
                                                                       ('abbebb8d-197a-41ad-a055-5b973dcaed71', 3.1182747334241867, 0),
                                                                       ('abbebb8d-197a-41ad-a055-5b973dcaed71', 41.70226510614157, 1),
                                                                       ('abbebb8d-197a-41ad-a055-5b973dcaed71', 80.65635843668133, 2),
                                                                       ('abbebb8d-197a-41ad-a055-5b973dcaed71', 6.180879264138639, 3),
                                                                       ('a129cec8-b7fa-43c3-aec9-b323b59ec1e0', 12.865045689977705, 0),
                                                                       ('a129cec8-b7fa-43c3-aec9-b323b59ec1e0', 46.07501218561083, 1),
                                                                       ('a129cec8-b7fa-43c3-aec9-b323b59ec1e0', 99.68745133373886, 2),
                                                                       ('a129cec8-b7fa-43c3-aec9-b323b59ec1e0', 58.01083957776427, 3),
                                                                       ('d8120d04-f95e-4ae1-afda-8d7d3182ade5', 49.39283600542694, 0),
                                                                       ('d8120d04-f95e-4ae1-afda-8d7d3182ade5', 5.668794154189527, 1),
                                                                       ('d8120d04-f95e-4ae1-afda-8d7d3182ade5', 92.58938287384808, 2),
                                                                       ('d8120d04-f95e-4ae1-afda-8d7d3182ade5', 6.791215995326638, 3),
                                                                       ('7996fa6b-8e77-477a-aa52-8eb7f0dbb192', 70.36190412472934, 0),
                                                                       ('7996fa6b-8e77-477a-aa52-8eb7f0dbb192', 63.74867756385356, 1),
                                                                       ('7996fa6b-8e77-477a-aa52-8eb7f0dbb192', 29.81243678368628, 2),
                                                                       ('7996fa6b-8e77-477a-aa52-8eb7f0dbb192', 46.55291670933366, 3),
                                                                       ('bdfecd87-3e0d-4db7-be68-108395308de8', 5.409295530989766, 0),
                                                                       ('bdfecd87-3e0d-4db7-be68-108395308de8', 27.95956749469042, 1),
                                                                       ('bdfecd87-3e0d-4db7-be68-108395308de8', 67.53412762191147, 2),
                                                                       ('bdfecd87-3e0d-4db7-be68-108395308de8', 56.4133656444028, 3),
                                                                       ('d941e379-672c-4efa-9d46-52cad6fda09c', 85.61310342047364, 0),
                                                                       ('d941e379-672c-4efa-9d46-52cad6fda09c', 67.31048172805458, 1),
                                                                       ('d941e379-672c-4efa-9d46-52cad6fda09c', 38.54992943815887, 2),
                                                                       ('d941e379-672c-4efa-9d46-52cad6fda09c', 93.34550155326724, 3),
                                                                       ('170fdd02-7038-40ea-b85a-dfe2e8ea9826', 39.08161991275847, 0),
                                                                       ('170fdd02-7038-40ea-b85a-dfe2e8ea9826', 86.11876301001757, 1),
                                                                       ('170fdd02-7038-40ea-b85a-dfe2e8ea9826', 73.98053396027535, 2),
                                                                       ('170fdd02-7038-40ea-b85a-dfe2e8ea9826', 30.74506353586912, 3),
                                                                       ('8b3e706c-fecd-4850-bb4f-a218a4c7edd0', 85.25049036834389, 0),
                                                                       ('8b3e706c-fecd-4850-bb4f-a218a4c7edd0', 93.86210252996534, 1),
                                                                       ('8b3e706c-fecd-4850-bb4f-a218a4c7edd0', 31.91546113230288, 2),
                                                                       ('8b3e706c-fecd-4850-bb4f-a218a4c7edd0', 49.61256410460919, 3),
                                                                       ('72e2d463-c516-4124-a637-88dccf516973', 46.006936859339476, 0),
                                                                       ('72e2d463-c516-4124-a637-88dccf516973', 50.66310821566731, 1),
                                                                       ('72e2d463-c516-4124-a637-88dccf516973', 69.47627454064786, 2),
                                                                       ('72e2d463-c516-4124-a637-88dccf516973', 55.48971979878843, 3),
                                                                       ('e2eaa6d1-be92-4795-a65b-9ce6daab5423', 42.37942767795175, 0),
                                                                       ('e2eaa6d1-be92-4795-a65b-9ce6daab5423', 9.71901509910822, 1),
                                                                       ('e2eaa6d1-be92-4795-a65b-9ce6daab5423', 68.89686672948301, 2),
                                                                       ('e2eaa6d1-be92-4795-a65b-9ce6daab5423', 20.934235653840005, 3),
                                                                       ('85229cfe-635a-436e-ae65-f505136aa951', 85.57844222523272, 0),
                                                                       ('85229cfe-635a-436e-ae65-f505136aa951', 29.26228193100542, 1),
                                                                       ('85229cfe-635a-436e-ae65-f505136aa951', 22.162137809209526, 2),
                                                                       ('85229cfe-635a-436e-ae65-f505136aa951', 72.76437908876687, 3),
                                                                       ('673d7f85-8f9b-4e2c-9cbb-17950f1190ca', 27.79532198328525, 0),
                                                                       ('673d7f85-8f9b-4e2c-9cbb-17950f1190ca', 43.04875747766346, 1),
                                                                       ('673d7f85-8f9b-4e2c-9cbb-17950f1190ca', 8.157055196352303, 2),
                                                                       ('673d7f85-8f9b-4e2c-9cbb-17950f1190ca', 22.22605855204165, 3),
                                                                       ('1d119e7f-c682-4e07-ae2c-4ba4123fdb33', 59.72695923410356, 0),
                                                                       ('1d119e7f-c682-4e07-ae2c-4ba4123fdb33', 61.51939290575683, 1),
                                                                       ('1d119e7f-c682-4e07-ae2c-4ba4123fdb33', 65.27940640226007, 2),
                                                                       ('1d119e7f-c682-4e07-ae2c-4ba4123fdb33', 71.82514418382198, 3),
                                                                       ('d2c5b746-4f89-4d8c-976e-9cad88b7206e', 19.330768450163305, 0),
                                                                       ('d2c5b746-4f89-4d8c-976e-9cad88b7206e', 80.75016106013209, 1),
                                                                       ('d2c5b746-4f89-4d8c-976e-9cad88b7206e', 90.66522088833153, 2),
                                                                       ('d2c5b746-4f89-4d8c-976e-9cad88b7206e', 82.11987188551575, 3),
                                                                       ('1d8344b6-7c66-4ab8-b396-45ee26c44424', 65.09884102270007, 0),
                                                                       ('1d8344b6-7c66-4ab8-b396-45ee26c44424', 92.07630879245698, 1),
                                                                       ('1d8344b6-7c66-4ab8-b396-45ee26c44424', 92.68386987969279, 2),
                                                                       ('1d8344b6-7c66-4ab8-b396-45ee26c44424', 94.83592335600406, 3),
                                                                       ('e49b41b7-b535-47cd-a262-f838f0ce87ac', 35.613184375688434, 0),
                                                                       ('e49b41b7-b535-47cd-a262-f838f0ce87ac', 30.654559773392975, 1),
                                                                       ('e49b41b7-b535-47cd-a262-f838f0ce87ac', 16.73579455818981, 2),
                                                                       ('e49b41b7-b535-47cd-a262-f838f0ce87ac', 61.643612617626786, 3),
                                                                       ('e8e03919-549d-44f6-ab41-1af5ce5fd26a', 90.9857849124819, 0),
                                                                       ('e8e03919-549d-44f6-ab41-1af5ce5fd26a', 72.90077025536448, 1),
                                                                       ('e8e03919-549d-44f6-ab41-1af5ce5fd26a', 73.82631371729076, 2),
                                                                       ('e8e03919-549d-44f6-ab41-1af5ce5fd26a', 46.06769902165979, 3),
                                                                       ('770854b6-6e8a-48e6-a34a-b6c4fd9addc9', 76.89014615025371, 0),
                                                                       ('770854b6-6e8a-48e6-a34a-b6c4fd9addc9', 4.206073097884655, 1),
                                                                       ('770854b6-6e8a-48e6-a34a-b6c4fd9addc9', 57.40688447840512, 2),
                                                                       ('770854b6-6e8a-48e6-a34a-b6c4fd9addc9', 32.917791279032826, 3),
                                                                       ('021eca16-1ebb-4094-aa60-2c4331dc048d', 96.33972984738648, 0),
                                                                       ('021eca16-1ebb-4094-aa60-2c4331dc048d', 29.387263441458344, 1),
                                                                       ('021eca16-1ebb-4094-aa60-2c4331dc048d', 71.90711311995983, 2),
                                                                       ('021eca16-1ebb-4094-aa60-2c4331dc048d', 89.88134199753404, 3),
                                                                       ('f7b2f6b3-4f41-43bd-8bd0-0e3845da3dc9', 25.234618480317295, 0),
                                                                       ('f7b2f6b3-4f41-43bd-8bd0-0e3845da3dc9', 61.640611197799444, 1),
                                                                       ('f7b2f6b3-4f41-43bd-8bd0-0e3845da3dc9', 45.0926671968773, 2),
                                                                       ('f7b2f6b3-4f41-43bd-8bd0-0e3845da3dc9', 54.49205220211297, 3),
                                                                       ('6c0928d9-38df-48e0-8de1-90a210162a65', 5.550938146188855, 0),
                                                                       ('6c0928d9-38df-48e0-8de1-90a210162a65', 28.006564360111952, 1),
                                                                       ('6c0928d9-38df-48e0-8de1-90a210162a65', 66.285331081599, 2),
                                                                       ('6c0928d9-38df-48e0-8de1-90a210162a65', 2.742089657112956, 3),
                                                                       ('3b275ff9-3126-4124-8026-14344f057bb5', 63.99488332681358, 0),
                                                                       ('3b275ff9-3126-4124-8026-14344f057bb5', 16.177569678984582, 1),
                                                                       ('3b275ff9-3126-4124-8026-14344f057bb5', 83.7778593879193, 2),
                                                                       ('3b275ff9-3126-4124-8026-14344f057bb5', 33.35904851555824, 3),
                                                                       ('6e1a8c16-0a84-4fb7-8f08-4de3f65fe166', 8.962574880570173, 0),
                                                                       ('6e1a8c16-0a84-4fb7-8f08-4de3f65fe166', 92.87489303387702, 1),
                                                                       ('6e1a8c16-0a84-4fb7-8f08-4de3f65fe166', 16.37936874758452, 2),
                                                                       ('6e1a8c16-0a84-4fb7-8f08-4de3f65fe166', 78.96251564379781, 3),
                                                                       ('f60e82de-7547-4ce9-99ad-8d69c7df9636', 50.24432505015284, 0),
                                                                       ('f60e82de-7547-4ce9-99ad-8d69c7df9636', 93.62382416147739, 1),
                                                                       ('f60e82de-7547-4ce9-99ad-8d69c7df9636', 17.897953488864005, 2),
                                                                       ('f60e82de-7547-4ce9-99ad-8d69c7df9636', 38.373371912166476, 3),
                                                                       ('7b39b5ff-54d5-4390-bd88-cd65bc78b95e', 34.91564099676907, 0),
                                                                       ('7b39b5ff-54d5-4390-bd88-cd65bc78b95e', 57.238228782080114, 1),
                                                                       ('7b39b5ff-54d5-4390-bd88-cd65bc78b95e', 38.79503270145506, 2),
                                                                       ('7b39b5ff-54d5-4390-bd88-cd65bc78b95e', 83.69927499443293, 3),
                                                                       ('3bdde0cc-a4eb-4e04-8df0-21068339bf7a', 97.10543774999678, 0),
                                                                       ('3bdde0cc-a4eb-4e04-8df0-21068339bf7a', 34.588531497865915, 1),
                                                                       ('3bdde0cc-a4eb-4e04-8df0-21068339bf7a', 6.948664179071784, 2),
                                                                       ('3bdde0cc-a4eb-4e04-8df0-21068339bf7a', 81.69091555755585, 3),
                                                                       ('04611c67-883f-4592-986b-805ffeaf5a6b', 29.361273208633065, 0),
                                                                       ('04611c67-883f-4592-986b-805ffeaf5a6b', 68.33702479489148, 1),
                                                                       ('04611c67-883f-4592-986b-805ffeaf5a6b', 28.250284655950963, 2),
                                                                       ('04611c67-883f-4592-986b-805ffeaf5a6b', 31.642974796704948, 3),
                                                                       ('cb40dd82-6053-4ec5-899a-94ad6aa6a976', 3.864812571555376, 0),
                                                                       ('cb40dd82-6053-4ec5-899a-94ad6aa6a976', 97.52524439245462, 1),
                                                                       ('cb40dd82-6053-4ec5-899a-94ad6aa6a976', 34.14746536873281, 2),
                                                                       ('cb40dd82-6053-4ec5-899a-94ad6aa6a976', 28.119870671071112, 3),
                                                                       ('e785832f-82f4-4f42-ac71-a6d63a2667b4', 61.98428699281067, 0),
                                                                       ('e785832f-82f4-4f42-ac71-a6d63a2667b4', 25.140874297358096, 1),
                                                                       ('e785832f-82f4-4f42-ac71-a6d63a2667b4', 52.365435915999115, 2),
                                                                       ('e785832f-82f4-4f42-ac71-a6d63a2667b4', 91.17757186759263, 3);










create table route_stations
(
    route_id       varchar(36)  not null,
    stations       varchar(255) null,
    stations_order int          not null,
    primary key (route_id, stations_order)
)
        engine = InnoDB;
INSERT INTO route_stations (route_id, stations, stations_order) VALUES
                                                                    ('51838db0-8bbb-4c1c-9d43-97d078a84c6b', 'southoma', 0),
                                                                    ('51838db0-8bbb-4c1c-9d43-97d078a84c6b', 'earneststead', 1),
                                                                    ('51838db0-8bbb-4c1c-9d43-97d078a84c6b', 'portmaxie', 2),
                                                                    ('51838db0-8bbb-4c1c-9d43-97d078a84c6b', 'newdurwardfurt', 3),
                                                                    ('4526c3be-4bb9-40ef-b92d-16e2586fb7b7', 'orange', 0),
                                                                    ('4526c3be-4bb9-40ef-b92d-16e2586fb7b7', 'homenickstead', 1),
                                                                    ('4526c3be-4bb9-40ef-b92d-16e2586fb7b7', 'portmaxie', 2),
                                                                    ('4526c3be-4bb9-40ef-b92d-16e2586fb7b7', 'salem', 3),
                                                                    ('4edb971a-5d89-42b3-af72-5e3aa125f426', 'elzatown', 0),
                                                                    ('4edb971a-5d89-42b3-af72-5e3aa125f426', 'laketanyaside', 1),
                                                                    ('4edb971a-5d89-42b3-af72-5e3aa125f426', 'homenickstead', 2),
                                                                    ('4edb971a-5d89-42b3-af72-5e3aa125f426', 'southnellastad', 3),
                                                                    ('43c86db2-857b-479d-b642-e07842d328e8', 'commercecity', 0),
                                                                    ('43c86db2-857b-479d-b642-e07842d328e8', 'westvictoriastad', 1),
                                                                    ('43c86db2-857b-479d-b642-e07842d328e8', 'stehrshire', 2),
                                                                    ('43c86db2-857b-479d-b642-e07842d328e8', 'northwillowstead', 3),
                                                                    ('70297925-f923-421f-b24a-33a708d3603f', 'fortelecta', 0),
                                                                    ('70297925-f923-421f-b24a-33a708d3603f', 'portmaxie', 1),
                                                                    ('70297925-f923-421f-b24a-33a708d3603f', 'pollichshire', 2),
                                                                    ('70297925-f923-421f-b24a-33a708d3603f', 'eastmargiemouth', 3),
                                                                    ('451a212f-1c8e-4670-a6fa-efdc0227f93e', 'fortmalliebury', 0),
                                                                    ('451a212f-1c8e-4670-a6fa-efdc0227f93e', 'porterville', 1),
                                                                    ('451a212f-1c8e-4670-a6fa-efdc0227f93e', 'laketanyaside', 2),
                                                                    ('451a212f-1c8e-4670-a6fa-efdc0227f93e', 'ashleefurt', 3),
                                                                    ('22500c01-19cc-4964-8b27-5802d3986cef', 'lakegiovannaboro', 0),
                                                                    ('22500c01-19cc-4964-8b27-5802d3986cef', 'fortskylar', 1),
                                                                    ('22500c01-19cc-4964-8b27-5802d3986cef', 'lakehavasucity', 2),
                                                                    ('22500c01-19cc-4964-8b27-5802d3986cef', 'severn', 3),
                                                                    ('21382251-fb04-4dd3-8a61-c5db075b2626', 'rogerburgh', 0),
                                                                    ('21382251-fb04-4dd3-8a61-c5db075b2626', 'portjay', 1),
                                                                    ('21382251-fb04-4dd3-8a61-c5db075b2626', 'laketanyaside', 2),
                                                                    ('21382251-fb04-4dd3-8a61-c5db075b2626', 'northviolet', 3),
                                                                    ('36249996-0889-4e56-8114-1e3294dd193b', 'ernserfield', 0),
                                                                    ('36249996-0889-4e56-8114-1e3294dd193b', 'penelopefurt', 1),
                                                                    ('36249996-0889-4e56-8114-1e3294dd193b', 'northjillian', 2),
                                                                    ('36249996-0889-4e56-8114-1e3294dd193b', 'eastwhitneyport', 3),
                                                                    ('9450f5d6-4814-4b62-81e9-93ca8bd98eb6', 'portaurore', 0),
                                                                    ('9450f5d6-4814-4b62-81e9-93ca8bd98eb6', 'pollichshire', 1),
                                                                    ('9450f5d6-4814-4b62-81e9-93ca8bd98eb6', 'northaubree', 2),
                                                                    ('9450f5d6-4814-4b62-81e9-93ca8bd98eb6', 'southroslyn', 3),
                                                                    ('43919e2f-959d-4a96-a988-cb7b15e551bf', 'brownstad', 0),
                                                                    ('43919e2f-959d-4a96-a988-cb7b15e551bf', 'earneststead', 1),
                                                                    ('43919e2f-959d-4a96-a988-cb7b15e551bf', 'koeppstead', 2),
                                                                    ('43919e2f-959d-4a96-a988-cb7b15e551bf', 'northlilaborough', 3),
                                                                    ('b0aa5ee4-ae76-40af-af0b-887a8af941b1', 'lennyhaven', 0),
                                                                    ('b0aa5ee4-ae76-40af-af0b-887a8af941b1', 'pleasanton', 1),
                                                                    ('b0aa5ee4-ae76-40af-af0b-887a8af941b1', 'domenicfield', 2),
                                                                    ('b0aa5ee4-ae76-40af-af0b-887a8af941b1', 'spokanevalley', 3),
                                                                    ('1e4c76fb-9c44-4d5a-b610-63586ad95d22', 'huelstead', 0),
                                                                    ('1e4c76fb-9c44-4d5a-b610-63586ad95d22', 'baumbachland', 1),
                                                                    ('1e4c76fb-9c44-4d5a-b610-63586ad95d22', 'newobie', 2),
                                                                    ('1e4c76fb-9c44-4d5a-b610-63586ad95d22', 'westcleo', 3),
                                                                    ('ae3ed5bb-896a-4788-9b5d-c8499e7e5a9f', 'carsoncity', 0),
                                                                    ('ae3ed5bb-896a-4788-9b5d-c8499e7e5a9f', 'stehrshire', 1),
                                                                    ('ae3ed5bb-896a-4788-9b5d-c8499e7e5a9f', 'skilesland', 2),
                                                                    ('ae3ed5bb-896a-4788-9b5d-c8499e7e5a9f', 'dorriscester', 3),
                                                                    ('b23c127b-6e77-4390-966e-34a176673767', 'oaklawn', 0),
                                                                    ('b23c127b-6e77-4390-966e-34a176673767', 'carlsbad', 1),
                                                                    ('b23c127b-6e77-4390-966e-34a176673767', 'southjocelyn', 2),
                                                                    ('b23c127b-6e77-4390-966e-34a176673767', 'ziemeboro', 3),
                                                                    ('47a9bce2-b588-4f24-9127-4f8d128992eb', 'bogisichbury', 0),
                                                                    ('47a9bce2-b588-4f24-9127-4f8d128992eb', 'burke', 1),
                                                                    ('47a9bce2-b588-4f24-9127-4f8d128992eb', 'fortskylar', 2),
                                                                    ('47a9bce2-b588-4f24-9127-4f8d128992eb', 'kutchmouth', 3),
                                                                    ('d8554f7a-b86b-4169-bcdd-268421c27393', 'fullerton', 0),
                                                                    ('d8554f7a-b86b-4169-bcdd-268421c27393', 'carlsbad', 1),
                                                                    ('d8554f7a-b86b-4169-bcdd-268421c27393', 'burke', 2),
                                                                    ('d8554f7a-b86b-4169-bcdd-268421c27393', 'stiedemannview', 3),
                                                                    ('b51f2f8f-cc24-4450-8178-e7724432ebfc', 'lenniechester', 0),
                                                                    ('b51f2f8f-cc24-4450-8178-e7724432ebfc', 'southzelma', 1),
                                                                    ('b51f2f8f-cc24-4450-8178-e7724432ebfc', 'ettieville', 2),
                                                                    ('b51f2f8f-cc24-4450-8178-e7724432ebfc', 'jakubowskiville', 3),
                                                                    ('8e11f946-d68b-4aed-884d-d5730cafbde2', 'lakemabelle', 0),
                                                                    ('8e11f946-d68b-4aed-884d-d5730cafbde2', 'cummingsmouth', 1),
                                                                    ('8e11f946-d68b-4aed-884d-d5730cafbde2', 'kesslerstad', 2),
                                                                    ('8e11f946-d68b-4aed-884d-d5730cafbde2', 'easttracefurt', 3),
                                                                    ('8d7f1709-fb82-492e-bda9-999ec1ea8851', 'bellgardens', 0),
                                                                    ('8d7f1709-fb82-492e-bda9-999ec1ea8851', 'palatine', 1),
                                                                    ('8d7f1709-fb82-492e-bda9-999ec1ea8851', 'lakehardytown', 2),
                                                                    ('8d7f1709-fb82-492e-bda9-999ec1ea8851', 'newbrunswick', 3),
                                                                    ('ced93ff4-a510-4dab-9d5b-19746afbc0db', 'northport', 0),
                                                                    ('ced93ff4-a510-4dab-9d5b-19746afbc0db', 'williamsonstead', 1),
                                                                    ('ced93ff4-a510-4dab-9d5b-19746afbc0db', 'huldastead', 2),
                                                                    ('ced93ff4-a510-4dab-9d5b-19746afbc0db', 'lakehildaton', 3),
                                                                    ('20be514a-081d-4d86-858d-4b8713f42a1d', 'hegmannview', 0),
                                                                    ('20be514a-081d-4d86-858d-4b8713f42a1d', 'westmariano', 1),
                                                                    ('20be514a-081d-4d86-858d-4b8713f42a1d', 'taylor', 2),
                                                                    ('20be514a-081d-4d86-858d-4b8713f42a1d', 'fortcathychester', 3),
                                                                    ('535d61d1-0987-48f0-9307-1a93895d2b12', 'glenview', 0),
                                                                    ('535d61d1-0987-48f0-9307-1a93895d2b12', 'taylor', 1),
                                                                    ('535d61d1-0987-48f0-9307-1a93895d2b12', 'porterville', 2),
                                                                    ('535d61d1-0987-48f0-9307-1a93895d2b12', 'angelton', 3),
                                                                    ('75d7983b-1542-4efa-b4ac-0af62d3699d9', 'northkeirahaven', 0),
                                                                    ('75d7983b-1542-4efa-b4ac-0af62d3699d9', 'laketanyaside', 1),
                                                                    ('75d7983b-1542-4efa-b4ac-0af62d3699d9', 'portestelletown', 2),
                                                                    ('75d7983b-1542-4efa-b4ac-0af62d3699d9', 'jeffereystad', 3),
                                                                    ('f0f9c9da-3309-489f-91f1-b5896b940c2b', 'chaunceyboro', 0),
                                                                    ('f0f9c9da-3309-489f-91f1-b5896b940c2b', 'taylor', 1),
                                                                    ('f0f9c9da-3309-489f-91f1-b5896b940c2b', 'skilesland', 2),
                                                                    ('f0f9c9da-3309-489f-91f1-b5896b940c2b', 'stammberg', 3),
                                                                    ('d8ce26b9-2705-49af-b371-7049409eadb4', 'westfeliciastad', 0),
                                                                    ('d8ce26b9-2705-49af-b371-7049409eadb4', 'saltlakecity', 1),
                                                                    ('d8ce26b9-2705-49af-b371-7049409eadb4', 'porterville', 2),
                                                                    ('d8ce26b9-2705-49af-b371-7049409eadb4', 'eastrickyhaven', 3),
                                                                    ('bbdec238-e1d4-413e-a921-d38b6c9c89e5', 'porthollis', 0),
                                                                    ('bbdec238-e1d4-413e-a921-d38b6c9c89e5', 'penelopefurt', 1),
                                                                    ('bbdec238-e1d4-413e-a921-d38b6c9c89e5', 'strosinland', 2),
                                                                    ('bbdec238-e1d4-413e-a921-d38b6c9c89e5', 'newhaven', 3),
                                                                    ('5fd85c95-bf9f-4254-a542-fcb09bd7a39b', 'westcaylahaven', 0),
                                                                    ('5fd85c95-bf9f-4254-a542-fcb09bd7a39b', 'sawaynhaven', 1),
                                                                    ('5fd85c95-bf9f-4254-a542-fcb09bd7a39b', 'saltlakecity', 2),
                                                                    ('5fd85c95-bf9f-4254-a542-fcb09bd7a39b', 'fortvernice', 3),
                                                                    ('8b700aaf-3e69-4794-ae2c-262ce599aa8f', 'rauburgh', 0),
                                                                    ('8b700aaf-3e69-4794-ae2c-262ce599aa8f', 'koeppstead', 1),
                                                                    ('8b700aaf-3e69-4794-ae2c-262ce599aa8f', 'palatine', 2),
                                                                    ('8b700aaf-3e69-4794-ae2c-262ce599aa8f', 'denton', 3),
                                                                    ('bea779e0-ee1f-4f38-b9fc-30a0d27282e5', 'kiehnshire', 0),
                                                                    ('bea779e0-ee1f-4f38-b9fc-30a0d27282e5', 'littlebury', 1),
                                                                    ('bea779e0-ee1f-4f38-b9fc-30a0d27282e5', 'newobie', 2),
                                                                    ('bea779e0-ee1f-4f38-b9fc-30a0d27282e5', 'hoover', 3),
                                                                    ('e349d938-cc88-4bc9-8e0a-04f95301fcb2', 'newrebeca', 0),
                                                                    ('e349d938-cc88-4bc9-8e0a-04f95301fcb2', 'cummingsmouth', 1),
                                                                    ('e349d938-cc88-4bc9-8e0a-04f95301fcb2', 'lakeanibalport', 2),
                                                                    ('e349d938-cc88-4bc9-8e0a-04f95301fcb2', 'shanahanfield', 3),
                                                                    ('bd7fe896-1c25-47a5-8eb5-8d369b55f380', 'jaclynshire', 0),
                                                                    ('bd7fe896-1c25-47a5-8eb5-8d369b55f380', 'southalecborough', 1),
                                                                    ('bd7fe896-1c25-47a5-8eb5-8d369b55f380', 'sawaynhaven', 2),
                                                                    ('bd7fe896-1c25-47a5-8eb5-8d369b55f380', 'southkarastad', 3),
                                                                    ('a58e810a-9d63-4b40-8a37-a14eb40c6ab0', 'bedford', 0),
                                                                    ('a58e810a-9d63-4b40-8a37-a14eb40c6ab0', 'eastjose', 1),
                                                                    ('a58e810a-9d63-4b40-8a37-a14eb40c6ab0', 'southjocelyn', 2),
                                                                    ('a58e810a-9d63-4b40-8a37-a14eb40c6ab0', 'grapevine', 3),
                                                                    ('252c82b8-11ea-4aa3-83a0-e5cc16d943b0', 'southmaryamberg', 0),
                                                                    ('252c82b8-11ea-4aa3-83a0-e5cc16d943b0', 'lakehavasucity', 1),
                                                                    ('252c82b8-11ea-4aa3-83a0-e5cc16d943b0', 'laketanyaside', 2),
                                                                    ('252c82b8-11ea-4aa3-83a0-e5cc16d943b0', 'westmichel', 3),
                                                                    ('2460c8d3-88ec-4672-a098-cda57c84e792', 'lakerobert', 0),
                                                                    ('2460c8d3-88ec-4672-a098-cda57c84e792', 'lakeicieside', 1),
                                                                    ('2460c8d3-88ec-4672-a098-cda57c84e792', 'northmae', 2),
                                                                    ('2460c8d3-88ec-4672-a098-cda57c84e792', 'lacyberg', 3),
                                                                    ('ceb8981e-80e6-476b-89dc-68f24175b887', 'huntingtonbeach', 0),
                                                                    ('ceb8981e-80e6-476b-89dc-68f24175b887', 'palatine', 1),
                                                                    ('ceb8981e-80e6-476b-89dc-68f24175b887', 'o''reillybury', 2),
                                                                    ('ceb8981e-80e6-476b-89dc-68f24175b887', 'southkimberlyfield', 3),
                                                                    ('4c301d52-7b1c-463a-8009-f00a6113573e', 'westglen', 0),
                                                                    ('4c301d52-7b1c-463a-8009-f00a6113573e', 'carlsbad', 1),
                                                                    ('4c301d52-7b1c-463a-8009-f00a6113573e', 'minervaland', 2),
                                                                    ('4c301d52-7b1c-463a-8009-f00a6113573e', 'eastjohathan', 3),
                                                                    ('293e660c-f36b-4c8b-906e-8194de2a6213', 'kiehnland', 0),
                                                                    ('293e660c-f36b-4c8b-906e-8194de2a6213', 'weymouthtown', 1),
                                                                    ('293e660c-f36b-4c8b-906e-8194de2a6213', 'delphiaview', 2),
                                                                    ('293e660c-f36b-4c8b-906e-8194de2a6213', 'beckerberg', 3),
                                                                    ('e1ac9f28-8276-416f-a041-945f3f48740f', 'lakenikolasfurt', 0),
                                                                    ('e1ac9f28-8276-416f-a041-945f3f48740f', 'minervaland', 1),
                                                                    ('e1ac9f28-8276-416f-a041-945f3f48740f', 'ferryland', 2),
                                                                    ('e1ac9f28-8276-416f-a041-945f3f48740f', 'fortrita', 3),
                                                                    ('7395cfea-54fd-4f1c-b1de-e9c06da2a6c3', 'westelisabethfort', 0),
                                                                    ('7395cfea-54fd-4f1c-b1de-e9c06da2a6c3', 'portmaxie', 1),
                                                                    ('7395cfea-54fd-4f1c-b1de-e9c06da2a6c3', 'westnathenstead', 2),
                                                                    ('7395cfea-54fd-4f1c-b1de-e9c06da2a6c3', 'conroyworth', 3),
                                                                    ('921c378e-477e-496f-92a6-87e898e4ce9a', 'ethylcester', 0),
                                                                    ('921c378e-477e-496f-92a6-87e898e4ce9a', 'lakeanibalport', 1),
                                                                    ('921c378e-477e-496f-92a6-87e898e4ce9a', 'pleasanton', 2),
                                                                    ('921c378e-477e-496f-92a6-87e898e4ce9a', 'franeckiberg', 3),
                                                                    ('02eb053b-9039-4b74-b0cf-59da669408bd', 'newlaron', 0),
                                                                    ('02eb053b-9039-4b74-b0cf-59da669408bd', 'gresham', 1),
                                                                    ('02eb053b-9039-4b74-b0cf-59da669408bd', 'parisianberg', 2),
                                                                    ('02eb053b-9039-4b74-b0cf-59da669408bd', 'mansfield', 3),
                                                                    ('16354aaf-45b2-4d48-bbe7-04536ff5e0ab', 'kirkfurt', 0),
                                                                    ('16354aaf-45b2-4d48-bbe7-04536ff5e0ab', 'lakehardytown', 1),
                                                                    ('16354aaf-45b2-4d48-bbe7-04536ff5e0ab', 'baumbachland', 2),
                                                                    ('16354aaf-45b2-4d48-bbe7-04536ff5e0ab', 'oletaton', 3),
                                                                    ('5df4df06-61c2-4fda-9aea-af1ee0cd8481', 'ryannhaven', 0),
                                                                    ('5df4df06-61c2-4fda-9aea-af1ee0cd8481', 'danville', 1),
                                                                    ('5df4df06-61c2-4fda-9aea-af1ee0cd8481', 'newzoilamouth', 2),
                                                                    ('5df4df06-61c2-4fda-9aea-af1ee0cd8481', 'tamiabury', 3),
                                                                    ('92f7e175-fa4d-4fe5-ae68-90d5d532845d', 'madietown', 0),
                                                                    ('92f7e175-fa4d-4fe5-ae68-90d5d532845d', 'lakenadiaberg', 1),
                                                                    ('92f7e175-fa4d-4fe5-ae68-90d5d532845d', 'rathtown', 2),
                                                                    ('92f7e175-fa4d-4fe5-ae68-90d5d532845d', 'carterfurt', 3),
                                                                    ('153b6037-7f3f-442e-b44c-52398d529ac9', 'oleport', 0),
                                                                    ('153b6037-7f3f-442e-b44c-52398d529ac9', 'largo', 1),
                                                                    ('153b6037-7f3f-442e-b44c-52398d529ac9', 'southmonica', 2),
                                                                    ('153b6037-7f3f-442e-b44c-52398d529ac9', 'fortblanche', 3),
                                                                    ('ed8fa787-1471-499d-a5fd-0d90e15f8a79', 'vancouver', 0),
                                                                    ('ed8fa787-1471-499d-a5fd-0d90e15f8a79', 'rathtown', 1),
                                                                    ('ed8fa787-1471-499d-a5fd-0d90e15f8a79', 'o''reillyfurt', 2),
                                                                    ('ed8fa787-1471-499d-a5fd-0d90e15f8a79', 'lansing', 3),
                                                                    ('e5a6f3ea-b724-4031-b577-3cf6ec38912f', 'westkelleyworth', 0),
                                                                    ('e5a6f3ea-b724-4031-b577-3cf6ec38912f', 'lee''ssummit', 1),
                                                                    ('e5a6f3ea-b724-4031-b577-3cf6ec38912f', 'sawaynhaven', 2),
                                                                    ('e5a6f3ea-b724-4031-b577-3cf6ec38912f', 'newbernardo', 3),
                                                                    ('d17d0325-28d2-4ab0-841a-69bfc6435a0e', 'prohaskashire', 0),
                                                                    ('d17d0325-28d2-4ab0-841a-69bfc6435a0e', 'stehrshire', 1),
                                                                    ('d17d0325-28d2-4ab0-841a-69bfc6435a0e', 'o''reillyfurt', 2),
                                                                    ('d17d0325-28d2-4ab0-841a-69bfc6435a0e', 'wyattville', 3),
                                                                    ('d6feaf4d-c461-460c-9327-cf56f89daec0', 'hilo', 0),
                                                                    ('d6feaf4d-c461-460c-9327-cf56f89daec0', 'saltlakecity', 1),
                                                                    ('d6feaf4d-c461-460c-9327-cf56f89daec0', 'blandashire', 2),
                                                                    ('d6feaf4d-c461-460c-9327-cf56f89daec0', 'porttiaramouth', 3),
                                                                    ('c5355a39-3cf1-4f47-95b1-d4ece51d7e9e', 'adolphtown', 0),
                                                                    ('c5355a39-3cf1-4f47-95b1-d4ece51d7e9e', 'winnifredport', 1),
                                                                    ('c5355a39-3cf1-4f47-95b1-d4ece51d7e9e', 'ettieville', 2),
                                                                    ('c5355a39-3cf1-4f47-95b1-d4ece51d7e9e', 'portandersonmouth', 3),
                                                                    ('e2ea7ce8-788d-4d90-9ac2-8b1b4c40ac7a', 'arvidchester', 0),
                                                                    ('e2ea7ce8-788d-4d90-9ac2-8b1b4c40ac7a', 'weymouthtown', 1),
                                                                    ('e2ea7ce8-788d-4d90-9ac2-8b1b4c40ac7a', 'northmercedeschester', 2),
                                                                    ('e2ea7ce8-788d-4d90-9ac2-8b1b4c40ac7a', 'haucktown', 3),
                                                                    ('b50e8815-2ad3-4d91-9796-5905cb229336', 'kareemhaven', 0),
                                                                    ('b50e8815-2ad3-4d91-9796-5905cb229336', 'barbarachester', 1),
                                                                    ('b50e8815-2ad3-4d91-9796-5905cb229336', 'westvictoriastad', 2),
                                                                    ('b50e8815-2ad3-4d91-9796-5905cb229336', 'norrisstead', 3),
                                                                    ('04056f5f-9909-4474-a9b9-a2775e63e05d', 'hodkiewiczshire', 0),
                                                                    ('04056f5f-9909-4474-a9b9-a2775e63e05d', 'biloxi', 1),
                                                                    ('04056f5f-9909-4474-a9b9-a2775e63e05d', 'carlsbad', 2),
                                                                    ('04056f5f-9909-4474-a9b9-a2775e63e05d', 'spokane', 3),
                                                                    ('c576b90f-20a7-4296-8a63-6a9b511f768c', 'rosinamouth', 0),
                                                                    ('c576b90f-20a7-4296-8a63-6a9b511f768c', 'baumbachland', 1),
                                                                    ('c576b90f-20a7-4296-8a63-6a9b511f768c', 'stokesstead', 2),
                                                                    ('c576b90f-20a7-4296-8a63-6a9b511f768c', 'jenaborough', 3),
                                                                    ('778e8952-39c0-4ea7-8516-0c0caa1184f8', 'westmelvinaberg', 0),
                                                                    ('778e8952-39c0-4ea7-8516-0c0caa1184f8', 'westmariano', 1),
                                                                    ('778e8952-39c0-4ea7-8516-0c0caa1184f8', 'escondido', 2),
                                                                    ('778e8952-39c0-4ea7-8516-0c0caa1184f8', 'collintown', 3),
                                                                    ('46f74fdc-20cc-430d-9fdf-ecbf010e18c7', 'mellieside', 0),
                                                                    ('46f74fdc-20cc-430d-9fdf-ecbf010e18c7', 'northtayaborough', 1),
                                                                    ('46f74fdc-20cc-430d-9fdf-ecbf010e18c7', 'st.clairshores', 2),
                                                                    ('46f74fdc-20cc-430d-9fdf-ecbf010e18c7', 'rosecester', 3),
                                                                    ('df566b3a-a19b-4f3e-83a0-ec851fd2bce0', 'florence-graham', 0),
                                                                    ('df566b3a-a19b-4f3e-83a0-ec851fd2bce0', 'herzogfort', 1),
                                                                    ('df566b3a-a19b-4f3e-83a0-ec851fd2bce0', 'cummingsmouth', 2),
                                                                    ('df566b3a-a19b-4f3e-83a0-ec851fd2bce0', 'eastdanielleside', 3),
                                                                    ('033b3fff-c98f-441b-bbdc-0f02da44a89e', 'jordanboro', 0),
                                                                    ('033b3fff-c98f-441b-bbdc-0f02da44a89e', 'northmercedeschester', 1),
                                                                    ('033b3fff-c98f-441b-bbdc-0f02da44a89e', 'portestelletown', 2),
                                                                    ('033b3fff-c98f-441b-bbdc-0f02da44a89e', 'fortwilford', 3),
                                                                    ('60b61123-9b27-45d7-afdc-121fbdf1486c', 'celestinostad', 0),
                                                                    ('60b61123-9b27-45d7-afdc-121fbdf1486c', 'ferryland', 1),
                                                                    ('60b61123-9b27-45d7-afdc-121fbdf1486c', 'billings', 2),
                                                                    ('60b61123-9b27-45d7-afdc-121fbdf1486c', 'lakedaren', 3),
                                                                    ('1e55cee2-03a0-4c51-b66e-c6ab934a7e3d', 'newcleohaven', 0),
                                                                    ('1e55cee2-03a0-4c51-b66e-c6ab934a7e3d', 'skilesland', 1),
                                                                    ('1e55cee2-03a0-4c51-b66e-c6ab934a7e3d', 'lakehavasucity', 2),
                                                                    ('1e55cee2-03a0-4c51-b66e-c6ab934a7e3d', 'bloomington', 3),
                                                                    ('52f5b710-70fe-4c23-98df-663dba02f852', 'corkeryside', 0),
                                                                    ('52f5b710-70fe-4c23-98df-663dba02f852', 'newzoilamouth', 1),
                                                                    ('52f5b710-70fe-4c23-98df-663dba02f852', 'fortyasminville', 2),
                                                                    ('52f5b710-70fe-4c23-98df-663dba02f852', 'fortcortez', 3),
                                                                    ('af358c5c-eb10-455f-a139-99129e698b24', 'portzetta', 0),
                                                                    ('af358c5c-eb10-455f-a139-99129e698b24', 'southzelma', 1),
                                                                    ('af358c5c-eb10-455f-a139-99129e698b24', 'ernserberg', 2),
                                                                    ('af358c5c-eb10-455f-a139-99129e698b24', 'portgenevieve', 3),
                                                                    ('d22ccf06-f669-48e5-83f9-893ee03cc48f', 'eastodieburgh', 0),
                                                                    ('d22ccf06-f669-48e5-83f9-893ee03cc48f', 'barbarachester', 1),
                                                                    ('d22ccf06-f669-48e5-83f9-893ee03cc48f', 'kingfield', 2),
                                                                    ('d22ccf06-f669-48e5-83f9-893ee03cc48f', 'lakecristal', 3),
                                                                    ('86312593-47e4-4cb3-bff1-0eea4ccd5d84', 'portjenaton', 0),
                                                                    ('86312593-47e4-4cb3-bff1-0eea4ccd5d84', 'delphiaview', 1),
                                                                    ('86312593-47e4-4cb3-bff1-0eea4ccd5d84', 'homenickstead', 2),
                                                                    ('86312593-47e4-4cb3-bff1-0eea4ccd5d84', 'roanoke', 3),
                                                                    ('f62aafd9-f58d-4329-9db3-e9b52837aec6', 'westmadison', 0),
                                                                    ('f62aafd9-f58d-4329-9db3-e9b52837aec6', 'winnifredport', 1),
                                                                    ('f62aafd9-f58d-4329-9db3-e9b52837aec6', 'williamsonstead', 2),
                                                                    ('f62aafd9-f58d-4329-9db3-e9b52837aec6', 'gleichnerburgh', 3),
                                                                    ('38c8773f-3c36-44a6-b8ec-1aa1849f43e5', 'ondrickaworth', 0),
                                                                    ('38c8773f-3c36-44a6-b8ec-1aa1849f43e5', 'newabdullahbury', 1),
                                                                    ('38c8773f-3c36-44a6-b8ec-1aa1849f43e5', 'burke', 2),
                                                                    ('38c8773f-3c36-44a6-b8ec-1aa1849f43e5', 'southsim', 3),
                                                                    ('f3a1f52c-ccd9-4210-9414-090d0a86c02f', 'fresno', 0),
                                                                    ('f3a1f52c-ccd9-4210-9414-090d0a86c02f', 'carlsbad', 1),
                                                                    ('f3a1f52c-ccd9-4210-9414-090d0a86c02f', 'ettieville', 2),
                                                                    ('f3a1f52c-ccd9-4210-9414-090d0a86c02f', 'southbraxtonshire', 3),
                                                                    ('dff035cd-6d7b-4cc4-84f8-a13be03f1c63', 'harlingen', 0),
                                                                    ('dff035cd-6d7b-4cc4-84f8-a13be03f1c63', 'newobie', 1),
                                                                    ('dff035cd-6d7b-4cc4-84f8-a13be03f1c63', 'o''reillyfurt', 2),
                                                                    ('dff035cd-6d7b-4cc4-84f8-a13be03f1c63', 'southdiannastead', 3),
                                                                    ('64624723-6338-4c47-9cf7-e1caab6c4eb9', 'northcoryview', 0),
                                                                    ('64624723-6338-4c47-9cf7-e1caab6c4eb9', 'littlebury', 1),
                                                                    ('64624723-6338-4c47-9cf7-e1caab6c4eb9', 'kesslerstad', 2),
                                                                    ('64624723-6338-4c47-9cf7-e1caab6c4eb9', 'amiyastad', 3),
                                                                    ('a6cd4fa1-99e8-43c4-ae95-611a5d245424', 'fortlucienneside', 0),
                                                                    ('a6cd4fa1-99e8-43c4-ae95-611a5d245424', 'palatine', 1),
                                                                    ('a6cd4fa1-99e8-43c4-ae95-611a5d245424', 'estrellaburgh', 2),
                                                                    ('a6cd4fa1-99e8-43c4-ae95-611a5d245424', 'portadelle', 3),
                                                                    ('abbebb8d-197a-41ad-a055-5b973dcaed71', 'newralphton', 0),
                                                                    ('abbebb8d-197a-41ad-a055-5b973dcaed71', 'southmonica', 1),
                                                                    ('abbebb8d-197a-41ad-a055-5b973dcaed71', 'northmae', 2),
                                                                    ('abbebb8d-197a-41ad-a055-5b973dcaed71', 'lauderhill', 3),
                                                                    ('a129cec8-b7fa-43c3-aec9-b323b59ec1e0', 'rennerstead', 0),
                                                                    ('a129cec8-b7fa-43c3-aec9-b323b59ec1e0', 'pleasanton', 1),
                                                                    ('a129cec8-b7fa-43c3-aec9-b323b59ec1e0', 'largo', 2),
                                                                    ('a129cec8-b7fa-43c3-aec9-b323b59ec1e0', 'mortonburgh', 3),
                                                                    ('d8120d04-f95e-4ae1-afda-8d7d3182ade5', 'forturbanview', 0),
                                                                    ('d8120d04-f95e-4ae1-afda-8d7d3182ade5', 'southgloriastead', 1),
                                                                    ('d8120d04-f95e-4ae1-afda-8d7d3182ade5', 'skilesland', 2),
                                                                    ('d8120d04-f95e-4ae1-afda-8d7d3182ade5', 'chapelhill', 3),
                                                                    ('7996fa6b-8e77-477a-aa52-8eb7f0dbb192', 'northwellingtonberg', 0),
                                                                    ('7996fa6b-8e77-477a-aa52-8eb7f0dbb192', 'southjocelyn', 1),
                                                                    ('7996fa6b-8e77-477a-aa52-8eb7f0dbb192', 'pleasanton', 2),
                                                                    ('7996fa6b-8e77-477a-aa52-8eb7f0dbb192', 'fortmalinda', 3),
                                                                    ('bdfecd87-3e0d-4db7-be68-108395308de8', 'fayworth', 0),
                                                                    ('bdfecd87-3e0d-4db7-be68-108395308de8', 'o''reillyfurt', 1),
                                                                    ('bdfecd87-3e0d-4db7-be68-108395308de8', 'minervaland', 2),
                                                                    ('bdfecd87-3e0d-4db7-be68-108395308de8', 'jovanychester', 3),
                                                                    ('d941e379-672c-4efa-9d46-52cad6fda09c', 'rockymount', 0),
                                                                    ('d941e379-672c-4efa-9d46-52cad6fda09c', 'ferryland', 1),
                                                                    ('d941e379-672c-4efa-9d46-52cad6fda09c', 'st.clairshores', 2),
                                                                    ('d941e379-672c-4efa-9d46-52cad6fda09c', 'reichertland', 3),
                                                                    ('170fdd02-7038-40ea-b85a-dfe2e8ea9826', 'terrehaute', 0),
                                                                    ('170fdd02-7038-40ea-b85a-dfe2e8ea9826', 'kingfield', 1),
                                                                    ('170fdd02-7038-40ea-b85a-dfe2e8ea9826', 'southerika', 2),
                                                                    ('170fdd02-7038-40ea-b85a-dfe2e8ea9826', 'eastfelicityport', 3),
                                                                    ('8b3e706c-fecd-4850-bb4f-a218a4c7edd0', 'lakekrystina', 0),
                                                                    ('8b3e706c-fecd-4850-bb4f-a218a4c7edd0', 'emelychester', 1),
                                                                    ('8b3e706c-fecd-4850-bb4f-a218a4c7edd0', 'littlebury', 2),
                                                                    ('8b3e706c-fecd-4850-bb4f-a218a4c7edd0', 'lakealden', 3),
                                                                    ('72e2d463-c516-4124-a637-88dccf516973', 'fortdavin', 0),
                                                                    ('72e2d463-c516-4124-a637-88dccf516973', 'escondido', 1),
                                                                    ('72e2d463-c516-4124-a637-88dccf516973', 'stokesstead', 2),
                                                                    ('72e2d463-c516-4124-a637-88dccf516973', 'boscoberg', 3),
                                                                    ('e2eaa6d1-be92-4795-a65b-9ce6daab5423', 'schmidtfurt', 0),
                                                                    ('e2eaa6d1-be92-4795-a65b-9ce6daab5423', 'barbarachester', 1),
                                                                    ('e2eaa6d1-be92-4795-a65b-9ce6daab5423', 'northjillian', 2),
                                                                    ('e2eaa6d1-be92-4795-a65b-9ce6daab5423', 'palmharbor', 3),
                                                                    ('85229cfe-635a-436e-ae65-f505136aa951', 'zulauffurt', 0),
                                                                    ('85229cfe-635a-436e-ae65-f505136aa951', 'eastjose', 1),
                                                                    ('85229cfe-635a-436e-ae65-f505136aa951', 'earneststead', 2),
                                                                    ('85229cfe-635a-436e-ae65-f505136aa951', 'caseyview', 3),
                                                                    ('673d7f85-8f9b-4e2c-9cbb-17950f1190ca', 'yucaipa', 0),
                                                                    ('673d7f85-8f9b-4e2c-9cbb-17950f1190ca', 'fortyasminville', 1),
                                                                    ('673d7f85-8f9b-4e2c-9cbb-17950f1190ca', 'eastrosalindhaven', 2),
                                                                    ('673d7f85-8f9b-4e2c-9cbb-17950f1190ca', 'maudechester', 3),
                                                                    ('1d119e7f-c682-4e07-ae2c-4ba4123fdb33', 'santaana', 0),
                                                                    ('1d119e7f-c682-4e07-ae2c-4ba4123fdb33', 'northjillian', 1),
                                                                    ('1d119e7f-c682-4e07-ae2c-4ba4123fdb33', 'williamsonstead', 2),
                                                                    ('1d119e7f-c682-4e07-ae2c-4ba4123fdb33', 'southchaimton', 3),
                                                                    ('d2c5b746-4f89-4d8c-976e-9cad88b7206e', 'eastcarolynborough', 0),
                                                                    ('d2c5b746-4f89-4d8c-976e-9cad88b7206e', 'pleasanton', 1),
                                                                    ('d2c5b746-4f89-4d8c-976e-9cad88b7206e', 'lakenadiaberg', 2),
                                                                    ('d2c5b746-4f89-4d8c-976e-9cad88b7206e', 'kuhiccester', 3),
                                                                    ('1d8344b6-7c66-4ab8-b396-45ee26c44424', 'portmadisen', 0),
                                                                    ('1d8344b6-7c66-4ab8-b396-45ee26c44424', 'fayetteville', 1),
                                                                    ('1d8344b6-7c66-4ab8-b396-45ee26c44424', 'westnathenstead', 2),
                                                                    ('1d8344b6-7c66-4ab8-b396-45ee26c44424', 'eastjamil', 3),
                                                                    ('e49b41b7-b535-47cd-a262-f838f0ce87ac', 'newselenaburgh', 0),
                                                                    ('e49b41b7-b535-47cd-a262-f838f0ce87ac', 'baumbachland', 1),
                                                                    ('e49b41b7-b535-47cd-a262-f838f0ce87ac', 'ferryland', 2),
                                                                    ('e49b41b7-b535-47cd-a262-f838f0ce87ac', 'willmsfort', 3),
                                                                    ('e8e03919-549d-44f6-ab41-1af5ce5fd26a', 'steuberstad', 0),
                                                                    ('e8e03919-549d-44f6-ab41-1af5ce5fd26a', 'westnathenstead', 1),
                                                                    ('e8e03919-549d-44f6-ab41-1af5ce5fd26a', 'apopka', 2),
                                                                    ('e8e03919-549d-44f6-ab41-1af5ce5fd26a', 'portelliottchester', 3),
                                                                    ('770854b6-6e8a-48e6-a34a-b6c4fd9addc9', 'fortkyra', 0),
                                                                    ('770854b6-6e8a-48e6-a34a-b6c4fd9addc9', 'minervaland', 1),
                                                                    ('770854b6-6e8a-48e6-a34a-b6c4fd9addc9', 'ettieville', 2),
                                                                    ('770854b6-6e8a-48e6-a34a-b6c4fd9addc9', 'southdarius', 3),
                                                                    ('021eca16-1ebb-4094-aa60-2c4331dc048d', 'westgersonville', 0),
                                                                    ('021eca16-1ebb-4094-aa60-2c4331dc048d', 'clevelandheights', 1),
                                                                    ('021eca16-1ebb-4094-aa60-2c4331dc048d', 'weymouthtown', 2),
                                                                    ('021eca16-1ebb-4094-aa60-2c4331dc048d', 'clearwater', 3),
                                                                    ('f7b2f6b3-4f41-43bd-8bd0-0e3845da3dc9', 'newsidneyport', 0),
                                                                    ('f7b2f6b3-4f41-43bd-8bd0-0e3845da3dc9', 'southnora', 1),
                                                                    ('f7b2f6b3-4f41-43bd-8bd0-0e3845da3dc9', 'fayetteville', 2),
                                                                    ('f7b2f6b3-4f41-43bd-8bd0-0e3845da3dc9', 'westdestinstad', 3),
                                                                    ('6c0928d9-38df-48e0-8de1-90a210162a65', 'portcarmel', 0),
                                                                    ('6c0928d9-38df-48e0-8de1-90a210162a65', 'largo', 1),
                                                                    ('6c0928d9-38df-48e0-8de1-90a210162a65', 'westmariano', 2),
                                                                    ('6c0928d9-38df-48e0-8de1-90a210162a65', 'westkacie', 3),
                                                                    ('3b275ff9-3126-4124-8026-14344f057bb5', 'selenaberg', 0),
                                                                    ('3b275ff9-3126-4124-8026-14344f057bb5', 'st.louispark', 1),
                                                                    ('3b275ff9-3126-4124-8026-14344f057bb5', 'southjocelyn', 2),
                                                                    ('3b275ff9-3126-4124-8026-14344f057bb5', 'southonaboro', 3),
                                                                    ('6e1a8c16-0a84-4fb7-8f08-4de3f65fe166', 'denesikfurt', 0),
                                                                    ('6e1a8c16-0a84-4fb7-8f08-4de3f65fe166', 'lakeicieside', 1),
                                                                    ('6e1a8c16-0a84-4fb7-8f08-4de3f65fe166', 'southalta', 2),
                                                                    ('6e1a8c16-0a84-4fb7-8f08-4de3f65fe166', 'dundalk', 3),
                                                                    ('f60e82de-7547-4ce9-99ad-8d69c7df9636', 'northvestastead', 0),
                                                                    ('f60e82de-7547-4ce9-99ad-8d69c7df9636', 'biloxi', 1),
                                                                    ('f60e82de-7547-4ce9-99ad-8d69c7df9636', 'hesperia', 2),
                                                                    ('f60e82de-7547-4ce9-99ad-8d69c7df9636', 'westreid', 3),
                                                                    ('7b39b5ff-54d5-4390-bd88-cd65bc78b95e', 'torrance', 0),
                                                                    ('7b39b5ff-54d5-4390-bd88-cd65bc78b95e', 'weymouthtown', 1),
                                                                    ('7b39b5ff-54d5-4390-bd88-cd65bc78b95e', 'st.clairshores', 2),
                                                                    ('7b39b5ff-54d5-4390-bd88-cd65bc78b95e', 'sanfrancisco', 3),
                                                                    ('3bdde0cc-a4eb-4e04-8df0-21068339bf7a', 'westaddisonshire', 0),
                                                                    ('3bdde0cc-a4eb-4e04-8df0-21068339bf7a', 'lakenadiaberg', 1),
                                                                    ('3bdde0cc-a4eb-4e04-8df0-21068339bf7a', 'huldastead', 2),
                                                                    ('3bdde0cc-a4eb-4e04-8df0-21068339bf7a', 'northcoryshire', 3),
                                                                    ('04611c67-883f-4592-986b-805ffeaf5a6b', 'edaborough', 0),
                                                                    ('04611c67-883f-4592-986b-805ffeaf5a6b', 'o''reillyfurt', 1),
                                                                    ('04611c67-883f-4592-986b-805ffeaf5a6b', 'escondido', 2),
                                                                    ('04611c67-883f-4592-986b-805ffeaf5a6b', 'hintzville', 3),
                                                                    ('cb40dd82-6053-4ec5-899a-94ad6aa6a976', 'aidaport', 0),
                                                                    ('cb40dd82-6053-4ec5-899a-94ad6aa6a976', 'carlsbad', 1),
                                                                    ('cb40dd82-6053-4ec5-899a-94ad6aa6a976', 'danville', 2),
                                                                    ('cb40dd82-6053-4ec5-899a-94ad6aa6a976', 'flossieland', 3),
                                                                    ('e785832f-82f4-4f42-ac71-a6d63a2667b4', 'fortcolten', 0),
                                                                    ('e785832f-82f4-4f42-ac71-a6d63a2667b4', 'oceaneside', 1),
                                                                    ('e785832f-82f4-4f42-ac71-a6d63a2667b4', 'largo', 2),
                                                                    ('e785832f-82f4-4f42-ac71-a6d63a2667b4', 'portpercy', 3);


























